    // 'А' (U+0410), left=0, advance=12
    {
          0,   0,   0,   0,   0,   0,   0,   0,   0,   0,   0,   0,   0,
          0,   0,   0,   0,   0,   0,   0,   0,   0,   0,   0,   0,   0,
          0,   0,   0,   0,   0,   0,   0,   0,   0,   0,   0,   0,   0,
          0,   0,   0,   0,   0,   0,   0,   0,   0,   0,   0,   0,   0,
          0,   0,   0,   0,   0,   0,   0,   0,   0,   0,   0,   0,   0,
          0,   0,   0,   0,   0,   0,   0,   0,   0,   0,   0,   0,   0,
          0,   0,   0,   0,   0,   0,   0,   0,   0,   0,   0,   0,   0,
          0,   0,   0,   0,  83, 255, 255,  93,   0,   0,   0,   0,   0,
          0,   0,   0,   0, 159, 255, 255, 170,   0,   0,   0,   0,   0,
          0,   0,   0,   1, 232, 219, 212, 241,   5,   0,   0,   0,   0,
          0,   0,   0,  55, 255, 154, 147, 255,  66,   0,   0,   0,   0,
          0,   0,   0, 132, 255,  88,  81, 255, 143,   0,   0,   0,   0,
          0,   0,   0, 208, 255,  23,  17, 253, 219,   0,   0,   0,   0,
          0,   0,  28, 255, 213,   0,   0, 206, 255,  39,   0,   0,   0,
          0,   0, 104, 255, 147,   0,   0, 140, 255, 115,   0,   0,   0,
          0,   0, 181, 255,  82,   0,   0,  75, 255, 192,   0,   0,   0,
          0,   9, 246, 254,  18,   0,   0,  13, 251, 251,  16,   0,   0,
          0,  77, 255, 255, 255, 255, 255, 255, 255, 255,  88,   0,   0,
          0, 153, 255, 255, 255, 255, 255, 255, 255, 255, 164,   0,   0,
          0, 228, 255,  70,   0,   0,   0,   0,  67, 255, 237,   3,   0,
         50, 255, 233,   3,   0,   0,   0,   0,   2, 228, 255,  61,   0,
        126, 255, 148,   0,   0,   0,   0,   0,   0, 138, 255, 137,   0,
          0,   0,   0,   0,   0,   0,   0,   0,   0,   0,   0,   0,   0,
          0,   0,   0,   0,   0,   0,   0,   0,   0,   0,   0,   0,   0,
          0,   0,   0,   0,   0,   0,   0,   0,   0,   0,   0,   0,   0,
          0,   0,   0,   0,   0,   0,   0,   0,   0,   0,   0,   0,   0,
    },
    // 'Б' (U+0411), left=1, advance=12
    {
          0,   0,   0,   0,   0,   0,   0,   0,   0,   0,   0,   0,   0,
          0,   0,   0,   0,   0,   0,   0,   0,   0,   0,   0,   0,   0,
          0,   0,   0,   0,   0,   0,   0,   0,   0,   0,   0,   0,   0,
          0,   0,   0,   0,   0,   0,   0,   0,   0,   0,   0,   0,   0,
          0,   0,   0,   0,   0,   0,   0,   0,   0,   0,   0,   0,   0,
          0,   0,   0,   0,   0,   0,   0,   0,   0,   0,   0,   0,   0,
          0,   0,   0,   0,   0,   0,   0,   0,   0,   0,   0,   0,   0,
          0,  96, 255, 255, 255, 255, 255, 255, 255, 255, 112,   0,   0,
          0,  96, 255, 255, 255, 255, 255, 255, 255, 255, 112,   0,   0,
          0,  96, 255, 156,   0,   0,   0,   0,   0,   0,   0,   0,   0,
          0,  96, 255, 156,   0,   0,   0,   0,   0,   0,   0,   0,   0,
          0,  96, 255, 156,   0,   0,   0,   0,   0,   0,   0,   0,   0,
          0,  96, 255, 156,   0,   0,   0,   0,   0,   0,   0,   0,   0,
          0,  96, 255, 255, 255, 255, 238, 205, 134,  24,   0,   0,   0,
          0,  96, 255, 255, 255, 255, 255, 255, 255, 238,  42,   0,   0,
          0,  96, 255, 156,   0,   0,  16,  63, 203, 255, 183,   0,   0,
          0,  96, 255, 156,   0,   0,   0,   0,  28, 255, 250,   2,   0,
          0,  96, 255, 156,   0,   0,   0,   0,   0, 235, 255,  20,   0,
          0,  96, 255, 156,   0,   0,   0,   0,  16, 253, 255,  11,   0,
          0,  96, 255, 156,   0,   0,  13,  52, 185, 255, 204,   0,   0,
          0,  96, 255, 255, 255, 255, 255, 255, 255, 247,  61,   0,   0,
          0,  96, 255, 255, 255, 255, 249, 221, 157,  41,   0,   0,   0,
          0,   0,   0,   0,   0,   0,   0,   0,   0,   0,   0,   0,   0,
          0,   0,   0,   0,   0,   0,   0,   0,   0,   0,   0,   0,   0,
          0,   0,   0,   0,   0,   0,   0,   0,   0,   0,   0,   0,   0,
          0,   0,   0,   0,   0,   0,   0,   0,   0,   0,   0,   0,   0,
    },
    // 'В' (U+0412), left=1, advance=12
    {
          0,   0,   0,   0,   0,   0,   0,   0,   0,   0,   0,   0,   0,
          0,   0,   0,   0,   0,   0,   0,   0,   0,   0,   0,   0,   0,
          0,   0,   0,   0,   0,   0,   0,   0,   0,   0,   0,   0,   0,
          0,   0,   0,   0,   0,   0,   0,   0,   0,   0,   0,   0,   0,
          0,   0,   0,   0,   0,   0,   0,   0,   0,   0,   0,   0,   0,
          0,   0,   0,   0,   0,   0,   0,   0,   0,   0,   0,   0,   0,
          0,   0,   0,   0,   0,   0,   0,   0,   0,   0,   0,   0,   0,
          0,  96, 255, 255, 255, 255, 247, 213, 129,  11,   0,   0,   0,
          0,  96, 255, 255, 255, 255, 255, 255, 255, 203,   6,   0,   0,
          0,  96, 255, 156,   0,   0,  14,  67, 228, 255,  96,   0,   0,
          0,  96, 255, 156,   0,   0,   0,   0, 119, 255, 143,   0,   0,
          0,  96, 255, 156,   0,   0,   0,   0, 127, 255, 128,   0,   0,
          0,  96, 255, 156,   0,   0,  15,  75, 236, 254,  50,   0,   0,
          0,  96, 255, 255, 255, 255, 255, 255, 208,  83,   0,   0,   0,
          0,  96, 255, 255, 255, 255, 255, 255, 226, 110,   0,   0,   0,
          0,  96, 255, 156,   0,   0,  16,  63, 203, 255, 105,   0,   0,
          0,  96, 255, 156,   0,   0,   0,   0,  28, 255, 226,   0,   0,
          0,  96, 255, 156,   0,   0,   0,   0,   0, 235, 255,  14,   0,
          0,  96, 255, 156,   0,   0,   0,   0,  16, 253, 255,  13,   0,
          0,  96, 255, 156,   0,   0,  13,  52, 185, 255, 209,   0,   0,
          0,  96, 255, 255, 255, 255, 255, 255, 255, 249,  66,   0,   0,
          0,  96, 255, 255, 255, 255, 249, 223, 161,  45,   0,   0,   0,
          0,   0,   0,   0,   0,   0,   0,   0,   0,   0,   0,   0,   0,
          0,   0,   0,   0,   0,   0,   0,   0,   0,   0,   0,   0,   0,
          0,   0,   0,   0,   0,   0,   0,   0,   0,   0,   0,   0,   0,
          0,   0,   0,   0,   0,   0,   0,   0,   0,   0,   0,   0,   0,
    },
    // 'Г' (U+0413), left=2, advance=12
    {
          0,   0,   0,   0,   0,   0,   0,   0,   0,   0,   0,   0,   0,
          0,   0,   0,   0,   0,   0,   0,   0,   0,   0,   0,   0,   0,
          0,   0,   0,   0,   0,   0,   0,   0,   0,   0,   0,   0,   0,
          0,   0,   0,   0,   0,   0,   0,   0,   0,   0,   0,   0,   0,
          0,   0,   0,   0,   0,   0,   0,   0,   0,   0,   0,   0,   0,
          0,   0,   0,   0,   0,   0,   0,   0,   0,   0,   0,   0,   0,
          0,   0,   0,   0,   0,   0,   0,   0,   0,   0,   0,   0,   0,
          0,   0, 232, 255, 255, 255, 255, 255, 255, 255, 255,  32,   0,
          0,   0, 232, 255, 255, 255, 255, 255, 255, 255, 255,  32,   0,
          0,   0, 232, 255,  20,   0,   0,   0,   0,   0,   0,   0,   0,
          0,   0, 232, 255,  20,   0,   0,   0,   0,   0,   0,   0,   0,
          0,   0, 232, 255,  20,   0,   0,   0,   0,   0,   0,   0,   0,
          0,   0, 232, 255,  20,   0,   0,   0,   0,   0,   0,   0,   0,
          0,   0, 232, 255,  20,   0,   0,   0,   0,   0,   0,   0,   0,
          0,   0, 232, 255,  20,   0,   0,   0,   0,   0,   0,   0,   0,
          0,   0, 232, 255,  20,   0,   0,   0,   0,   0,   0,   0,   0,
          0,   0, 232, 255,  20,   0,   0,   0,   0,   0,   0,   0,   0,
          0,   0, 232, 255,  20,   0,   0,   0,   0,   0,   0,   0,   0,
          0,   0, 232, 255,  20,   0,   0,   0,   0,   0,   0,   0,   0,
          0,   0, 232, 255,  20,   0,   0,   0,   0,   0,   0,   0,   0,
          0,   0, 232, 255,  20,   0,   0,   0,   0,   0,   0,   0,   0,
          0,   0, 232, 255,  20,   0,   0,   0,   0,   0,   0,   0,   0,
          0,   0,   0,   0,   0,   0,   0,   0,   0,   0,   0,   0,   0,
          0,   0,   0,   0,   0,   0,   0,   0,   0,   0,   0,   0,   0,
          0,   0,   0,   0,   0,   0,   0,   0,   0,   0,   0,   0,   0,
          0,   0,   0,   0,   0,   0,   0,   0,   0,   0,   0,   0,   0,
    },
    // 'Д' (U+0414), left=0, advance=12
    {
          0,   0,   0,   0,   0,   0,   0,   0,   0,   0,   0,   0,   0,
          0,   0,   0,   0,   0,   0,   0,   0,   0,   0,   0,   0,   0,
          0,   0,   0,   0,   0,   0,   0,   0,   0,   0,   0,   0,   0,
          0,   0,   0,   0,   0,   0,   0,   0,   0,   0,   0,   0,   0,
          0,   0,   0,   0,   0,   0,   0,   0,   0,   0,   0,   0,   0,
          0,   0,   0,   0,   0,   0,   0,   0,   0,   0,   0,   0,   0,
          0,   0,   0,   0,   0,   0,   0,   0,   0,   0,   0,   0,   0,
          0,   0, 200, 255, 255, 255, 255, 255, 255, 255, 136,   0,   0,
          0,   0, 200, 255, 255, 255, 255, 255, 255, 255, 136,   0,   0,
          0,   0, 200, 255,  52,   0,   0,   0, 112, 255, 136,   0,   0,
          0,   0, 200, 255,  52,   0,   0,   0, 112, 255, 136,   0,   0,
          0,   0, 200, 255,  51,   0,   0,   0, 112, 255, 136,   0,   0,
          0,   0, 207, 255,  46,   0,   0,   0, 112, 255, 136,   0,   0,
          0,   0, 214, 255,  38,   0,   0,   0, 112, 255, 136,   0,   0,
          0,   0, 226, 255,  25,   0,   0,   0, 112, 255, 136,   0,   0,
          0,   0, 248, 255,   5,   0,   0,   0, 112, 255, 136,   0,   0,
          0,  15, 255, 239,   0,   0,   0,   0, 112, 255, 136,   0,   0,
          0,  47, 255, 215,   0,   0,   0,   0, 112, 255, 136,   0,   0,
          0,  87, 255, 189,   0,   0,   0,   0, 112, 255, 136,   0,   0,
          0, 155, 255, 164,   0,   0,   0,   0, 112, 255, 136,   0,   0,
        172, 255, 255, 255, 255, 255, 255, 255, 255, 255, 255, 184,   0,
        172, 255, 255, 255, 255, 255, 255, 255, 255, 255, 255, 184,   0,
        172, 252,   0,   0,   0,   0,   0,   0,   0,   0, 240, 184,   0,
        172, 252,   0,   0,   0,   0,   0,   0,   0,   0, 240, 184,   0,
        172, 252,   0,   0,   0,   0,   0,   0,   0,   0, 240, 184,   0,
          0,   0,   0,   0,   0,   0,   0,   0,   0,   0,   0,   0,   0,
    },
    // 'Е' (U+0415), left=1, advance=12
    {
          0,   0,   0,   0,   0,   0,   0,   0,   0,   0,   0,   0,   0,
          0,   0,   0,   0,   0,   0,   0,   0,   0,   0,   0,   0,   0,
          0,   0,   0,   0,   0,   0,   0,   0,   0,   0,   0,   0,   0,
          0,   0,   0,   0,   0,   0,   0,   0,   0,   0,   0,   0,   0,
          0,   0,   0,   0,   0,   0,   0,   0,   0,   0,   0,   0,   0,
          0,   0,   0,   0,   0,   0,   0,   0,   0,   0,   0,   0,   0,
          0,   0,   0,   0,   0,   0,   0,   0,   0,   0,   0,   0,   0,
          0,  20, 255, 255, 255, 255, 255, 255, 255, 255, 148,   0,   0,
          0,  20, 255, 255, 255, 255, 255, 255, 255, 255, 148,   0,   0,
          0,  20, 255, 228,   0,   0,   0,   0,   0,   0,   0,   0,   0,
          0,  20, 255, 228,   0,   0,   0,   0,   0,   0,   0,   0,   0,
          0,  20, 255, 228,   0,   0,   0,   0,   0,   0,   0,   0,   0,
          0,  20, 255, 228,   0,   0,   0,   0,   0,   0,   0,   0,   0,
          0,  20, 255, 255, 255, 255, 255, 255, 255, 255,  72,   0,   0,
          0,  20, 255, 255, 255, 255, 255, 255, 255, 255,  72,   0,   0,
          0,  20, 255, 228,   0,   0,   0,   0,   0,   0,   0,   0,   0,
          0,  20, 255, 228,   0,   0,   0,   0,   0,   0,   0,   0,   0,
          0,  20, 255, 228,   0,   0,   0,   0,   0,   0,   0,   0,   0,
          0,  20, 255, 228,   0,   0,   0,   0,   0,   0,   0,   0,   0,
          0,  20, 255, 228,   0,   0,   0,   0,   0,   0,   0,   0,   0,
          0,  20, 255, 255, 255, 255, 255, 255, 255, 255, 196,   0,   0,
          0,  20, 255, 255, 255, 255, 255, 255, 255, 255, 196,   0,   0,
          0,   0,   0,   0,   0,   0,   0,   0,   0,   0,   0,   0,   0,
          0,   0,   0,   0,   0,   0,   0,   0,   0,   0,   0,   0,   0,
          0,   0,   0,   0,   0,   0,   0,   0,   0,   0,   0,   0,   0,
          0,   0,   0,   0,   0,   0,   0,   0,   0,   0,   0,   0,   0,
    },
    // 'Ё' (U+0401), left=1, advance=12
    {
          0,   0,   0,   0,   0,   0,   0,   0,   0,   0,   0,   0,   0,
          0,   0,   0,   0,   0,   0,   0,   0,   0,   0,   0,   0,   0,
          0,   0,   0,   0,   0,   0,   0,   0,   0,   0,   0,   0,   0,
          0,   0,   0,  88, 255, 164,   0, 132, 255, 120,   0,   0,   0,
          0,   0,   0,  88, 255, 164,   0, 132, 255, 120,   0,   0,   0,
          0,   0,   0,   0,   0,   0,   0,   0,   0,   0,   0,   0,   0,
          0,   0,   0,   0,   0,   0,   0,   0,   0,   0,   0,   0,   0,
          0,  20, 255, 255, 255, 255, 255, 255, 255, 255, 148,   0,   0,
          0,  20, 255, 255, 255, 255, 255, 255, 255, 255, 148,   0,   0,
          0,  20, 255, 228,   0,   0,   0,   0,   0,   0,   0,   0,   0,
          0,  20, 255, 228,   0,   0,   0,   0,   0,   0,   0,   0,   0,
          0,  20, 255, 228,   0,   0,   0,   0,   0,   0,   0,   0,   0,
          0,  20, 255, 228,   0,   0,   0,   0,   0,   0,   0,   0,   0,
          0,  20, 255, 255, 255, 255, 255, 255, 255, 255,  72,   0,   0,
          0,  20, 255, 255, 255, 255, 255, 255, 255, 255,  72,   0,   0,
          0,  20, 255, 228,   0,   0,   0,   0,   0,   0,   0,   0,   0,
          0,  20, 255, 228,   0,   0,   0,   0,   0,   0,   0,   0,   0,
          0,  20, 255, 228,   0,   0,   0,   0,   0,   0,   0,   0,   0,
          0,  20, 255, 228,   0,   0,   0,   0,   0,   0,   0,   0,   0,
          0,  20, 255, 228,   0,   0,   0,   0,   0,   0,   0,   0,   0,
          0,  20, 255, 255, 255, 255, 255, 255, 255, 255, 196,   0,   0,
          0,  20, 255, 255, 255, 255, 255, 255, 255, 255, 196,   0,   0,
          0,   0,   0,   0,   0,   0,   0,   0,   0,   0,   0,   0,   0,
          0,   0,   0,   0,   0,   0,   0,   0,   0,   0,   0,   0,   0,
          0,   0,   0,   0,   0,   0,   0,   0,   0,   0,   0,   0,   0,
          0,   0,   0,   0,   0,   0,   0,   0,   0,   0,   0,   0,   0,
    },
    // 'Ж' (U+0416), left=0, advance=12
    {
          0,   0,   0,   0,   0,   0,   0,   0,   0,   0,   0,   0,   0,
          0,   0,   0,   0,   0,   0,   0,   0,   0,   0,   0,   0,   0,
          0,   0,   0,   0,   0,   0,   0,   0,   0,   0,   0,   0,   0,
          0,   0,   0,   0,   0,   0,   0,   0,   0,   0,   0,   0,   0,
          0,   0,   0,   0,   0,   0,   0,   0,   0,   0,   0,   0,   0,
          0,   0,   0,   0,   0,   0,   0,   0,   0,   0,   0,   0,   0,
          0,   0,   0,   0,   0,   0,   0,   0,   0,   0,   0,   0,   0,
        117, 255, 144,   0,   0, 228, 240,   0,   0, 132, 255, 127,   0,
         14, 240, 245,  21,   0, 228, 240,   0,  12, 238, 245,  19,   0,
          0, 136, 255, 133,   0, 228, 240,   0, 113, 255, 145,   0,   0,
          0,  24, 248, 240,  15, 228, 240,   5, 226, 251,  31,   0,   0,
          0,   0, 155, 255, 122, 228, 240,  95, 255, 163,   0,   0,   0,
          0,   0,  39, 253, 234, 236, 241, 212, 255,  45,   0,   0,   0,
          0,   0,  16, 250, 255, 255, 255, 255, 252,  21,   0,   0,   0,
          0,   0,  95, 255, 255, 255, 255, 255, 255, 102,   0,   0,   0,
          0,   0, 180, 255, 243, 255, 255, 227, 255, 187,   0,   0,   0,
          0,  15, 249, 237,  97, 255, 255,  82, 220, 252,  20,   0,   0,
          0,  94, 255, 155,   3, 238, 244,   2, 135, 255, 101,   0,   0,
          0, 179, 255,  68,   0, 228, 240,   0,  50, 255, 186,   0,   0,
         15, 249, 233,   3,   0, 228, 240,   0,   0, 220, 251,  19,   0,
         93, 255, 150,   0,   0, 228, 240,   0,   0, 136, 255, 100,   0,
        178, 255,  63,   0,   0, 228, 240,   0,   0,  51, 255, 185,   0,
          0,   0,   0,   0,   0,   0,   0,   0,   0,   0,   0,   0,   0,
          0,   0,   0,   0,   0,   0,   0,   0,   0,   0,   0,   0,   0,
          0,   0,   0,   0,   0,   0,   0,   0,   0,   0,   0,   0,   0,
          0,   0,   0,   0,   0,   0,   0,   0,   0,   0,   0,   0,   0,
    },
    // 'З' (U+0417), left=1, advance=12
    {
          0,   0,   0,   0,   0,   0,   0,   0,   0,   0,   0,   0,   0,
          0,   0,   0,   0,   0,   0,   0,   0,   0,   0,   0,   0,   0,
          0,   0,   0,   0,   0,   0,   0,   0,   0,   0,   0,   0,   0,
          0,   0,   0,   0,   0,   0,   0,   0,   0,   0,   0,   0,   0,
          0,   0,   0,   0,   0,   0,   0,   0,   0,   0,   0,   0,   0,
          0,   0,   0,   0,   0,   0,   0,   0,   0,   0,   0,   0,   0,
          0,   0,   0,   0,   0,   0,   0,   0,   0,   0,   0,   0,   0,
          0,   2,  71, 159, 215, 248, 234, 176,  57,   0,   0,   0,   0,
          0,  56, 255, 255, 255, 255, 255, 255, 253,  85,   0,   0,   0,
          0,  53, 185,  88,  37,   8,  33, 151, 255, 234,   4,   0,   0,
          0,   0,   0,   0,   0,   0,   0,   0, 221, 255,  41,   0,   0,
          0,   0,   0,   0,   0,   0,   0,   0, 220, 255,  27,   0,   0,
          0,   0,   0,   0,   0,   5,  38, 155, 255, 186,   0,   0,   0,
          0,   0,   0,  36, 255, 255, 255, 245, 154,  13,   0,   0,   0,
          0,   0,   0,  36, 255, 255, 255, 248, 160,  17,   0,   0,   0,
          0,   0,   0,   0,   0,   6,  41, 154, 255, 207,   3,   0,   0,
          0,   0,   0,   0,   0,   0,   0,   0, 177, 255,  81,   0,   0,
          0,   0,   0,   0,   0,   0,   0,   0, 121, 255, 124,   0,   0,
          0,   0,   0,   0,   0,   0,   0,   0, 177, 255, 114,   0,   0,
          0, 146, 142,  59,  23,   9,  42, 151, 255, 253,  42,   0,   0,
          0, 168, 255, 255, 255, 255, 255, 255, 255, 127,   0,   0,   0,
          0,  20, 109, 191, 227, 250, 235, 182,  74,   0,   0,   0,   0,
          0,   0,   0,   0,   0,   0,   0,   0,   0,   0,   0,   0,   0,
          0,   0,   0,   0,   0,   0,   0,   0,   0,   0,   0,   0,   0,
          0,   0,   0,   0,   0,   0,   0,   0,   0,   0,   0,   0,   0,
          0,   0,   0,   0,   0,   0,   0,   0,   0,   0,   0,   0,   0,
    },
    // 'И' (U+0418), left=1, advance=12
    {
          0,   0,   0,   0,   0,   0,   0,   0,   0,   0,   0,   0,   0,
          0,   0,   0,   0,   0,   0,   0,   0,   0,   0,   0,   0,   0,
          0,   0,   0,   0,   0,   0,   0,   0,   0,   0,   0,   0,   0,
          0,   0,   0,   0,   0,   0,   0,   0,   0,   0,   0,   0,   0,
          0,   0,   0,   0,   0,   0,   0,   0,   0,   0,   0,   0,   0,
          0,   0,   0,   0,   0,   0,   0,   0,   0,   0,   0,   0,   0,
          0,   0,   0,   0,   0,   0,   0,   0,   0,   0,   0,   0,   0,
          0, 164, 255,  68,   0,   0,   0,  15, 245, 255, 176,   0,   0,
          0, 164, 255,  68,   0,   0,   0, 110, 255, 255, 176,   0,   0,
          0, 164, 255,  68,   0,   0,   0, 214, 249, 255, 176,   0,   0,
          0, 164, 255,  68,   0,   0,  64, 255, 169, 255, 176,   0,   0,
          0, 164, 255,  68,   0,   0, 169, 248,  75, 255, 176,   0,   0,
          0, 164, 255,  68,   0,  23, 250, 165,  56, 255, 176,   0,   0,
          0, 164, 255,  68,   0, 123, 255,  63,  56, 255, 176,   0,   0,
          0, 164, 255,  68,   2, 225, 216,   0,  56, 255, 176,   0,   0,
          0, 164, 255,  68,  77, 255, 115,   0,  56, 255, 176,   0,   0,
          0, 164, 255,  68, 182, 249,  20,   0,  56, 255, 176,   0,   0,
          0, 164, 255, 101, 253, 167,   0,   0,  56, 255, 176,   0,   0,
          0, 164, 255, 204, 255,  65,   0,   0,  56, 255, 176,   0,   0,
          0, 164, 255, 255, 218,   0,   0,   0,  56, 255, 176,   0,   0,
          0, 164, 255, 255, 117,   0,   0,   0,  56, 255, 176,   0,   0,
          0, 164, 255, 249,  21,   0,   0,   0,  56, 255, 176,   0,   0,
          0,   0,   0,   0,   0,   0,   0,   0,   0,   0,   0,   0,   0,
          0,   0,   0,   0,   0,   0,   0,   0,   0,   0,   0,   0,   0,
          0,   0,   0,   0,   0,   0,   0,   0,   0,   0,   0,   0,   0,
          0,   0,   0,   0,   0,   0,   0,   0,   0,   0,   0,   0,   0,
    },
    // 'Й' (U+0419), left=1, advance=12
    {
          0,   0,   0,   0,   0,   0,   0,   0,   0,   0,   0,   0,   0,
          0,   0,   0,   0,   0,   0,   0,   0,   0,   0,   0,   0,   0,
          0,   0,   0,   0,   0,   0,   0,   0,   0,   0,   0,   0,   0,
          0,   0,   1, 240, 128,  13,  12, 122, 244,   3,   0,   0,   0,
          0,   0,   0, 161, 255, 255, 255, 255, 165,   0,   0,   0,   0,
          0,   0,   0,  18, 164, 237, 237, 165,  18,   0,   0,   0,   0,
          0,   0,   0,   0,   0,   0,   0,   0,   0,   0,   0,   0,   0,
          0, 164, 255,  68,   0,   0,   0,  15, 245, 255, 176,   0,   0,
          0, 164, 255,  68,   0,   0,   0, 110, 255, 255, 176,   0,   0,
          0, 164, 255,  68,   0,   0,   0, 214, 249, 255, 176,   0,   0,
          0, 164, 255,  68,   0,   0,  64, 255, 169, 255, 176,   0,   0,
          0, 164, 255,  68,   0,   0, 169, 248,  75, 255, 176,   0,   0,
          0, 164, 255,  68,   0,  23, 250, 165,  56, 255, 176,   0,   0,
          0, 164, 255,  68,   0, 123, 255,  63,  56, 255, 176,   0,   0,
          0, 164, 255,  68,   2, 225, 216,   0,  56, 255, 176,   0,   0,
          0, 164, 255,  68,  77, 255, 115,   0,  56, 255, 176,   0,   0,
          0, 164, 255,  68, 182, 249,  20,   0,  56, 255, 176,   0,   0,
          0, 164, 255, 101, 253, 167,   0,   0,  56, 255, 176,   0,   0,
          0, 164, 255, 204, 255,  65,   0,   0,  56, 255, 176,   0,   0,
          0, 164, 255, 255, 218,   0,   0,   0,  56, 255, 176,   0,   0,
          0, 164, 255, 255, 117,   0,   0,   0,  56, 255, 176,   0,   0,
          0, 164, 255, 249,  21,   0,   0,   0,  56, 255, 176,   0,   0,
          0,   0,   0,   0,   0,   0,   0,   0,   0,   0,   0,   0,   0,
          0,   0,   0,   0,   0,   0,   0,   0,   0,   0,   0,   0,   0,
          0,   0,   0,   0,   0,   0,   0,   0,   0,   0,   0,   0,   0,
          0,   0,   0,   0,   0,   0,   0,   0,   0,   0,   0,   0,   0,
    },
    // 'К' (U+041A), left=1, advance=12
    {
          0,   0,   0,   0,   0,   0,   0,   0,   0,   0,   0,   0,   0,
          0,   0,   0,   0,   0,   0,   0,   0,   0,   0,   0,   0,   0,
          0,   0,   0,   0,   0,   0,   0,   0,   0,   0,   0,   0,   0,
          0,   0,   0,   0,   0,   0,   0,   0,   0,   0,   0,   0,   0,
          0,   0,   0,   0,   0,   0,   0,   0,   0,   0,   0,   0,   0,
          0,   0,   0,   0,   0,   0,   0,   0,   0,   0,   0,   0,   0,
          0,   0,   0,   0,   0,   0,   0,   0,   0,   0,   0,   0,   0,
          0, 168, 255,  84,   0,   0,   0,   0,  26, 223, 253,  87,   0,
          0, 168, 255,  84,   0,   0,   0,  18, 212, 255, 104,   0,   0,
          0, 168, 255,  84,   0,   0,  11, 199, 255, 122,   0,   0,   0,
          0, 168, 255,  84,   0,   5, 184, 255, 142,   0,   0,   0,   0,
          0, 168, 255,  84,   2, 168, 255, 159,   1,   0,   0,   0,   0,
          0, 168, 255,  84, 151, 255, 176,   3,   0,   0,   0,   0,   0,
          0, 168, 255, 202, 255, 255,  98,   0,   0,   0,   0,   0,   0,
          0, 168, 255, 255, 208, 251, 238,  24,   0,   0,   0,   0,   0,
          0, 168, 255, 212,  17, 136, 255, 176,   0,   0,   0,   0,   0,
          0, 168, 255,  85,   0,   9, 220, 255,  88,   0,   0,   0,   0,
          0, 168, 255,  84,   0,   0,  68, 255, 235,  21,   0,   0,   0,
          0, 168, 255,  84,   0,   0,   0, 163, 255, 169,   0,   0,   0,
          0, 168, 255,  84,   0,   0,   0,  20, 236, 255,  82,   0,   0,
          0, 168, 255,  84,   0,   0,   0,   0,  95, 255, 232,  18,   0,
          0, 168, 255,  84,   0,   0,   0,   0,   0, 188, 255, 163,   0,
          0,   0,   0,   0,   0,   0,   0,   0,   0,   0,   0,   0,   0,
          0,   0,   0,   0,   0,   0,   0,   0,   0,   0,   0,   0,   0,
          0,   0,   0,   0,   0,   0,   0,   0,   0,   0,   0,   0,   0,
          0,   0,   0,   0,   0,   0,   0,   0,   0,   0,   0,   0,   0,
    },
    // 'Л' (U+041B), left=0, advance=12
    {
          0,   0,   0,   0,   0,   0,   0,   0,   0,   0,   0,   0,   0,
          0,   0,   0,   0,   0,   0,   0,   0,   0,   0,   0,   0,   0,
          0,   0,   0,   0,   0,   0,   0,   0,   0,   0,   0,   0,   0,
          0,   0,   0,   0,   0,   0,   0,   0,   0,   0,   0,   0,   0,
          0,   0,   0,   0,   0,   0,   0,   0,   0,   0,   0,   0,   0,
          0,   0,   0,   0,   0,   0,   0,   0,   0,   0,   0,   0,   0,
          0,   0,   0,   0,   0,   0,   0,   0,   0,   0,   0,   0,   0,
          0,   0,  68, 255, 255, 255, 255, 255, 255, 255, 176,   0,   0,
          0,   0,  68, 255, 255, 255, 255, 255, 255, 255, 176,   0,   0,
          0,   0,  68, 255, 184,   0,   0,   0,  76, 255, 176,   0,   0,
          0,   0,  68, 255, 184,   0,   0,   0,  76, 255, 176,   0,   0,
          0,   0,  68, 255, 183,   0,   0,   0,  76, 255, 176,   0,   0,
          0,   0,  70, 255, 181,   0,   0,   0,  76, 255, 176,   0,   0,
          0,   0,  72, 255, 179,   0,   0,   0,  76, 255, 176,   0,   0,
          0,   0,  76, 255, 175,   0,   0,   0,  76, 255, 176,   0,   0,
          0,   0,  82, 255, 168,   0,   0,   0,  76, 255, 176,   0,   0,
          0,   0,  92, 255, 161,   0,   0,   0,  76, 255, 176,   0,   0,
          0,   0, 115, 255, 147,   0,   0,   0,  76, 255, 176,   0,   0,
          0,   0, 169, 255, 115,   0,   0,   0,  76, 255, 176,   0,   0,
         17, 100, 251, 255,  50,   0,   0,   0,  76, 255, 176,   0,   0,
        244, 255, 255, 180,   0,   0,   0,   0,  76, 255, 176,   0,   0,
        236, 218, 137,  10,   0,   0,   0,   0,  76, 255, 176,   0,   0,
          0,   0,   0,   0,   0,   0,   0,   0,   0,   0,   0,   0,   0,
          0,   0,   0,   0,   0,   0,   0,   0,   0,   0,   0,   0,   0,
          0,   0,   0,   0,   0,   0,   0,   0,   0,   0,   0,   0,   0,
          0,   0,   0,   0,   0,   0,   0,   0,   0,   0,   0,   0,   0,
    },
    // 'М' (U+041C), left=0, advance=12
    {
          0,   0,   0,   0,   0,   0,   0,   0,   0,   0,   0,   0,   0,
          0,   0,   0,   0,   0,   0,   0,   0,   0,   0,   0,   0,   0,
          0,   0,   0,   0,   0,   0,   0,   0,   0,   0,   0,   0,   0,
          0,   0,   0,   0,   0,   0,   0,   0,   0,   0,   0,   0,   0,
          0,   0,   0,   0,   0,   0,   0,   0,   0,   0,   0,   0,   0,
          0,   0,   0,   0,   0,   0,   0,   0,   0,   0,   0,   0,   0,
          0,   0,   0,   0,   0,   0,   0,   0,   0,   0,   0,   0,   0,
         40, 255, 255, 164,   0,   0,   0,   0, 161, 255, 255,  48,   0,
         40, 255, 254, 240,   5,   0,   0,   4, 238, 254, 255,  48,   0,
         40, 255, 200, 255,  71,   0,   0,  69, 255, 200, 255,  48,   0,
         40, 255, 168, 207, 152,   0,   0, 151, 210, 164, 255,  48,   0,
         40, 255, 168, 125, 231,   2,   1, 230, 129, 164, 255,  48,   0,
         40, 255, 168,  43, 255,  59,  59, 255,  48, 164, 255,  48,   0,
         40, 255, 168,   0, 217, 141, 141, 223,   0, 164, 255,  48,   0,
         40, 255, 168,   0, 136, 222, 222, 142,   0, 164, 255,  48,   0,
         40, 255, 168,   0,  55, 255, 255,  61,   0, 164, 255,  48,   0,
         40, 255, 168,   0,   1, 227, 233,   2,   0, 164, 255,  48,   0,
         40, 255, 168,   0,   0,   0,   0,   0,   0, 164, 255,  48,   0,
         40, 255, 168,   0,   0,   0,   0,   0,   0, 164, 255,  48,   0,
         40, 255, 168,   0,   0,   0,   0,   0,   0, 164, 255,  48,   0,
         40, 255, 168,   0,   0,   0,   0,   0,   0, 164, 255,  48,   0,
         40, 255, 168,   0,   0,   0,   0,   0,   0, 164, 255,  48,   0,
          0,   0,   0,   0,   0,   0,   0,   0,   0,   0,   0,   0,   0,
          0,   0,   0,   0,   0,   0,   0,   0,   0,   0,   0,   0,   0,
          0,   0,   0,   0,   0,   0,   0,   0,   0,   0,   0,   0,   0,
          0,   0,   0,   0,   0,   0,   0,   0,   0,   0,   0,   0,   0,
    },
    // 'Н' (U+041D), left=1, advance=12
    {
          0,   0,   0,   0,   0,   0,   0,   0,   0,   0,   0,   0,   0,
          0,   0,   0,   0,   0,   0,   0,   0,   0,   0,   0,   0,   0,
          0,   0,   0,   0,   0,   0,   0,   0,   0,   0,   0,   0,   0,
          0,   0,   0,   0,   0,   0,   0,   0,   0,   0,   0,   0,   0,
          0,   0,   0,   0,   0,   0,   0,   0,   0,   0,   0,   0,   0,
          0,   0,   0,   0,   0,   0,   0,   0,   0,   0,   0,   0,   0,
          0,   0,   0,   0,   0,   0,   0,   0,   0,   0,   0,   0,   0,
          0, 168, 255,  84,   0,   0,   0,   0,  72, 255, 180,   0,   0,
          0, 168, 255,  84,   0,   0,   0,   0,  72, 255, 180,   0,   0,
          0, 168, 255,  84,   0,   0,   0,   0,  72, 255, 180,   0,   0,
          0, 168, 255,  84,   0,   0,   0,   0,  72, 255, 180,   0,   0,
          0, 168, 255,  84,   0,   0,   0,   0,  72, 255, 180,   0,   0,
          0, 168, 255,  84,   0,   0,   0,   0,  72, 255, 180,   0,   0,
          0, 168, 255, 255, 255, 255, 255, 255, 255, 255, 180,   0,   0,
          0, 168, 255, 255, 255, 255, 255, 255, 255, 255, 180,   0,   0,
          0, 168, 255,  84,   0,   0,   0,   0,  72, 255, 180,   0,   0,
          0, 168, 255,  84,   0,   0,   0,   0,  72, 255, 180,   0,   0,
          0, 168, 255,  84,   0,   0,   0,   0,  72, 255, 180,   0,   0,
          0, 168, 255,  84,   0,   0,   0,   0,  72, 255, 180,   0,   0,
          0, 168, 255,  84,   0,   0,   0,   0,  72, 255, 180,   0,   0,
          0, 168, 255,  84,   0,   0,   0,   0,  72, 255, 180,   0,   0,
          0, 168, 255,  84,   0,   0,   0,   0,  72, 255, 180,   0,   0,
          0,   0,   0,   0,   0,   0,   0,   0,   0,   0,   0,   0,   0,
          0,   0,   0,   0,   0,   0,   0,   0,   0,   0,   0,   0,   0,
          0,   0,   0,   0,   0,   0,   0,   0,   0,   0,   0,   0,   0,
          0,   0,   0,   0,   0,   0,   0,   0,   0,   0,   0,   0,   0,
    },
    // 'О' (U+041E), left=1, advance=12
    {
          0,   0,   0,   0,   0,   0,   0,   0,   0,   0,   0,   0,   0,
          0,   0,   0,   0,   0,   0,   0,   0,   0,   0,   0,   0,   0,
          0,   0,   0,   0,   0,   0,   0,   0,   0,   0,   0,   0,   0,
          0,   0,   0,   0,   0,   0,   0,   0,   0,   0,   0,   0,   0,
          0,   0,   0,   0,   0,   0,   0,   0,   0,   0,   0,   0,   0,
          0,   0,   0,   0,   0,   0,   0,   0,   0,   0,   0,   0,   0,
          0,   0,   0,   0,   0,   0,   0,   0,   0,   0,   0,   0,   0,
          0,   0,   0,  71, 192, 242, 243, 195,  76,   0,   0,   0,   0,
          0,   0,  90, 255, 255, 255, 255, 255, 255,  97,   0,   0,   0,
          0,  13, 237, 255, 137,  19,  17, 129, 255, 241,  17,   0,   0,
          0,  91, 255, 200,   0,   0,   0,   0, 189, 255, 100,   0,   0,
          0, 154, 255, 119,   0,   0,   0,   0, 108, 255, 164,   0,   0,
          0, 191, 255,  79,   0,   0,   0,   0,  68, 255, 202,   0,   0,
          0, 209, 255,  59,   0,   0,   0,   0,  48, 255, 220,   0,   0,
          0, 217, 255,  53,   0,   0,   0,   0,  42, 255, 229,   0,   0,
          0, 209, 255,  59,   0,   0,   0,   0,  48, 255, 220,   0,   0,
          0, 191, 255,  79,   0,   0,   0,   0,  68, 255, 202,   0,   0,
          0, 154, 255, 119,   0,   0,   0,   0, 107, 255, 164,   0,   0,
          0,  92, 255, 198,   0,   0,   0,   0, 187, 255, 100,   0,   0,
          0,  14, 238, 255, 136,  18,  16, 127, 255, 241,  17,   0,   0,
          0,   0,  93, 255, 255, 255, 255, 255, 255,  98,   0,   0,   0,
          0,   0,   0,  74, 194, 243, 244, 196,  77,   0,   0,   0,   0,
          0,   0,   0,   0,   0,   0,   0,   0,   0,   0,   0,   0,   0,
          0,   0,   0,   0,   0,   0,   0,   0,   0,   0,   0,   0,   0,
          0,   0,   0,   0,   0,   0,   0,   0,   0,   0,   0,   0,   0,
          0,   0,   0,   0,   0,   0,   0,   0,   0,   0,   0,   0,   0,
    },
    // 'П' (U+041F), left=1, advance=12
    {
          0,   0,   0,   0,   0,   0,   0,   0,   0,   0,   0,   0,   0,
          0,   0,   0,   0,   0,   0,   0,   0,   0,   0,   0,   0,   0,
          0,   0,   0,   0,   0,   0,   0,   0,   0,   0,   0,   0,   0,
          0,   0,   0,   0,   0,   0,   0,   0,   0,   0,   0,   0,   0,
          0,   0,   0,   0,   0,   0,   0,   0,   0,   0,   0,   0,   0,
          0,   0,   0,   0,   0,   0,   0,   0,   0,   0,   0,   0,   0,
          0,   0,   0,   0,   0,   0,   0,   0,   0,   0,   0,   0,   0,
          0, 168, 255, 255, 255, 255, 255, 255, 255, 255, 180,   0,   0,
          0, 168, 255, 255, 255, 255, 255, 255, 255, 255, 180,   0,   0,
          0, 168, 255,  84,   0,   0,   0,   0,  72, 255, 180,   0,   0,
          0, 168, 255,  84,   0,   0,   0,   0,  72, 255, 180,   0,   0,
          0, 168, 255,  84,   0,   0,   0,   0,  72, 255, 180,   0,   0,
          0, 168, 255,  84,   0,   0,   0,   0,  72, 255, 180,   0,   0,
          0, 168, 255,  84,   0,   0,   0,   0,  72, 255, 180,   0,   0,
          0, 168, 255,  84,   0,   0,   0,   0,  72, 255, 180,   0,   0,
          0, 168, 255,  84,   0,   0,   0,   0,  72, 255, 180,   0,   0,
          0, 168, 255,  84,   0,   0,   0,   0,  72, 255, 180,   0,   0,
          0, 168, 255,  84,   0,   0,   0,   0,  72, 255, 180,   0,   0,
          0, 168, 255,  84,   0,   0,   0,   0,  72, 255, 180,   0,   0,
          0, 168, 255,  84,   0,   0,   0,   0,  72, 255, 180,   0,   0,
          0, 168, 255,  84,   0,   0,   0,   0,  72, 255, 180,   0,   0,
          0, 168, 255,  84,   0,   0,   0,   0,  72, 255, 180,   0,   0,
          0,   0,   0,   0,   0,   0,   0,   0,   0,   0,   0,   0,   0,
          0,   0,   0,   0,   0,   0,   0,   0,   0,   0,   0,   0,   0,
          0,   0,   0,   0,   0,   0,   0,   0,   0,   0,   0,   0,   0,
          0,   0,   0,   0,   0,   0,   0,   0,   0,   0,   0,   0,   0,
    },
    // 'Р' (U+0420), left=1, advance=12
    {
          0,   0,   0,   0,   0,   0,   0,   0,   0,   0,   0,   0,   0,
          0,   0,   0,   0,   0,   0,   0,   0,   0,   0,   0,   0,   0,
          0,   0,   0,   0,   0,   0,   0,   0,   0,   0,   0,   0,   0,
          0,   0,   0,   0,   0,   0,   0,   0,   0,   0,   0,   0,   0,
          0,   0,   0,   0,   0,   0,   0,   0,   0,   0,   0,   0,   0,
          0,   0,   0,   0,   0,   0,   0,   0,   0,   0,   0,   0,   0,
          0,   0,   0,   0,   0,   0,   0,   0,   0,   0,   0,   0,   0,
          0,  20, 255, 255, 255, 255, 250, 225, 161,  40,   0,   0,   0,
          0,  20, 255, 255, 255, 255, 255, 255, 255, 245,  53,   0,   0,
          0,  20, 255, 228,   0,   0,  11,  64, 210, 255, 197,   0,   0,
          0,  20, 255, 228,   0,   0,   0,   0,  40, 255, 254,  12,   0,
          0,  20, 255, 228,   0,   0,   0,   0,   0, 247, 255,  30,   0,
          0,  20, 255, 228,   0,   0,   0,   0,  40, 255, 254,  13,   0,
          0,  20, 255, 228,   0,   0,  11,  63, 210, 255, 198,   0,   0,
          0,  20, 255, 255, 255, 255, 255, 255, 255, 246,  56,   0,   0,
          0,  20, 255, 255, 255, 255, 251, 227, 163,  42,   0,   0,   0,
          0,  20, 255, 228,   0,   0,   0,   0,   0,   0,   0,   0,   0,
          0,  20, 255, 228,   0,   0,   0,   0,   0,   0,   0,   0,   0,
          0,  20, 255, 228,   0,   0,   0,   0,   0,   0,   0,   0,   0,
          0,  20, 255, 228,   0,   0,   0,   0,   0,   0,   0,   0,   0,
          0,  20, 255, 228,   0,   0,   0,   0,   0,   0,   0,   0,   0,
          0,  20, 255, 228,   0,   0,   0,   0,   0,   0,   0,   0,   0,
          0,   0,   0,   0,   0,   0,   0,   0,   0,   0,   0,   0,   0,
          0,   0,   0,   0,   0,   0,   0,   0,   0,   0,   0,   0,   0,
          0,   0,   0,   0,   0,   0,   0,   0,   0,   0,   0,   0,   0,
          0,   0,   0,   0,   0,   0,   0,   0,   0,   0,   0,   0,   0,
    },
    // 'С' (U+0421), left=1, advance=12
    {
          0,   0,   0,   0,   0,   0,   0,   0,   0,   0,   0,   0,   0,
          0,   0,   0,   0,   0,   0,   0,   0,   0,   0,   0,   0,   0,
          0,   0,   0,   0,   0,   0,   0,   0,   0,   0,   0,   0,   0,
          0,   0,   0,   0,   0,   0,   0,   0,   0,   0,   0,   0,   0,
          0,   0,   0,   0,   0,   0,   0,   0,   0,   0,   0,   0,   0,
          0,   0,   0,   0,   0,   0,   0,   0,   0,   0,   0,   0,   0,
          0,   0,   0,   0,   0,   0,   0,   0,   0,   0,   0,   0,   0,
          0,   0,   0,   0,  83, 187, 237, 244, 208, 122,  14,   0,   0,
          0,   0,   1, 154, 255, 255, 255, 255, 255, 255, 124,   0,   0,
          0,   0, 107, 255, 244, 108,  22,   6,  42, 138, 109,   0,   0,
          0,   5, 233, 255,  84,   0,   0,   0,   0,   0,   0,   0,   0,
          0,  70, 255, 216,   0,   0,   0,   0,   0,   0,   0,   0,   0,
          0, 123, 255, 151,   0,   0,   0,   0,   0,   0,   0,   0,   0,
          0, 150, 255, 119,   0,   0,   0,   0,   0,   0,   0,   0,   0,
          0, 160, 255, 110,   0,   0,   0,   0,   0,   0,   0,   0,   0,
          0, 150, 255, 119,   0,   0,   0,   0,   0,   0,   0,   0,   0,
          0, 123, 255, 151,   0,   0,   0,   0,   0,   0,   0,   0,   0,
          0,  70, 255, 215,   0,   0,   0,   0,   0,   0,   0,   0,   0,
          0,   5, 235, 255,  82,   0,   0,   0,   0,   0,   0,   0,   0,
          0,   0, 110, 255, 243, 106,  21,  11,  47, 133, 109,   0,   0,
          0,   0,   2, 158, 255, 255, 255, 255, 255, 255, 124,   0,   0,
          0,   0,   0,   0,  86, 189, 238, 244, 208, 123,  14,   0,   0,
          0,   0,   0,   0,   0,   0,   0,   0,   0,   0,   0,   0,   0,
          0,   0,   0,   0,   0,   0,   0,   0,   0,   0,   0,   0,   0,
          0,   0,   0,   0,   0,   0,   0,   0,   0,   0,   0,   0,   0,
          0,   0,   0,   0,   0,   0,   0,   0,   0,   0,   0,   0,   0,
    },
    // 'Т' (U+0422), left=0, advance=12
    {
          0,   0,   0,   0,   0,   0,   0,   0,   0,   0,   0,   0,   0,
          0,   0,   0,   0,   0,   0,   0,   0,   0,   0,   0,   0,   0,
          0,   0,   0,   0,   0,   0,   0,   0,   0,   0,   0,   0,   0,
          0,   0,   0,   0,   0,   0,   0,   0,   0,   0,   0,   0,   0,
          0,   0,   0,   0,   0,   0,   0,   0,   0,   0,   0,   0,   0,
          0,   0,   0,   0,   0,   0,   0,   0,   0,   0,   0,   0,   0,
          0,   0,   0,   0,   0,   0,   0,   0,   0,   0,   0,   0,   0,
        140, 255, 255, 255, 255, 255, 255, 255, 255, 255, 255, 148,   0,
        140, 255, 255, 255, 255, 255, 255, 255, 255, 255, 255, 148,   0,
          0,   0,   0,   0,   0, 244, 255,   4,   0,   0,   0,   0,   0,
          0,   0,   0,   0,   0, 244, 255,   4,   0,   0,   0,   0,   0,
          0,   0,   0,   0,   0, 244, 255,   4,   0,   0,   0,   0,   0,
          0,   0,   0,   0,   0, 244, 255,   4,   0,   0,   0,   0,   0,
          0,   0,   0,   0,   0, 244, 255,   4,   0,   0,   0,   0,   0,
          0,   0,   0,   0,   0, 244, 255,   4,   0,   0,   0,   0,   0,
          0,   0,   0,   0,   0, 244, 255,   4,   0,   0,   0,   0,   0,
          0,   0,   0,   0,   0, 244, 255,   4,   0,   0,   0,   0,   0,
          0,   0,   0,   0,   0, 244, 255,   4,   0,   0,   0,   0,   0,
          0,   0,   0,   0,   0, 244, 255,   4,   0,   0,   0,   0,   0,
          0,   0,   0,   0,   0, 244, 255,   4,   0,   0,   0,   0,   0,
          0,   0,   0,   0,   0, 244, 255,   4,   0,   0,   0,   0,   0,
          0,   0,   0,   0,   0, 244, 255,   4,   0,   0,   0,   0,   0,
          0,   0,   0,   0,   0,   0,   0,   0,   0,   0,   0,   0,   0,
          0,   0,   0,   0,   0,   0,   0,   0,   0,   0,   0,   0,   0,
          0,   0,   0,   0,   0,   0,   0,   0,   0,   0,   0,   0,   0,
          0,   0,   0,   0,   0,   0,   0,   0,   0,   0,   0,   0,   0,
    },
    // 'У' (U+0423), left=1, advance=12
    {
          0,   0,   0,   0,   0,   0,   0,   0,   0,   0,   0,   0,   0,
          0,   0,   0,   0,   0,   0,   0,   0,   0,   0,   0,   0,   0,
          0,   0,   0,   0,   0,   0,   0,   0,   0,   0,   0,   0,   0,
          0,   0,   0,   0,   0,   0,   0,   0,   0,   0,   0,   0,   0,
          0,   0,   0,   0,   0,   0,   0,   0,   0,   0,   0,   0,   0,
          0,   0,   0,   0,   0,   0,   0,   0,   0,   0,   0,   0,   0,
          0,   0,   0,   0,   0,   0,   0,   0,   0,   0,   0,   0,   0,
          0, 202, 255,  83,   0,   0,   0,   0,  11, 244, 251,  23,   0,
          0, 102, 255, 179,   0,   0,   0,   0,  95, 255, 179,   0,   0,
          0,  13, 244, 251,  23,   0,   0,   0, 190, 255,  83,   0,   0,
          0,   0, 158, 255, 114,   0,   0,  30, 254, 236,   6,   0,   0,
          0,   0,  58, 255, 210,   0,   0, 124, 255, 147,   0,   0,   0,
          0,   0,   0, 213, 255,  50,   0, 218, 255,  51,   0,   0,   0,
          0,   0,   0, 114, 255, 145,  59, 255, 211,   0,   0,   0,   0,
          0,   0,   0,  20, 249, 235, 160, 255, 114,   0,   0,   0,   0,
          0,   0,   0,   0, 170, 255, 254, 251,  23,   0,   0,   0,   0,
          0,   0,   0,   0,  70, 255, 255, 178,   0,   0,   0,   0,   0,
          0,   0,   0,   0,   1, 239, 255,  81,   0,   0,   0,   0,   0,
          0,   0,   0,   0,  57, 255, 230,   4,   0,   0,   0,   0,   0,
          0,   0,   0,  38, 211, 255, 120,   0,   0,   0,   0,   0,   0,
          0,  52, 255, 255, 255, 222,  11,   0,   0,   0,   0,   0,   0,
          0,  52, 255, 247, 186,  35,   0,   0,   0,   0,   0,   0,   0,
          0,   0,   0,   0,   0,   0,   0,   0,   0,   0,   0,   0,   0,
          0,   0,   0,   0,   0,   0,   0,   0,   0,   0,   0,   0,   0,
          0,   0,   0,   0,   0,   0,   0,   0,   0,   0,   0,   0,   0,
          0,   0,   0,   0,   0,   0,   0,   0,   0,   0,   0,   0,   0,
    },
    // 'Ф' (U+0424), left=0, advance=12
    {
          0,   0,   0,   0,   0,   0,   0,   0,   0,   0,   0,   0,   0,
          0,   0,   0,   0,   0,   0,   0,   0,   0,   0,   0,   0,   0,
          0,   0,   0,   0,   0,   0,   0,   0,   0,   0,   0,   0,   0,
          0,   0,   0,   0,   0,   0,   0,   0,   0,   0,   0,   0,   0,
          0,   0,   0,   0,   0,   0,   0,   0,   0,   0,   0,   0,   0,
          0,   0,   0,   0,   0,   0,   0,   0,   0,   0,   0,   0,   0,
          0,   0,   0,   0,   0,   0,   0,   0,   0,   0,   0,   0,   0,
          0,   0,   0,   0,   0, 248, 255,   4,   0,   0,   0,   0,   0,
          0,   0,  53, 179, 236, 255, 255, 238, 183,  59,   0,   0,   0,
          0,  49, 249, 255, 255, 255, 255, 255, 255, 251,  55,   0,   0,
          0, 169, 255, 180,  38, 248, 255,  38, 172, 255, 174,   0,   0,
          8, 243, 253,  17,   0, 248, 255,   4,  11, 248, 246,  11,   0,
         47, 255, 215,   0,   0, 248, 255,   4,   0, 203, 255,  54,   0,
         70, 255, 192,   0,   0, 248, 255,   4,   0, 181, 255,  77,   0,
         86, 255, 183,   0,   0, 248, 255,   4,   0, 171, 255,  94,   0,
         67, 255, 192,   0,   0, 248, 255,   4,   0, 181, 255,  77,   0,
         43, 255, 215,   0,   0, 248, 255,   4,   0, 203, 255,  54,   0,
          5, 236, 253,  17,   0, 248, 255,   4,  11, 248, 247,  12,   0,
          0, 151, 255, 180,  37, 248, 255,  37, 171, 255, 175,   0,   0,
          0,  33, 240, 255, 255, 255, 255, 255, 255, 251,  57,   0,   0,
          0,   0,  40, 173, 237, 255, 255, 239, 185,  60,   0,   0,   0,
          0,   0,   0,   0,   0, 248, 255,   4,   0,   0,   0,   0,   0,
          0,   0,   0,   0,   0,   0,   0,   0,   0,   0,   0,   0,   0,
          0,   0,   0,   0,   0,   0,   0,   0,   0,   0,   0,   0,   0,
          0,   0,   0,   0,   0,   0,   0,   0,   0,   0,   0,   0,   0,
          0,   0,   0,   0,   0,   0,   0,   0,   0,   0,   0,   0,   0,
    },
    // 'Х' (U+0425), left=0, advance=12
    {
          0,   0,   0,   0,   0,   0,   0,   0,   0,   0,   0,   0,   0,
          0,   0,   0,   0,   0,   0,   0,   0,   0,   0,   0,   0,   0,
          0,   0,   0,   0,   0,   0,   0,   0,   0,   0,   0,   0,   0,
          0,   0,   0,   0,   0,   0,   0,   0,   0,   0,   0,   0,   0,
          0,   0,   0,   0,   0,   0,   0,   0,   0,   0,   0,   0,   0,
          0,   0,   0,   0,   0,   0,   0,   0,   0,   0,   0,   0,   0,
          0,   0,   0,   0,   0,   0,   0,   0,   0,   0,   0,   0,   0,
          5, 214, 255,  60,   0,   0,   0,   0,   5, 216, 254,  61,   0,
          0,  66, 255, 203,   1,   0,   0,   0, 114, 255, 157,   0,   0,
          0,   0, 169, 255,  93,   0,   0,  21, 240, 235,  19,   0,   0,
          0,   0,  28, 243, 228,  10,   0, 154, 255,  95,   0,   0,   0,
          0,   0,   0, 118, 255, 127,  48, 253, 192,   0,   0,   0,   0,
          0,   0,   0,   5, 215, 245, 203, 249,  40,   0,   0,   0,   0,
          0,   0,   0,   0,  68, 255, 255, 130,   0,   0,   0,   0,   0,
          0,   0,   0,   0,  57, 254, 255, 112,   0,   0,   0,   0,   0,
          0,   0,   0,   4, 208, 253, 228, 240,  22,   0,   0,   0,   0,
          0,   0,   0, 114, 255, 149,  81, 255, 157,   0,   0,   0,   0,
          0,   0,  28, 243, 235,  17,   0, 194, 254,  54,   0,   0,   0,
          0,   0, 173, 255,  99,   0,   0,  54, 254, 201,   1,   0,   0,
          0,  74, 255, 200,   1,   0,   0,   0, 167, 255,  98,   0,   0,
          9, 222, 253,  52,   0,   0,   0,   0,  32, 248, 233,  15,   0,
        133, 255, 152,   0,   0,   0,   0,   0,   0, 139, 255, 144,   0,
          0,   0,   0,   0,   0,   0,   0,   0,   0,   0,   0,   0,   0,
          0,   0,   0,   0,   0,   0,   0,   0,   0,   0,   0,   0,   0,
          0,   0,   0,   0,   0,   0,   0,   0,   0,   0,   0,   0,   0,
          0,   0,   0,   0,   0,   0,   0,   0,   0,   0,   0,   0,   0,
    },
    // 'Ц' (U+0426), left=0, advance=12
    {
          0,   0,   0,   0,   0,   0,   0,   0,   0,   0,   0,   0,   0,
          0,   0,   0,   0,   0,   0,   0,   0,   0,   0,   0,   0,   0,
          0,   0,   0,   0,   0,   0,   0,   0,   0,   0,   0,   0,   0,
          0,   0,   0,   0,   0,   0,   0,   0,   0,   0,   0,   0,   0,
          0,   0,   0,   0,   0,   0,   0,   0,   0,   0,   0,   0,   0,
          0,   0,   0,   0,   0,   0,   0,   0,   0,   0,   0,   0,   0,
          0,   0,   0,   0,   0,   0,   0,   0,   0,   0,   0,   0,   0,
         56, 255, 196,   0,   0,   0,   0,   0, 212, 255,  36,   0,   0,
         56, 255, 196,   0,   0,   0,   0,   0, 212, 255,  36,   0,   0,
         56, 255, 196,   0,   0,   0,   0,   0, 212, 255,  36,   0,   0,
         56, 255, 196,   0,   0,   0,   0,   0, 212, 255,  36,   0,   0,
         56, 255, 196,   0,   0,   0,   0,   0, 212, 255,  36,   0,   0,
         56, 255, 196,   0,   0,   0,   0,   0, 212, 255,  36,   0,   0,
         56, 255, 196,   0,   0,   0,   0,   0, 212, 255,  36,   0,   0,
         56, 255, 196,   0,   0,   0,   0,   0, 212, 255,  36,   0,   0,
         56, 255, 196,   0,   0,   0,   0,   0, 212, 255,  36,   0,   0,
         56, 255, 196,   0,   0,   0,   0,   0, 212, 255,  36,   0,   0,
         56, 255, 196,   0,   0,   0,   0,   0, 212, 255,  36,   0,   0,
         56, 255, 196,   0,   0,   0,   0,   0, 212, 255,  36,   0,   0,
         56, 255, 196,   0,   0,   0,   0,   0, 212, 255,  36,   0,   0,
         56, 255, 255, 255, 255, 255, 255, 255, 255, 255, 255, 116,   0,
         56, 255, 255, 255, 255, 255, 255, 255, 255, 255, 255, 116,   0,
          0,   0,   0,   0,   0,   0,   0,   0,   0,  52, 255, 116,   0,
          0,   0,   0,   0,   0,   0,   0,   0,   0,  52, 255, 116,   0,
          0,   0,   0,   0,   0,   0,   0,   0,   0,  52, 255, 116,   0,
          0,   0,   0,   0,   0,   0,   0,   0,   0,   0,   0,   0,   0,
    },
    // 'Ч' (U+0427), left=1, advance=12
    {
          0,   0,   0,   0,   0,   0,   0,   0,   0,   0,   0,   0,   0,
          0,   0,   0,   0,   0,   0,   0,   0,   0,   0,   0,   0,   0,
          0,   0,   0,   0,   0,   0,   0,   0,   0,   0,   0,   0,   0,
          0,   0,   0,   0,   0,   0,   0,   0,   0,   0,   0,   0,   0,
          0,   0,   0,   0,   0,   0,   0,   0,   0,   0,   0,   0,   0,
          0,   0,   0,   0,   0,   0,   0,   0,   0,   0,   0,   0,   0,
          0,   0,   0,   0,   0,   0,   0,   0,   0,   0,   0,   0,   0,
          0, 168, 255,  84,   0,   0,   0,   0,  80, 255, 172,   0,   0,
          0, 168, 255,  84,   0,   0,   0,   0,  80, 255, 172,   0,   0,
          0, 168, 255,  84,   0,   0,   0,   0,  80, 255, 172,   0,   0,
          0, 168, 255,  84,   0,   0,   0,   0,  80, 255, 172,   0,   0,
          0, 168, 255,  84,   0,   0,   0,   0,  80, 255, 172,   0,   0,
          0, 167, 255,  85,   0,   0,   0,   0,  80, 255, 172,   0,   0,
          0, 155, 255, 107,   0,   0,   0,   0,  81, 255, 172,   0,   0,
          0, 113, 255, 206,  42,   4,  14,  77, 223, 255, 172,   0,   0,
          0,  27, 245, 255, 255, 255, 255, 255, 255, 255, 172,   0,   0,
          0,   0,  62, 200, 248, 252, 234, 177, 144, 255, 172,   0,   0,
          0,   0,   0,   0,   0,   0,   0,   0,  80, 255, 172,   0,   0,
          0,   0,   0,   0,   0,   0,   0,   0,  80, 255, 172,   0,   0,
          0,   0,   0,   0,   0,   0,   0,   0,  80, 255, 172,   0,   0,
          0,   0,   0,   0,   0,   0,   0,   0,  80, 255, 172,   0,   0,
          0,   0,   0,   0,   0,   0,   0,   0,  80, 255, 172,   0,   0,
          0,   0,   0,   0,   0,   0,   0,   0,   0,   0,   0,   0,   0,
          0,   0,   0,   0,   0,   0,   0,   0,   0,   0,   0,   0,   0,
          0,   0,   0,   0,   0,   0,   0,   0,   0,   0,   0,   0,   0,
          0,   0,   0,   0,   0,   0,   0,   0,   0,   0,   0,   0,   0,
    },
    // 'Ш' (U+0428), left=1, advance=12
    {
          0,   0,   0,   0,   0,   0,   0,   0,   0,   0,   0,   0,   0,
          0,   0,   0,   0,   0,   0,   0,   0,   0,   0,   0,   0,   0,
          0,   0,   0,   0,   0,   0,   0,   0,   0,   0,   0,   0,   0,
          0,   0,   0,   0,   0,   0,   0,   0,   0,   0,   0,   0,   0,
          0,   0,   0,   0,   0,   0,   0,   0,   0,   0,   0,   0,   0,
          0,   0,   0,   0,   0,   0,   0,   0,   0,   0,   0,   0,   0,
          0,   0,   0,   0,   0,   0,   0,   0,   0,   0,   0,   0,   0,
          0, 228, 240,   0,   0, 224, 240,   0,   0, 224, 240,   0,   0,
          0, 228, 240,   0,   0, 224, 240,   0,   0, 224, 240,   0,   0,
          0, 228, 240,   0,   0, 224, 240,   0,   0, 224, 240,   0,   0,
          0, 228, 240,   0,   0, 224, 240,   0,   0, 224, 240,   0,   0,
          0, 228, 240,   0,   0, 224, 240,   0,   0, 224, 240,   0,   0,
          0, 228, 240,   0,   0, 224, 240,   0,   0, 224, 240,   0,   0,
          0, 228, 240,   0,   0, 224, 240,   0,   0, 224, 240,   0,   0,
          0, 228, 240,   0,   0, 224, 240,   0,   0, 224, 240,   0,   0,
          0, 228, 240,   0,   0, 224, 240,   0,   0, 224, 240,   0,   0,
          0, 228, 240,   0,   0, 224, 240,   0,   0, 224, 240,   0,   0,
          0, 228, 240,   0,   0, 224, 240,   0,   0, 224, 240,   0,   0,
          0, 228, 240,   0,   0, 224, 240,   0,   0, 224, 240,   0,   0,
          0, 228, 240,   0,   0, 224, 240,   0,   0, 224, 240,   0,   0,
          0, 228, 255, 255, 255, 255, 255, 255, 255, 255, 240,   0,   0,
          0, 228, 255, 255, 255, 255, 255, 255, 255, 255, 240,   0,   0,
          0,   0,   0,   0,   0,   0,   0,   0,   0,   0,   0,   0,   0,
          0,   0,   0,   0,   0,   0,   0,   0,   0,   0,   0,   0,   0,
          0,   0,   0,   0,   0,   0,   0,   0,   0,   0,   0,   0,   0,
          0,   0,   0,   0,   0,   0,   0,   0,   0,   0,   0,   0,   0,
    },
    // 'Щ' (U+0429), left=0, advance=12
    {
          0,   0,   0,   0,   0,   0,   0,   0,   0,   0,   0,   0,   0,
          0,   0,   0,   0,   0,   0,   0,   0,   0,   0,   0,   0,   0,
          0,   0,   0,   0,   0,   0,   0,   0,   0,   0,   0,   0,   0,
          0,   0,   0,   0,   0,   0,   0,   0,   0,   0,   0,   0,   0,
          0,   0,   0,   0,   0,   0,   0,   0,   0,   0,   0,   0,   0,
          0,   0,   0,   0,   0,   0,   0,   0,   0,   0,   0,   0,   0,
          0,   0,   0,   0,   0,   0,   0,   0,   0,   0,   0,   0,   0,
        104, 255, 104,   0, 104, 255, 104,   0, 104, 255, 104,   0,   0,
        104, 255, 104,   0, 104, 255, 104,   0, 104, 255, 104,   0,   0,
        104, 255, 104,   0, 104, 255, 104,   0, 104, 255, 104,   0,   0,
        104, 255, 104,   0, 104, 255, 104,   0, 104, 255, 104,   0,   0,
        104, 255, 104,   0, 104, 255, 104,   0, 104, 255, 104,   0,   0,
        104, 255, 104,   0, 104, 255, 104,   0, 104, 255, 104,   0,   0,
        104, 255, 104,   0, 104, 255, 104,   0, 104, 255, 104,   0,   0,
        104, 255, 104,   0, 104, 255, 104,   0, 104, 255, 104,   0,   0,
        104, 255, 104,   0, 104, 255, 104,   0, 104, 255, 104,   0,   0,
        104, 255, 104,   0, 104, 255, 104,   0, 104, 255, 104,   0,   0,
        104, 255, 104,   0, 104, 255, 104,   0, 104, 255, 104,   0,   0,
        104, 255, 104,   0, 104, 255, 104,   0, 104, 255, 104,   0,   0,
        104, 255, 104,   0, 104, 255, 104,   0, 104, 255, 104,   0,   0,
        104, 255, 255, 255, 255, 255, 255, 255, 255, 255, 255, 184,   0,
        104, 255, 255, 255, 255, 255, 255, 255, 255, 255, 255, 184,   0,
          0,   0,   0,   0,   0,   0,   0,   0,   0,   0, 240, 184,   0,
          0,   0,   0,   0,   0,   0,   0,   0,   0,   0, 240, 184,   0,
          0,   0,   0,   0,   0,   0,   0,   0,   0,   0, 240, 184,   0,
          0,   0,   0,   0,   0,   0,   0,   0,   0,   0,   0,   0,   0,
    },
    // 'Ъ' (U+042A), left=0, advance=12
    {
          0,   0,   0,   0,   0,   0,   0,   0,   0,   0,   0,   0,   0,
          0,   0,   0,   0,   0,   0,   0,   0,   0,   0,   0,   0,   0,
          0,   0,   0,   0,   0,   0,   0,   0,   0,   0,   0,   0,   0,
          0,   0,   0,   0,   0,   0,   0,   0,   0,   0,   0,   0,   0,
          0,   0,   0,   0,   0,   0,   0,   0,   0,   0,   0,   0,   0,
          0,   0,   0,   0,   0,   0,   0,   0,   0,   0,   0,   0,   0,
          0,   0,   0,   0,   0,   0,   0,   0,   0,   0,   0,   0,   0,
        176, 255, 255, 255, 212,   0,   0,   0,   0,   0,   0,   0,   0,
        176, 255, 255, 255, 212,   0,   0,   0,   0,   0,   0,   0,   0,
          0,   0,  36, 255, 212,   0,   0,   0,   0,   0,   0,   0,   0,
          0,   0,  36, 255, 212,   0,   0,   0,   0,   0,   0,   0,   0,
          0,   0,  36, 255, 212,   0,   0,   0,   0,   0,   0,   0,   0,
          0,   0,  36, 255, 212,   0,   0,   0,   0,   0,   0,   0,   0,
          0,   0,  36, 255, 255, 255, 250, 225, 160,  39,   0,   0,   0,
          0,   0,  36, 255, 255, 255, 255, 255, 255, 245,  53,   0,   0,
          0,   0,  36, 255, 212,   0,  12,  64, 210, 255, 197,   0,   0,
          0,   0,  36, 255, 212,   0,   0,   0,  40, 255, 254,  12,   0,
          0,   0,  36, 255, 212,   0,   0,   0,   0, 247, 255,  30,   0,
          0,   0,  36, 255, 212,   0,   0,   0,  40, 255, 254,  12,   0,
          0,   0,  36, 255, 212,   0,  11,  64, 210, 255, 197,   0,   0,
          0,   0,  36, 255, 255, 255, 255, 255, 255, 245,  54,   0,   0,
          0,   0,  36, 255, 255, 255, 251, 226, 161,  40,   0,   0,   0,
          0,   0,   0,   0,   0,   0,   0,   0,   0,   0,   0,   0,   0,
          0,   0,   0,   0,   0,   0,   0,   0,   0,   0,   0,   0,   0,
          0,   0,   0,   0,   0,   0,   0,   0,   0,   0,   0,   0,   0,
          0,   0,   0,   0,   0,   0,   0,   0,   0,   0,   0,   0,   0,
    },
    // 'Ы' (U+042B), left=0, advance=12
    {
          0,   0,   0,   0,   0,   0,   0,   0,   0,   0,   0,   0,   0,
          0,   0,   0,   0,   0,   0,   0,   0,   0,   0,   0,   0,   0,
          0,   0,   0,   0,   0,   0,   0,   0,   0,   0,   0,   0,   0,
          0,   0,   0,   0,   0,   0,   0,   0,   0,   0,   0,   0,   0,
          0,   0,   0,   0,   0,   0,   0,   0,   0,   0,   0,   0,   0,
          0,   0,   0,   0,   0,   0,   0,   0,   0,   0,   0,   0,   0,
          0,   0,   0,   0,   0,   0,   0,   0,   0,   0,   0,   0,   0,
         92, 255, 156,   0,   0,   0,   0,   0,   0, 232, 255,  20,   0,
         92, 255, 156,   0,   0,   0,   0,   0,   0, 232, 255,  20,   0,
         92, 255, 156,   0,   0,   0,   0,   0,   0, 232, 255,  20,   0,
         92, 255, 156,   0,   0,   0,   0,   0,   0, 232, 255,  20,   0,
         92, 255, 156,   0,   0,   0,   0,   0,   0, 232, 255,  20,   0,
         92, 255, 156,   0,   0,   0,   0,   0,   0, 232, 255,  20,   0,
         92, 255, 255, 253, 226, 147,  19,   0,   0, 232, 255,  20,   0,
         92, 255, 255, 255, 255, 255, 220,  19,   0, 232, 255,  20,   0,
         92, 255, 156,   5,  56, 220, 255, 137,   0, 232, 255,  20,   0,
         92, 255, 156,   0,   0,  87, 255, 206,   0, 232, 255,  20,   0,
         92, 255, 156,   0,   0,  49, 255, 226,   0, 232, 255,  20,   0,
         92, 255, 156,   0,   0,  82, 255, 206,   0, 232, 255,  20,   0,
         92, 255, 156,   5,  62, 219, 255, 137,   0, 232, 255,  20,   0,
         92, 255, 255, 255, 255, 255, 220,  19,   0, 232, 255,  20,   0,
         92, 255, 255, 253, 228, 148,  19,   0,   0, 232, 255,  20,   0,
          0,   0,   0,   0,   0,   0,   0,   0,   0,   0,   0,   0,   0,
          0,   0,   0,   0,   0,   0,   0,   0,   0,   0,   0,   0,   0,
          0,   0,   0,   0,   0,   0,   0,   0,   0,   0,   0,   0,   0,
          0,   0,   0,   0,   0,   0,   0,   0,   0,   0,   0,   0,   0,
    },
    // 'Ь' (U+042C), left=1, advance=12
    {
          0,   0,   0,   0,   0,   0,   0,   0,   0,   0,   0,   0,   0,
          0,   0,   0,   0,   0,   0,   0,   0,   0,   0,   0,   0,   0,
          0,   0,   0,   0,   0,   0,   0,   0,   0,   0,   0,   0,   0,
          0,   0,   0,   0,   0,   0,   0,   0,   0,   0,   0,   0,   0,
          0,   0,   0,   0,   0,   0,   0,   0,   0,   0,   0,   0,   0,
          0,   0,   0,   0,   0,   0,   0,   0,   0,   0,   0,   0,   0,
          0,   0,   0,   0,   0,   0,   0,   0,   0,   0,   0,   0,   0,
          0,  20, 255, 228,   0,   0,   0,   0,   0,   0,   0,   0,   0,
          0,  20, 255, 228,   0,   0,   0,   0,   0,   0,   0,   0,   0,
          0,  20, 255, 228,   0,   0,   0,   0,   0,   0,   0,   0,   0,
          0,  20, 255, 228,   0,   0,   0,   0,   0,   0,   0,   0,   0,
          0,  20, 255, 228,   0,   0,   0,   0,   0,   0,   0,   0,   0,
          0,  20, 255, 228,   0,   0,   0,   0,   0,   0,   0,   0,   0,
          0,  20, 255, 255, 255, 255, 250, 225, 161,  40,   0,   0,   0,
          0,  20, 255, 255, 255, 255, 255, 255, 255, 245,  53,   0,   0,
          0,  20, 255, 228,   0,   0,  11,  64, 210, 255, 197,   0,   0,
          0,  20, 255, 228,   0,   0,   0,   0,  40, 255, 254,  12,   0,
          0,  20, 255, 228,   0,   0,   0,   0,   0, 247, 255,  30,   0,
          0,  20, 255, 228,   0,   0,   0,   0,  40, 255, 254,  12,   0,
          0,  20, 255, 228,   0,   0,  10,  63, 210, 255, 196,   0,   0,
          0,  20, 255, 255, 255, 255, 255, 255, 255, 244,  53,   0,   0,
          0,  20, 255, 255, 255, 255, 251, 226, 160,  39,   0,   0,   0,
          0,   0,   0,   0,   0,   0,   0,   0,   0,   0,   0,   0,   0,
          0,   0,   0,   0,   0,   0,   0,   0,   0,   0,   0,   0,   0,
          0,   0,   0,   0,   0,   0,   0,   0,   0,   0,   0,   0,   0,
          0,   0,   0,   0,   0,   0,   0,   0,   0,   0,   0,   0,   0,
    },
    // 'Э' (U+042D), left=1, advance=12
    {
          0,   0,   0,   0,   0,   0,   0,   0,   0,   0,   0,   0,   0,
          0,   0,   0,   0,   0,   0,   0,   0,   0,   0,   0,   0,   0,
          0,   0,   0,   0,   0,   0,   0,   0,   0,   0,   0,   0,   0,
          0,   0,   0,   0,   0,   0,   0,   0,   0,   0,   0,   0,   0,
          0,   0,   0,   0,   0,   0,   0,   0,   0,   0,   0,   0,   0,
          0,   0,   0,   0,   0,   0,   0,   0,   0,   0,   0,   0,   0,
          0,   0,   0,   0,   0,   0,   0,   0,   0,   0,   0,   0,   0,
          0,  25, 140, 214, 247, 232, 175,  62,   0,   0,   0,   0,   0,
          0, 164, 255, 255, 255, 255, 255, 255, 119,   0,   0,   0,   0,
          0, 139, 116,  43,   9,  23, 107, 245, 255,  68,   0,   0,   0,
          0,   0,   0,   0,   0,   0,   0,  86, 255, 198,   0,   0,   0,
          0,   0,   0,   0,   0,   0,   0,   2, 236, 255,  29,   0,   0,
          0,   0,   0,   0,   0,   0,   0,   0, 182, 255,  81,   0,   0,
          0,   0, 192, 255, 255, 255, 255, 255, 255, 255, 108,   0,   0,
          0,   0, 192, 255, 255, 255, 255, 255, 255, 255, 120,   0,   0,
          0,   0,   0,   0,   0,   0,   0,   0, 166, 255, 108,   0,   0,
          0,   0,   0,   0,   0,   0,   0,   0, 200, 255,  82,   0,   0,
          0,   0,   0,   0,   0,   0,   0,  24, 249, 255,  30,   0,   0,
          0,   0,   0,   0,   0,   0,   0, 139, 255, 199,   0,   0,   0,
          0, 138, 115,  42,   9,  28, 132, 254, 255,  69,   0,   0,   0,
          0, 164, 255, 255, 255, 255, 255, 255, 120,   0,   0,   0,   0,
          0,  25, 140, 215, 247, 234, 177,  63,   0,   0,   0,   0,   0,
          0,   0,   0,   0,   0,   0,   0,   0,   0,   0,   0,   0,   0,
          0,   0,   0,   0,   0,   0,   0,   0,   0,   0,   0,   0,   0,
          0,   0,   0,   0,   0,   0,   0,   0,   0,   0,   0,   0,   0,
          0,   0,   0,   0,   0,   0,   0,   0,   0,   0,   0,   0,   0,
    },
    // 'Ю' (U+042E), left=0, advance=12
    {
          0,   0,   0,   0,   0,   0,   0,   0,   0,   0,   0,   0,   0,
          0,   0,   0,   0,   0,   0,   0,   0,   0,   0,   0,   0,   0,
          0,   0,   0,   0,   0,   0,   0,   0,   0,   0,   0,   0,   0,
          0,   0,   0,   0,   0,   0,   0,   0,   0,   0,   0,   0,   0,
          0,   0,   0,   0,   0,   0,   0,   0,   0,   0,   0,   0,   0,
          0,   0,   0,   0,   0,   0,   0,   0,   0,   0,   0,   0,   0,
          0,   0,   0,   0,   0,   0,   0,   0,   0,   0,   0,   0,   0,
        104, 255, 144,   0,   0,  73, 209, 247, 213,  82,   0,   0,   0,
        104, 255, 144,   0,  47, 250, 255, 255, 255, 254,  62,   0,   0,
        104, 255, 144,   0, 165, 255, 137,  11, 118, 255, 189,   0,   0,
        104, 255, 144,   1, 238, 243,   7,   0,   2, 228, 253,  14,   0,
        104, 255, 144,  33, 255, 194,   0,   0,   0, 172, 255,  62,   0,
        104, 255, 144,  64, 255, 166,   0,   0,   0, 144, 255,  92,   0,
        104, 255, 144,  80, 255, 152,   0,   0,   0, 130, 255, 106,   0,
        104, 255, 255, 255, 255, 149,   0,   0,   0, 125, 255, 113,   0,
        104, 255, 255, 255, 255, 152,   0,   0,   0, 129, 255, 106,   0,
        104, 255, 144,  72, 255, 166,   0,   0,   0, 144, 255,  92,   0,
        104, 255, 144,  39, 255, 194,   0,   0,   0, 172, 255,  62,   0,
        104, 255, 144,   6, 241, 242,   6,   0,   1, 227, 253,  14,   0,
        104, 255, 144,   0, 158, 255, 136,  10, 116, 255, 189,   0,   0,
        104, 255, 144,   0,  47, 250, 255, 255, 255, 254,  63,   0,   0,
        104, 255, 144,   0,   0,  74, 209, 248, 214,  83,   0,   0,   0,
          0,   0,   0,   0,   0,   0,   0,   0,   0,   0,   0,   0,   0,
          0,   0,   0,   0,   0,   0,   0,   0,   0,   0,   0,   0,   0,
          0,   0,   0,   0,   0,   0,   0,   0,   0,   0,   0,   0,   0,
          0,   0,   0,   0,   0,   0,   0,   0,   0,   0,   0,   0,   0,
    },
    // 'Я' (U+042F), left=0, advance=12
    {
          0,   0,   0,   0,   0,   0,   0,   0,   0,   0,   0,   0,   0,
          0,   0,   0,   0,   0,   0,   0,   0,   0,   0,   0,   0,   0,
          0,   0,   0,   0,   0,   0,   0,   0,   0,   0,   0,   0,   0,
          0,   0,   0,   0,   0,   0,   0,   0,   0,   0,   0,   0,   0,
          0,   0,   0,   0,   0,   0,   0,   0,   0,   0,   0,   0,   0,
          0,   0,   0,   0,   0,   0,   0,   0,   0,   0,   0,   0,   0,
          0,   0,   0,   0,   0,   0,   0,   0,   0,   0,   0,   0,   0,
          0,   0,   1,  95, 192, 238, 253, 255, 255, 255, 255,  16,   0,
          0,   0, 158, 255, 255, 255, 255, 255, 255, 255, 255,  16,   0,
          0,  50, 255, 255, 131,  30,   3,   0,   0, 236, 255,  16,   0,
          0, 105, 255, 193,   0,   0,   0,   0,   0, 236, 255,  16,   0,
          0,  95, 255, 189,   0,   0,   0,   0,   0, 236, 255,  16,   0,
          0,  38, 251, 254, 116,  25,   2,   0,   0, 236, 255,  16,   0,
          0,   0, 109, 252, 255, 255, 255, 255, 255, 255, 255,  16,   0,
          0,   0,   0,  47, 223, 255, 255, 255, 255, 255, 255,  16,   0,
          0,   0,   0,  31, 250, 241,  16,   0,   0, 236, 255,  16,   0,
          0,   0,   0, 151, 255, 132,   0,   0,   0, 236, 255,  16,   0,
          0,   0,  26, 248, 244,  19,   0,   0,   0, 236, 255,  16,   0,
          0,   0, 143, 255, 139,   0,   0,   0,   0, 236, 255,  16,   0,
          0,  21, 245, 247,  24,   0,   0,   0,   0, 236, 255,  16,   0,
          0, 135, 255, 146,   0,   0,   0,   0,   0, 236, 255,  16,   0,
         16, 241, 249,  28,   0,   0,   0,   0,   0, 236, 255,  16,   0,
          0,   0,   0,   0,   0,   0,   0,   0,   0,   0,   0,   0,   0,
          0,   0,   0,   0,   0,   0,   0,   0,   0,   0,   0,   0,   0,
          0,   0,   0,   0,   0,   0,   0,   0,   0,   0,   0,   0,   0,
          0,   0,   0,   0,   0,   0,   0,   0,   0,   0,   0,   0,   0,
    },
    // 'а' (U+0430), left=1, advance=12
    {
          0,   0,   0,   0,   0,   0,   0,   0,   0,   0,   0,   0,   0,
          0,   0,   0,   0,   0,   0,   0,   0,   0,   0,   0,   0,   0,
          0,   0,   0,   0,   0,   0,   0,   0,   0,   0,   0,   0,   0,
          0,   0,   0,   0,   0,   0,   0,   0,   0,   0,   0,   0,   0,
          0,   0,   0,   0,   0,   0,   0,   0,   0,   0,   0,   0,   0,
          0,   0,   0,   0,   0,   0,   0,   0,   0,   0,   0,   0,   0,
          0,   0,   0,   0,   0,   0,   0,   0,   0,   0,   0,   0,   0,
          0,   0,   0,   0,   0,   0,   0,   0,   0,   0,   0,   0,   0,
          0,   0,   0,   0,   0,   0,   0,   0,   0,   0,   0,   0,   0,
          0,   0,   0,   0,   0,   0,   0,   0,   0,   0,   0,   0,   0,
          0,   0,   0,   0,   0,   0,   0,   0,   0,   0,   0,   0,   0,
          0,   0,  41, 141, 209, 244, 240, 195,  93,   0,   0,   0,   0,
          0,   0, 232, 255, 255, 255, 255, 255, 255, 132,   0,   0,   0,
          0,   0, 189, 111,  36,   6,  16,  76, 236, 247,  20,   0,   0,
          0,   0,   0,   0,   0,   0,   0,   0, 137, 255,  70,   0,   0,
          0,   0,  27, 147, 217, 247, 255, 255, 255, 255,  84,   0,   0,
          0,  27, 232, 255, 255, 255, 255, 255, 255, 255,  88,   0,   0,
          0, 136, 255, 181,  54,  14,   0,   0, 132, 255,  88,   0,   0,
          0, 172, 255,  41,   0,   0,   0,   2, 200, 255,  88,   0,   0,
          0, 141, 255, 155,  27,   8,  45, 168, 249, 255,  88,   0,   0,
          0,  40, 247, 255, 255, 255, 255, 235, 144, 255,  88,   0,   0,
          0,   0,  56, 189, 238, 240, 178,  38, 120, 255,  88,   0,   0,
          0,   0,   0,   0,   0,   0,   0,   0,   0,   0,   0,   0,   0,
          0,   0,   0,   0,   0,   0,   0,   0,   0,   0,   0,   0,   0,
          0,   0,   0,   0,   0,   0,   0,   0,   0,   0,   0,   0,   0,
          0,   0,   0,   0,   0,   0,   0,   0,   0,   0,   0,   0,   0,
    },
    // 'б' (U+0431), left=1, advance=12
    {
          0,   0,   0,   0,   0,   0,   0,   0,   0,   0,   0,   0,   0,
          0,   0,   0,   0,   0,   0,   0,   0,   0,   0,   0,   0,   0,
          0,   0,   0,   0,   0,   0,   0,   0,   0,   0,   0,   0,   0,
          0,   0,   0,   0,   0,   0,   0,   0,   0,   0,   0,   0,   0,
          0,   0,   0,   0,   0,   0,   0,   0,   0,   0,   0,   0,   0,
          0,   0,   0,   0,   0,   0,   0,   0,   0,   0,   0,   0,   0,
          0,   0,   0,   0,  25, 110, 161, 191, 219,  86,   0,   0,   0,
          0,   0,   0,  98, 246, 255, 255, 255, 255, 175,   0,   0,   0,
          0,   0, 105, 255, 255, 196, 123,  90,  62,  20,   0,   0,   0,
          0,  31, 244, 245,  85,   0,   0,   0,   0,   0,   0,   0,   0,
          0, 124, 255,  82,   0,   0,   0,   0,   0,   0,   0,   0,   0,
          0, 179, 230,  83, 196, 243, 247, 205,  98,   0,   0,   0,   0,
          0, 198, 250, 255, 255, 255, 255, 255, 255, 131,   0,   0,   0,
          0, 192, 255, 252, 118,  24,  22, 112, 250, 253,  36,   0,   0,
          0, 182, 255, 164,   0,   0,   0,   0, 154, 255, 120,   0,   0,
          0, 170, 255,  92,   0,   0,   0,   0,  82, 255, 162,   0,   0,
          0, 164, 255,  71,   0,   0,   0,   0,  59, 255, 175,   0,   0,
          0, 150, 255,  93,   0,   0,   0,   0,  82, 255, 163,   0,   0,
          0, 105, 255, 168,   0,   0,   0,   0, 154, 255, 121,   0,   0,
          0,  23, 248, 253, 122,  24,  22, 111, 250, 253,  38,   0,   0,
          0,   0, 111, 255, 255, 255, 255, 255, 255, 134,   0,   0,   0,
          0,   0,   0,  83, 197, 245, 246, 203,  98,   0,   0,   0,   0,
          0,   0,   0,   0,   0,   0,   0,   0,   0,   0,   0,   0,   0,
          0,   0,   0,   0,   0,   0,   0,   0,   0,   0,   0,   0,   0,
          0,   0,   0,   0,   0,   0,   0,   0,   0,   0,   0,   0,   0,
          0,   0,   0,   0,   0,   0,   0,   0,   0,   0,   0,   0,   0,
    },
    // 'в' (U+0432), left=2, advance=12
    {
          0,   0,   0,   0,   0,   0,   0,   0,   0,   0,   0,   0,   0,
          0,   0,   0,   0,   0,   0,   0,   0,   0,   0,   0,   0,   0,
          0,   0,   0,   0,   0,   0,   0,   0,   0,   0,   0,   0,   0,
          0,   0,   0,   0,   0,   0,   0,   0,   0,   0,   0,   0,   0,
          0,   0,   0,   0,   0,   0,   0,   0,   0,   0,   0,   0,   0,
          0,   0,   0,   0,   0,   0,   0,   0,   0,   0,   0,   0,   0,
          0,   0,   0,   0,   0,   0,   0,   0,   0,   0,   0,   0,   0,
          0,   0,   0,   0,   0,   0,   0,   0,   0,   0,   0,   0,   0,
          0,   0,   0,   0,   0,   0,   0,   0,   0,   0,   0,   0,   0,
          0,   0,   0,   0,   0,   0,   0,   0,   0,   0,   0,   0,   0,
          0,   0,   0,   0,   0,   0,   0,   0,   0,   0,   0,   0,   0,
          0,   0, 244, 255, 255, 255, 237, 191,  66,   0,   0,   0,   0,
          0,   0, 244, 255, 255, 255, 255, 255, 250,  53,   0,   0,   0,
          0,   0, 244, 216,   0,   0,  12, 144, 255, 123,   0,   0,   0,
          0,   0, 244, 216,   0,   0,  12, 144, 255,  86,   0,   0,   0,
          0,   0, 244, 255, 255, 255, 255, 245, 137,   3,   0,   0,   0,
          0,   0, 244, 255, 255, 255, 255, 255, 215,  47,   0,   0,   0,
          0,   0, 244, 216,   0,   0,   9,  90, 255, 199,   0,   0,   0,
          0,   0, 244, 216,   0,   0,   0,   0, 244, 246,   0,   0,   0,
          0,   0, 244, 216,   0,   0,  12, 119, 255, 229,   0,   0,   0,
          0,   0, 244, 255, 255, 255, 255, 255, 255, 125,   0,   0,   0,
          0,   0, 244, 255, 255, 255, 242, 205,  98,   1,   0,   0,   0,
          0,   0,   0,   0,   0,   0,   0,   0,   0,   0,   0,   0,   0,
          0,   0,   0,   0,   0,   0,   0,   0,   0,   0,   0,   0,   0,
          0,   0,   0,   0,   0,   0,   0,   0,   0,   0,   0,   0,   0,
          0,   0,   0,   0,   0,   0,   0,   0,   0,   0,   0,   0,   0,
    },
    // 'г' (U+0433), left=2, advance=12
    {
          0,   0,   0,   0,   0,   0,   0,   0,   0,   0,   0,   0,   0,
          0,   0,   0,   0,   0,   0,   0,   0,   0,   0,   0,   0,   0,
          0,   0,   0,   0,   0,   0,   0,   0,   0,   0,   0,   0,   0,
          0,   0,   0,   0,   0,   0,   0,   0,   0,   0,   0,   0,   0,
          0,   0,   0,   0,   0,   0,   0,   0,   0,   0,   0,   0,   0,
          0,   0,   0,   0,   0,   0,   0,   0,   0,   0,   0,   0,   0,
          0,   0,   0,   0,   0,   0,   0,   0,   0,   0,   0,   0,   0,
          0,   0,   0,   0,   0,   0,   0,   0,   0,   0,   0,   0,   0,
          0,   0,   0,   0,   0,   0,   0,   0,   0,   0,   0,   0,   0,
          0,   0,   0,   0,   0,   0,   0,   0,   0,   0,   0,   0,   0,
          0,   0,   0,   0,   0,   0,   0,   0,   0,   0,   0,   0,   0,
          0,   0, 124, 255, 255, 255, 255, 255, 255, 220,   0,   0,   0,
          0,   0, 124, 255, 255, 255, 255, 255, 255, 220,   0,   0,   0,
          0,   0, 124, 255,  80,   0,   0,   0,   0,   0,   0,   0,   0,
          0,   0, 124, 255,  80,   0,   0,   0,   0,   0,   0,   0,   0,
          0,   0, 124, 255,  80,   0,   0,   0,   0,   0,   0,   0,   0,
          0,   0, 124, 255,  80,   0,   0,   0,   0,   0,   0,   0,   0,
          0,   0, 124, 255,  80,   0,   0,   0,   0,   0,   0,   0,   0,
          0,   0, 124, 255,  80,   0,   0,   0,   0,   0,   0,   0,   0,
          0,   0, 124, 255,  80,   0,   0,   0,   0,   0,   0,   0,   0,
          0,   0, 124, 255,  80,   0,   0,   0,   0,   0,   0,   0,   0,
          0,   0, 124, 255,  80,   0,   0,   0,   0,   0,   0,   0,   0,
          0,   0,   0,   0,   0,   0,   0,   0,   0,   0,   0,   0,   0,
          0,   0,   0,   0,   0,   0,   0,   0,   0,   0,   0,   0,   0,
          0,   0,   0,   0,   0,   0,   0,   0,   0,   0,   0,   0,   0,
          0,   0,   0,   0,   0,   0,   0,   0,   0,   0,   0,   0,   0,
    },
    // 'д' (U+0434), left=1, advance=12
    {
          0,   0,   0,   0,   0,   0,   0,   0,   0,   0,   0,   0,   0,
          0,   0,   0,   0,   0,   0,   0,   0,   0,   0,   0,   0,   0,
          0,   0,   0,   0,   0,   0,   0,   0,   0,   0,   0,   0,   0,
          0,   0,   0,   0,   0,   0,   0,   0,   0,   0,   0,   0,   0,
          0,   0,   0,   0,   0,   0,   0,   0,   0,   0,   0,   0,   0,
          0,   0,   0,   0,   0,   0,   0,   0,   0,   0,   0,   0,   0,
          0,   0,   0,   0,   0,   0,   0,   0,   0,   0,   0,   0,   0,
          0,   0,   0,   0,   0,   0,   0,   0,   0,   0,   0,   0,   0,
          0,   0,   0,   0,   0,   0,   0,   0,   0,   0,   0,   0,   0,
          0,   0,   0,   0,   0,   0,   0,   0,   0,   0,   0,   0,   0,
          0,   0,   0,   0,   0,   0,   0,   0,   0,   0,   0,   0,   0,
          0,   0, 120, 255, 255, 255, 255, 255, 255, 212,   0,   0,   0,
          0,   0, 120, 255, 255, 255, 255, 255, 255, 212,   0,   0,   0,
          0,   0, 120, 255,  80,   0,   0,   0, 248, 212,   0,   0,   0,
          0,   0, 120, 255,  80,   0,   0,   0, 248, 212,   0,   0,   0,
          0,   0, 124, 255,  78,   0,   0,   0, 248, 212,   0,   0,   0,
          0,   0, 136, 255,  66,   0,   0,   0, 248, 212,   0,   0,   0,
          0,   0, 153, 255,  48,   0,   0,   0, 248, 212,   0,   0,   0,
          0,   0, 178, 255,  27,   0,   0,   0, 248, 212,   0,   0,   0,
          0,   7, 230, 250,   5,   0,   0,   0, 248, 212,   0,   0,   0,
          0, 248, 255, 255, 255, 255, 255, 255, 255, 255, 255,   4,   0,
          0, 248, 255, 255, 255, 255, 255, 255, 255, 255, 255,   4,   0,
          0, 248, 124,   0,   0,   0,   0,   0,   0, 116, 255,   4,   0,
          0, 248, 124,   0,   0,   0,   0,   0,   0, 116, 255,   4,   0,
          0, 248, 124,   0,   0,   0,   0,   0,   0, 116, 255,   4,   0,
          0,   0,   0,   0,   0,   0,   0,   0,   0,   0,   0,   0,   0,
    },
    // 'е' (U+0435), left=1, advance=12
    {
          0,   0,   0,   0,   0,   0,   0,   0,   0,   0,   0,   0,   0,
          0,   0,   0,   0,   0,   0,   0,   0,   0,   0,   0,   0,   0,
          0,   0,   0,   0,   0,   0,   0,   0,   0,   0,   0,   0,   0,
          0,   0,   0,   0,   0,   0,   0,   0,   0,   0,   0,   0,   0,
          0,   0,   0,   0,   0,   0,   0,   0,   0,   0,   0,   0,   0,
          0,   0,   0,   0,   0,   0,   0,   0,   0,   0,   0,   0,   0,
          0,   0,   0,   0,   0,   0,   0,   0,   0,   0,   0,   0,   0,
          0,   0,   0,   0,   0,   0,   0,   0,   0,   0,   0,   0,   0,
          0,   0,   0,   0,   0,   0,   0,   0,   0,   0,   0,   0,   0,
          0,   0,   0,   0,   0,   0,   0,   0,   0,   0,   0,   0,   0,
          0,   0,   0,   0,   0,   0,   0,   0,   0,   0,   0,   0,   0,
          0,   0,   0,  55, 175, 235, 250, 221, 135,  11,   0,   0,   0,
          0,   0,  91, 252, 255, 255, 255, 255, 255, 199,   6,   0,   0,
          0,  29, 247, 240,  99,  23,   8,  47, 185, 255, 107,   0,   0,
          0, 128, 255,  89,   0,   0,   0,   0,  18, 253, 185,   0,   0,
          0, 183, 255, 252, 252, 253, 253, 254, 255, 255, 214,   0,   0,
          0, 199, 255, 255, 255, 255, 255, 255, 255, 255, 220,   0,   0,
          0, 183, 255,  40,   0,   0,   0,   0,   0,   0,   0,   0,   0,
          0, 130, 255, 123,   0,   0,   0,   0,   0,   0,   0,   0,   0,
          0,  31, 248, 250, 130,  37,   8,  30,  75, 165, 102,   0,   0,
          0,   0,  93, 251, 255, 255, 255, 255, 255, 255, 112,   0,   0,
          0,   0,   0,  52, 169, 230, 250, 225, 181,  91,   9,   0,   0,
          0,   0,   0,   0,   0,   0,   0,   0,   0,   0,   0,   0,   0,
          0,   0,   0,   0,   0,   0,   0,   0,   0,   0,   0,   0,   0,
          0,   0,   0,   0,   0,   0,   0,   0,   0,   0,   0,   0,   0,
          0,   0,   0,   0,   0,   0,   0,   0,   0,   0,   0,   0,   0,
    },
    // 'ё' (U+0451), left=1, advance=12
    {
          0,   0,   0,   0,   0,   0,   0,   0,   0,   0,   0,   0,   0,
          0,   0,   0,   0,   0,   0,   0,   0,   0,   0,   0,   0,   0,
          0,   0,   0,   0,   0,   0,   0,   0,   0,   0,   0,   0,   0,
          0,   0,   0,   0,   0,   0,   0,   0,   0,   0,   0,   0,   0,
          0,   0,   0,   0,   0,   0,   0,   0,   0,   0,   0,   0,   0,
          0,   0,   0,   0,   0,   0,   0,   0,   0,   0,   0,   0,   0,
          0,   0,   0,   0,   0,   0,   0,   0,   0,   0,   0,   0,   0,
          0,   0,   0,   0,   0,   0,   0,   0,   0,   0,   0,   0,   0,
          0,   0,   0, 140, 255, 112,   0, 184, 255,  68,   0,   0,   0,
          0,   0,   0, 140, 255, 112,   0, 184, 255,  68,   0,   0,   0,
          0,   0,   0,   0,   0,   0,   0,   0,   0,   0,   0,   0,   0,
          0,   0,   0,  55, 175, 235, 250, 221, 135,  11,   0,   0,   0,
          0,   0,  91, 252, 255, 255, 255, 255, 255, 199,   6,   0,   0,
          0,  29, 247, 240,  99,  23,   8,  47, 185, 255, 107,   0,   0,
          0, 128, 255,  89,   0,   0,   0,   0,  18, 253, 185,   0,   0,
          0, 183, 255, 252, 252, 253, 253, 254, 255, 255, 214,   0,   0,
          0, 199, 255, 255, 255, 255, 255, 255, 255, 255, 220,   0,   0,
          0, 183, 255,  40,   0,   0,   0,   0,   0,   0,   0,   0,   0,
          0, 130, 255, 123,   0,   0,   0,   0,   0,   0,   0,   0,   0,
          0,  31, 248, 250, 130,  37,   8,  30,  75, 165, 102,   0,   0,
          0,   0,  93, 251, 255, 255, 255, 255, 255, 255, 112,   0,   0,
          0,   0,   0,  52, 169, 230, 250, 225, 181,  91,   9,   0,   0,
          0,   0,   0,   0,   0,   0,   0,   0,   0,   0,   0,   0,   0,
          0,   0,   0,   0,   0,   0,   0,   0,   0,   0,   0,   0,   0,
          0,   0,   0,   0,   0,   0,   0,   0,   0,   0,   0,   0,   0,
          0,   0,   0,   0,   0,   0,   0,   0,   0,   0,   0,   0,   0,
    },
    // 'ж' (U+0436), left=0, advance=12
    {
          0,   0,   0,   0,   0,   0,   0,   0,   0,   0,   0,   0,   0,
          0,   0,   0,   0,   0,   0,   0,   0,   0,   0,   0,   0,   0,
          0,   0,   0,   0,   0,   0,   0,   0,   0,   0,   0,   0,   0,
          0,   0,   0,   0,   0,   0,   0,   0,   0,   0,   0,   0,   0,
          0,   0,   0,   0,   0,   0,   0,   0,   0,   0,   0,   0,   0,
          0,   0,   0,   0,   0,   0,   0,   0,   0,   0,   0,   0,   0,
          0,   0,   0,   0,   0,   0,   0,   0,   0,   0,   0,   0,   0,
          0,   0,   0,   0,   0,   0,   0,   0,   0,   0,   0,   0,   0,
          0,   0,   0,   0,   0,   0,   0,   0,   0,   0,   0,   0,   0,
          0,   0,   0,   0,   0,   0,   0,   0,   0,   0,   0,   0,   0,
          0,   0,   0,   0,   0,   0,   0,   0,   0,   0,   0,   0,   0,
         12, 228, 238,  20,   0, 204, 216,   0,  13, 230, 235,  17,   0,
          0,  89, 255, 153,   0, 204, 216,   0, 138, 255, 102,   0,   0,
          0,   0, 193, 253,  51, 204, 216,  38, 250, 206,   2,   0,   0,
          0,   0,  46, 252, 198, 205, 216, 182, 255,  59,   0,   0,   0,
          0,   0,  24, 252, 255, 252, 251, 255, 255,  36,   0,   0,   0,
          0,   0, 114, 255, 253, 255, 255, 251, 255, 128,   0,   0,   0,
          0,   0, 206, 237, 116, 255, 255, 117, 227, 219,   0,   0,   0,
          0,  41, 255, 150,   4, 225, 232,   5, 138, 255,  55,   0,   0,
          0, 134, 255,  58,   0, 204, 216,   0,  45, 255, 146,   0,   0,
          1, 224, 221,   0,   0, 204, 216,   0,   0, 210, 233,   4,   0,
         62, 255, 130,   0,   0, 204, 216,   0,   0, 118, 255,  74,   0,
          0,   0,   0,   0,   0,   0,   0,   0,   0,   0,   0,   0,   0,
          0,   0,   0,   0,   0,   0,   0,   0,   0,   0,   0,   0,   0,
          0,   0,   0,   0,   0,   0,   0,   0,   0,   0,   0,   0,   0,
          0,   0,   0,   0,   0,   0,   0,   0,   0,   0,   0,   0,   0,
    },
    // 'з' (U+0437), left=1, advance=12
    {
          0,   0,   0,   0,   0,   0,   0,   0,   0,   0,   0,   0,   0,
          0,   0,   0,   0,   0,   0,   0,   0,   0,   0,   0,   0,   0,
          0,   0,   0,   0,   0,   0,   0,   0,   0,   0,   0,   0,   0,
          0,   0,   0,   0,   0,   0,   0,   0,   0,   0,   0,   0,   0,
          0,   0,   0,   0,   0,   0,   0,   0,   0,   0,   0,   0,   0,
          0,   0,   0,   0,   0,   0,   0,   0,   0,   0,   0,   0,   0,
          0,   0,   0,   0,   0,   0,   0,   0,   0,   0,   0,   0,   0,
          0,   0,   0,   0,   0,   0,   0,   0,   0,   0,   0,   0,   0,
          0,   0,   0,   0,   0,   0,   0,   0,   0,   0,   0,   0,   0,
          0,   0,   0,   0,   0,   0,   0,   0,   0,   0,   0,   0,   0,
          0,   0,   0,   0,   0,   0,   0,   0,   0,   0,   0,   0,   0,
          0,   0,  45, 145, 212, 246, 233, 197, 104,   5,   0,   0,   0,
          0,   0, 244, 255, 255, 255, 255, 255, 255, 171,   0,   0,   0,
          0,   0, 191,  99,  40,   6,  17,  77, 235, 255,   9,   0,   0,
          0,   0,   0,   0,   0,   1,  15,  73, 232, 215,   0,   0,   0,
          0,   0,   0,  12, 255, 255, 255, 247, 171,  33,   0,   0,   0,
          0,   0,   0,  12, 255, 255, 255, 254, 199,  57,   0,   0,   0,
          0,   0,   0,   0,   0,   2,  22,  87, 228, 242,  27,   0,   0,
          0,   0,   0,   0,   0,   0,   0,   0, 122, 255,  87,   0,   0,
          0,  80, 156,  59,  22,   6,  25,  89, 229, 255,  62,   0,   0,
          0,  88, 255, 255, 255, 255, 255, 255, 255, 176,   1,   0,   0,
          0,   6,  89, 185, 230, 251, 235, 189, 100,   3,   0,   0,   0,
          0,   0,   0,   0,   0,   0,   0,   0,   0,   0,   0,   0,   0,
          0,   0,   0,   0,   0,   0,   0,   0,   0,   0,   0,   0,   0,
          0,   0,   0,   0,   0,   0,   0,   0,   0,   0,   0,   0,   0,
          0,   0,   0,   0,   0,   0,   0,   0,   0,   0,   0,   0,   0,
    },
    // 'и' (U+0438), left=1, advance=12
    {
          0,   0,   0,   0,   0,   0,   0,   0,   0,   0,   0,   0,   0,
          0,   0,   0,   0,   0,   0,   0,   0,   0,   0,   0,   0,   0,
          0,   0,   0,   0,   0,   0,   0,   0,   0,   0,   0,   0,   0,
          0,   0,   0,   0,   0,   0,   0,   0,   0,   0,   0,   0,   0,
          0,   0,   0,   0,   0,   0,   0,   0,   0,   0,   0,   0,   0,
          0,   0,   0,   0,   0,   0,   0,   0,   0,   0,   0,   0,   0,
          0,   0,   0,   0,   0,   0,   0,   0,   0,   0,   0,   0,   0,
          0,   0,   0,   0,   0,   0,   0,   0,   0,   0,   0,   0,   0,
          0,   0,   0,   0,   0,   0,   0,   0,   0,   0,   0,   0,   0,
          0,   0,   0,   0,   0,   0,   0,   0,   0,   0,   0,   0,   0,
          0,   0,   0,   0,   0,   0,   0,   0,   0,   0,   0,   0,   0,
          0,  24, 255, 180,   0,   0,   0,   4, 212, 255,  64,   0,   0,
          0,  24, 255, 180,   0,   0,   0, 113, 255, 255,  64,   0,   0,
          0,  24, 255, 180,   0,   0,  24, 241, 255, 255,  64,   0,   0,
          0,  24, 255, 180,   0,   0, 163, 253, 189, 255,  64,   0,   0,
          0,  24, 255, 180,   0,  61, 255, 149, 140, 255,  64,   0,   0,
          0,  24, 255, 180,   3, 209, 235,  17, 140, 255,  64,   0,   0,
          0,  24, 255, 180, 110, 255,  99,   0, 140, 255,  64,   0,   0,
          0,  24, 255, 202, 240, 201,   1,   0, 140, 255,  64,   0,   0,
          0,  24, 255, 255, 253,  52,   0,   0, 140, 255,  64,   0,   0,
          0,  24, 255, 255, 152,   0,   0,   0, 140, 255,  64,   0,   0,
          0,  24, 255, 237,  19,   0,   0,   0, 140, 255,  64,   0,   0,
          0,   0,   0,   0,   0,   0,   0,   0,   0,   0,   0,   0,   0,
          0,   0,   0,   0,   0,   0,   0,   0,   0,   0,   0,   0,   0,
          0,   0,   0,   0,   0,   0,   0,   0,   0,   0,   0,   0,   0,
          0,   0,   0,   0,   0,   0,   0,   0,   0,   0,   0,   0,   0,
    },
    // 'й' (U+0439), left=1, advance=12
    {
          0,   0,   0,   0,   0,   0,   0,   0,   0,   0,   0,   0,   0,
          0,   0,   0,   0,   0,   0,   0,   0,   0,   0,   0,   0,   0,
          0,   0,   0,   0,   0,   0,   0,   0,   0,   0,   0,   0,   0,
          0,   0,   0,   0,   0,   0,   0,   0,   0,   0,   0,   0,   0,
          0,   0,   0,   0,   0,   0,   0,   0,   0,   0,   0,   0,   0,
          0,   0,   0,   0,   0,   0,   0,   0,   0,   0,   0,   0,   0,
          0,   0,   1, 240, 126,  13,  12, 120, 244,   3,   0,   0,   0,
          0,   0,   0, 162, 255, 255, 255, 255, 167,   0,   0,   0,   0,
          0,   0,   0,  18, 164, 237, 237, 167,  19,   0,   0,   0,   0,
          0,   0,   0,   0,   0,   0,   0,   0,   0,   0,   0,   0,   0,
          0,   0,   0,   0,   0,   0,   0,   0,   0,   0,   0,   0,   0,
          0,  24, 255, 180,   0,   0,   0,   4, 212, 255,  64,   0,   0,
          0,  24, 255, 180,   0,   0,   0, 113, 255, 255,  64,   0,   0,
          0,  24, 255, 180,   0,   0,  24, 241, 255, 255,  64,   0,   0,
          0,  24, 255, 180,   0,   0, 163, 253, 189, 255,  64,   0,   0,
          0,  24, 255, 180,   0,  61, 255, 149, 140, 255,  64,   0,   0,
          0,  24, 255, 180,   3, 209, 235,  17, 140, 255,  64,   0,   0,
          0,  24, 255, 180, 110, 255,  99,   0, 140, 255,  64,   0,   0,
          0,  24, 255, 202, 240, 201,   1,   0, 140, 255,  64,   0,   0,
          0,  24, 255, 255, 253,  52,   0,   0, 140, 255,  64,   0,   0,
          0,  24, 255, 255, 152,   0,   0,   0, 140, 255,  64,   0,   0,
          0,  24, 255, 237,  19,   0,   0,   0, 140, 255,  64,   0,   0,
          0,   0,   0,   0,   0,   0,   0,   0,   0,   0,   0,   0,   0,
          0,   0,   0,   0,   0,   0,   0,   0,   0,   0,   0,   0,   0,
          0,   0,   0,   0,   0,   0,   0,   0,   0,   0,   0,   0,   0,
          0,   0,   0,   0,   0,   0,   0,   0,   0,   0,   0,   0,   0,
    },
    // 'к' (U+043A), left=2, advance=12
    {
          0,   0,   0,   0,   0,   0,   0,   0,   0,   0,   0,   0,   0,
          0,   0,   0,   0,   0,   0,   0,   0,   0,   0,   0,   0,   0,
          0,   0,   0,   0,   0,   0,   0,   0,   0,   0,   0,   0,   0,
          0,   0,   0,   0,   0,   0,   0,   0,   0,   0,   0,   0,   0,
          0,   0,   0,   0,   0,   0,   0,   0,   0,   0,   0,   0,   0,
          0,   0,   0,   0,   0,   0,   0,   0,   0,   0,   0,   0,   0,
          0,   0,   0,   0,   0,   0,   0,   0,   0,   0,   0,   0,   0,
          0,   0,   0,   0,   0,   0,   0,   0,   0,   0,   0,   0,   0,
          0,   0,   0,   0,   0,   0,   0,   0,   0,   0,   0,   0,   0,
          0,   0,   0,   0,   0,   0,   0,   0,   0,   0,   0,   0,   0,
          0,   0,   0,   0,   0,   0,   0,   0,   0,   0,   0,   0,   0,
          0,   0, 176, 255,  40,   0,   0,   3, 161, 255, 138,   0,   0,
          0,   0, 176, 255,  40,   0,   4, 168, 255, 130,   0,   0,   0,
          0,   0, 176, 255,  40,   6, 175, 255, 120,   0,   0,   0,   0,
          0,   0, 176, 255,  48, 182, 255, 111,   0,   0,   0,   0,   0,
          0,   0, 176, 255, 214, 255, 240,  26,   0,   0,   0,   0,   0,
          0,   0, 176, 255, 250, 159, 255, 189,   2,   0,   0,   0,   0,
          0,   0, 176, 255,  87,   0, 170, 255, 121,   0,   0,   0,   0,
          0,   0, 176, 255,  40,   0,  17, 226, 251,  55,   0,   0,   0,
          0,   0, 176, 255,  40,   0,   0,  63, 253, 221,  14,   0,   0,
          0,   0, 176, 255,  40,   0,   0,   0, 134, 255, 165,   0,   0,
          0,   0, 176, 255,  40,   0,   0,   0,   5, 202, 255,  95,   0,
          0,   0,   0,   0,   0,   0,   0,   0,   0,   0,   0,   0,   0,
          0,   0,   0,   0,   0,   0,   0,   0,   0,   0,   0,   0,   0,
          0,   0,   0,   0,   0,   0,   0,   0,   0,   0,   0,   0,   0,
          0,   0,   0,   0,   0,   0,   0,   0,   0,   0,   0,   0,   0,
    },
    // 'л' (U+043B), left=0, advance=12
    {
          0,   0,   0,   0,   0,   0,   0,   0,   0,   0,   0,   0,   0,
          0,   0,   0,   0,   0,   0,   0,   0,   0,   0,   0,   0,   0,
          0,   0,   0,   0,   0,   0,   0,   0,   0,   0,   0,   0,   0,
          0,   0,   0,   0,   0,   0,   0,   0,   0,   0,   0,   0,   0,
          0,   0,   0,   0,   0,   0,   0,   0,   0,   0,   0,   0,   0,
          0,   0,   0,   0,   0,   0,   0,   0,   0,   0,   0,   0,   0,
          0,   0,   0,   0,   0,   0,   0,   0,   0,   0,   0,   0,   0,
          0,   0,   0,   0,   0,   0,   0,   0,   0,   0,   0,   0,   0,
          0,   0,   0,   0,   0,   0,   0,   0,   0,   0,   0,   0,   0,
          0,   0,   0,   0,   0,   0,   0,   0,   0,   0,   0,   0,   0,
          0,   0,   0,   0,   0,   0,   0,   0,   0,   0,   0,   0,   0,
          0,   0, 104, 255, 255, 255, 255, 255, 255, 255,  64,   0,   0,
          0,   0, 104, 255, 255, 255, 255, 255, 255, 255,  64,   0,   0,
          0,   0, 104, 255, 100,   0,   0,   0, 140, 255,  64,   0,   0,
          0,   0, 104, 255, 100,   0,   0,   0, 140, 255,  64,   0,   0,
          0,   0, 108, 255,  98,   0,   0,   0, 140, 255,  64,   0,   0,
          0,   0, 115, 255,  93,   0,   0,   0, 140, 255,  64,   0,   0,
          0,   0, 132, 255,  80,   0,   0,   0, 140, 255,  64,   0,   0,
          0,   0, 174, 255,  56,   0,   0,   0, 140, 255,  64,   0,   0,
          3,  70, 250, 250,  10,   0,   0,   0, 140, 255,  64,   0,   0,
        180, 255, 255, 153,   0,   0,   0,   0, 140, 255,  64,   0,   0,
        179, 239, 163,  14,   0,   0,   0,   0, 140, 255,  64,   0,   0,
          0,   0,   0,   0,   0,   0,   0,   0,   0,   0,   0,   0,   0,
          0,   0,   0,   0,   0,   0,   0,   0,   0,   0,   0,   0,   0,
          0,   0,   0,   0,   0,   0,   0,   0,   0,   0,   0,   0,   0,
          0,   0,   0,   0,   0,   0,   0,   0,   0,   0,   0,   0,   0,
    },
    // 'м' (U+043C), left=0, advance=12
    {
          0,   0,   0,   0,   0,   0,   0,   0,   0,   0,   0,   0,   0,
          0,   0,   0,   0,   0,   0,   0,   0,   0,   0,   0,   0,   0,
          0,   0,   0,   0,   0,   0,   0,   0,   0,   0,   0,   0,   0,
          0,   0,   0,   0,   0,   0,   0,   0,   0,   0,   0,   0,   0,
          0,   0,   0,   0,   0,   0,   0,   0,   0,   0,   0,   0,   0,
          0,   0,   0,   0,   0,   0,   0,   0,   0,   0,   0,   0,   0,
          0,   0,   0,   0,   0,   0,   0,   0,   0,   0,   0,   0,   0,
          0,   0,   0,   0,   0,   0,   0,   0,   0,   0,   0,   0,   0,
          0,   0,   0,   0,   0,   0,   0,   0,   0,   0,   0,   0,   0,
          0,   0,   0,   0,   0,   0,   0,   0,   0,   0,   0,   0,   0,
          0,   0,   0,   0,   0,   0,   0,   0,   0,   0,   0,   0,   0,
        104, 255, 169,   0,   0,   0,   0,   0,   0, 142, 255, 132,   0,
        104, 255, 254,  53,   0,   0,   0,   0,  31, 248, 255, 132,   0,
        104, 255, 255, 191,   0,   0,   0,   0, 163, 255, 255, 132,   0,
        104, 255, 249, 255,  75,   0,   0,  47, 253, 249, 255, 132,   0,
        104, 255, 136, 246, 211,   2,   0, 184, 253, 128, 255, 132,   0,
        104, 255, 100, 118, 255,  97,  67, 255, 145,  72, 255, 132,   0,
        104, 255, 100,   3, 204, 227, 206, 224,  11,  72, 255, 132,   0,
        104, 255, 100,   0,  47, 251, 255,  71,   0,  72, 255, 132,   0,
        104, 255, 100,   0,   0,   0,   0,   0,   0,  72, 255, 132,   0,
        104, 255, 100,   0,   0,   0,   0,   0,   0,  72, 255, 132,   0,
        104, 255, 100,   0,   0,   0,   0,   0,   0,  72, 255, 132,   0,
          0,   0,   0,   0,   0,   0,   0,   0,   0,   0,   0,   0,   0,
          0,   0,   0,   0,   0,   0,   0,   0,   0,   0,   0,   0,   0,
          0,   0,   0,   0,   0,   0,   0,   0,   0,   0,   0,   0,   0,
          0,   0,   0,   0,   0,   0,   0,   0,   0,   0,   0,   0,   0,
    },
    // 'н' (U+043D), left=1, advance=12
    {
          0,   0,   0,   0,   0,   0,   0,   0,   0,   0,   0,   0,   0,
          0,   0,   0,   0,   0,   0,   0,   0,   0,   0,   0,   0,   0,
          0,   0,   0,   0,   0,   0,   0,   0,   0,   0,   0,   0,   0,
          0,   0,   0,   0,   0,   0,   0,   0,   0,   0,   0,   0,   0,
          0,   0,   0,   0,   0,   0,   0,   0,   0,   0,   0,   0,   0,
          0,   0,   0,   0,   0,   0,   0,   0,   0,   0,   0,   0,   0,
          0,   0,   0,   0,   0,   0,   0,   0,   0,   0,   0,   0,   0,
          0,   0,   0,   0,   0,   0,   0,   0,   0,   0,   0,   0,   0,
          0,   0,   0,   0,   0,   0,   0,   0,   0,   0,   0,   0,   0,
          0,   0,   0,   0,   0,   0,   0,   0,   0,   0,   0,   0,   0,
          0,   0,   0,   0,   0,   0,   0,   0,   0,   0,   0,   0,   0,
          0,  24, 255, 180,   0,   0,   0,   0, 140, 255,  64,   0,   0,
          0,  24, 255, 180,   0,   0,   0,   0, 140, 255,  64,   0,   0,
          0,  24, 255, 180,   0,   0,   0,   0, 140, 255,  64,   0,   0,
          0,  24, 255, 180,   0,   0,   0,   0, 140, 255,  64,   0,   0,
          0,  24, 255, 255, 255, 255, 255, 255, 255, 255,  64,   0,   0,
          0,  24, 255, 255, 255, 255, 255, 255, 255, 255,  64,   0,   0,
          0,  24, 255, 180,   0,   0,   0,   0, 140, 255,  64,   0,   0,
          0,  24, 255, 180,   0,   0,   0,   0, 140, 255,  64,   0,   0,
          0,  24, 255, 180,   0,   0,   0,   0, 140, 255,  64,   0,   0,
          0,  24, 255, 180,   0,   0,   0,   0, 140, 255,  64,   0,   0,
          0,  24, 255, 180,   0,   0,   0,   0, 140, 255,  64,   0,   0,
          0,   0,   0,   0,   0,   0,   0,   0,   0,   0,   0,   0,   0,
          0,   0,   0,   0,   0,   0,   0,   0,   0,   0,   0,   0,   0,
          0,   0,   0,   0,   0,   0,   0,   0,   0,   0,   0,   0,   0,
          0,   0,   0,   0,   0,   0,   0,   0,   0,   0,   0,   0,   0,
    },
    // 'о' (U+043E), left=1, advance=12
    {
          0,   0,   0,   0,   0,   0,   0,   0,   0,   0,   0,   0,   0,
          0,   0,   0,   0,   0,   0,   0,   0,   0,   0,   0,   0,   0,
          0,   0,   0,   0,   0,   0,   0,   0,   0,   0,   0,   0,   0,
          0,   0,   0,   0,   0,   0,   0,   0,   0,   0,   0,   0,   0,
          0,   0,   0,   0,   0,   0,   0,   0,   0,   0,   0,   0,   0,
          0,   0,   0,   0,   0,   0,   0,   0,   0,   0,   0,   0,   0,
          0,   0,   0,   0,   0,   0,   0,   0,   0,   0,   0,   0,   0,
          0,   0,   0,   0,   0,   0,   0,   0,   0,   0,   0,   0,   0,
          0,   0,   0,   0,   0,   0,   0,   0,   0,   0,   0,   0,   0,
          0,   0,   0,   0,   0,   0,   0,   0,   0,   0,   0,   0,   0,
          0,   0,   0,   0,   0,   0,   0,   0,   0,   0,   0,   0,   0,
          0,   0,   0,  89, 200, 244, 245, 202,  96,   0,   0,   0,   0,
          0,   0, 120, 255, 255, 255, 255, 255, 255, 131,   0,   0,   0,
          0,  28, 251, 253, 122,  25,  23, 115, 251, 253,  37,   0,   0,
          0, 109, 255, 168,   0,   0,   0,   0, 156, 255, 120,   0,   0,
          0, 152, 255,  93,   0,   0,   0,   0,  82, 255, 162,   0,   0,
          0, 164, 255,  71,   0,   0,   0,   0,  59, 255, 176,   0,   0,
          0, 152, 255,  93,   0,   0,   0,   0,  82, 255, 163,   0,   0,
          0, 110, 255, 168,   0,   0,   0,   0, 157, 255, 121,   0,   0,
          0,  29, 251, 253, 122,  24,  22, 114, 251, 253,  38,   0,   0,
          0,   0, 123, 255, 255, 255, 255, 255, 255, 134,   0,   0,   0,
          0,   0,   0,  91, 201, 246, 246, 203,  98,   0,   0,   0,   0,
          0,   0,   0,   0,   0,   0,   0,   0,   0,   0,   0,   0,   0,
          0,   0,   0,   0,   0,   0,   0,   0,   0,   0,   0,   0,   0,
          0,   0,   0,   0,   0,   0,   0,   0,   0,   0,   0,   0,   0,
          0,   0,   0,   0,   0,   0,   0,   0,   0,   0,   0,   0,   0,
    },
    // 'п' (U+043F), left=1, advance=12
    {
          0,   0,   0,   0,   0,   0,   0,   0,   0,   0,   0,   0,   0,
          0,   0,   0,   0,   0,   0,   0,   0,   0,   0,   0,   0,   0,
          0,   0,   0,   0,   0,   0,   0,   0,   0,   0,   0,   0,   0,
          0,   0,   0,   0,   0,   0,   0,   0,   0,   0,   0,   0,   0,
          0,   0,   0,   0,   0,   0,   0,   0,   0,   0,   0,   0,   0,
          0,   0,   0,   0,   0,   0,   0,   0,   0,   0,   0,   0,   0,
          0,   0,   0,   0,   0,   0,   0,   0,   0,   0,   0,   0,   0,
          0,   0,   0,   0,   0,   0,   0,   0,   0,   0,   0,   0,   0,
          0,   0,   0,   0,   0,   0,   0,   0,   0,   0,   0,   0,   0,
          0,   0,   0,   0,   0,   0,   0,   0,   0,   0,   0,   0,   0,
          0,   0,   0,   0,   0,   0,   0,   0,   0,   0,   0,   0,   0,
          0,  24, 255, 255, 255, 255, 255, 255, 255, 255,  64,   0,   0,
          0,  24, 255, 255, 255, 255, 255, 255, 255, 255,  64,   0,   0,
          0,  24, 255, 180,   0,   0,   0,   0, 140, 255,  64,   0,   0,
          0,  24, 255, 180,   0,   0,   0,   0, 140, 255,  64,   0,   0,
          0,  24, 255, 180,   0,   0,   0,   0, 140, 255,  64,   0,   0,
          0,  24, 255, 180,   0,   0,   0,   0, 140, 255,  64,   0,   0,
          0,  24, 255, 180,   0,   0,   0,   0, 140, 255,  64,   0,   0,
          0,  24, 255, 180,   0,   0,   0,   0, 140, 255,  64,   0,   0,
          0,  24, 255, 180,   0,   0,   0,   0, 140, 255,  64,   0,   0,
          0,  24, 255, 180,   0,   0,   0,   0, 140, 255,  64,   0,   0,
          0,  24, 255, 180,   0,   0,   0,   0, 140, 255,  64,   0,   0,
          0,   0,   0,   0,   0,   0,   0,   0,   0,   0,   0,   0,   0,
          0,   0,   0,   0,   0,   0,   0,   0,   0,   0,   0,   0,   0,
          0,   0,   0,   0,   0,   0,   0,   0,   0,   0,   0,   0,   0,
          0,   0,   0,   0,   0,   0,   0,   0,   0,   0,   0,   0,   0,
    },
    // 'р' (U+0440), left=1, advance=12
    {
          0,   0,   0,   0,   0,   0,   0,   0,   0,   0,   0,   0,   0,
          0,   0,   0,   0,   0,   0,   0,   0,   0,   0,   0,   0,   0,
          0,   0,   0,   0,   0,   0,   0,   0,   0,   0,   0,   0,   0,
          0,   0,   0,   0,   0,   0,   0,   0,   0,   0,   0,   0,   0,
          0,   0,   0,   0,   0,   0,   0,   0,   0,   0,   0,   0,   0,
          0,   0,   0,   0,   0,   0,   0,   0,   0,   0,   0,   0,   0,
          0,   0,   0,   0,   0,   0,   0,   0,   0,   0,   0,   0,   0,
          0,   0,   0,   0,   0,   0,   0,   0,   0,   0,   0,   0,   0,
          0,   0,   0,   0,   0,   0,   0,   0,   0,   0,   0,   0,   0,
          0,   0,   0,   0,   0,   0,   0,   0,   0,   0,   0,   0,   0,
          0,   0,   0,   0,   0,   0,   0,   0,   0,   0,   0,   0,   0,
          0,  36, 255, 168,  44, 194, 247, 225, 132,   7,   0,   0,   0,
          0,  36, 255, 185, 233, 255, 255, 255, 255, 171,   0,   0,   0,
          0,  36, 255, 255, 190,  42,  14,  82, 239, 255,  66,   0,   0,
          0,  36, 255, 246,  21,   0,   0,   0, 113, 255, 151,   0,   0,
          0,  36, 255, 196,   0,   0,   0,   0,  44, 255, 194,   0,   0,
          0,  36, 255, 175,   0,   0,   0,   0,  23, 255, 207,   0,   0,
          0,  36, 255, 196,   0,   0,   0,   0,  44, 255, 195,   0,   0,
          0,  36, 255, 246,  21,   0,   0,   0, 112, 255, 153,   0,   0,
          0,  36, 255, 255, 189,  41,  13,  80, 237, 255,  69,   0,   0,
          0,  36, 255, 186, 236, 255, 255, 255, 255, 174,   0,   0,   0,
          0,  36, 255, 168,  50, 198, 248, 226, 134,   7,   0,   0,   0,
          0,  36, 255, 168,   0,   0,   0,   0,   0,   0,   0,   0,   0,
          0,  36, 255, 168,   0,   0,   0,   0,   0,   0,   0,   0,   0,
          0,  36, 255, 168,   0,   0,   0,   0,   0,   0,   0,   0,   0,
          0,  36, 255, 168,   0,   0,   0,   0,   0,   0,   0,   0,   0,
    },
    // 'с' (U+0441), left=1, advance=12
    {
          0,   0,   0,   0,   0,   0,   0,   0,   0,   0,   0,   0,   0,
          0,   0,   0,   0,   0,   0,   0,   0,   0,   0,   0,   0,   0,
          0,   0,   0,   0,   0,   0,   0,   0,   0,   0,   0,   0,   0,
          0,   0,   0,   0,   0,   0,   0,   0,   0,   0,   0,   0,   0,
          0,   0,   0,   0,   0,   0,   0,   0,   0,   0,   0,   0,   0,
          0,   0,   0,   0,   0,   0,   0,   0,   0,   0,   0,   0,   0,
          0,   0,   0,   0,   0,   0,   0,   0,   0,   0,   0,   0,   0,
          0,   0,   0,   0,   0,   0,   0,   0,   0,   0,   0,   0,   0,
          0,   0,   0,   0,   0,   0,   0,   0,   0,   0,   0,   0,   0,
          0,   0,   0,   0,   0,   0,   0,   0,   0,   0,   0,   0,   0,
          0,   0,   0,   0,   0,   0,   0,   0,   0,   0,   0,   0,   0,
          0,   0,   0,   0,  92, 192, 239, 244, 205, 119,   9,   0,   0,
          0,   0,   1, 164, 255, 255, 255, 255, 255, 255,  92,   0,   0,
          0,   0, 101, 255, 241, 108,  31,  10,  44, 127,  81,   0,   0,
          0,   0, 207, 255,  86,   0,   0,   0,   0,   0,   0,   0,   0,
          0,   6, 254, 242,   0,   0,   0,   0,   0,   0,   0,   0,   0,
          0,  19, 255, 213,   0,   0,   0,   0,   0,   0,   0,   0,   0,
          0,   6, 254, 242,   0,   0,   0,   0,   0,   0,   0,   0,   0,
          0,   0, 207, 255,  86,   0,   0,   0,   0,   0,   0,   0,   0,
          0,   0, 103, 255, 241, 108,  30,  10,  43, 122,  80,   0,   0,
          0,   0,   1, 167, 255, 255, 255, 255, 255, 255,  92,   0,   0,
          0,   0,   0,   1,  95, 193, 240, 245, 206, 111,   8,   0,   0,
          0,   0,   0,   0,   0,   0,   0,   0,   0,   0,   0,   0,   0,
          0,   0,   0,   0,   0,   0,   0,   0,   0,   0,   0,   0,   0,
          0,   0,   0,   0,   0,   0,   0,   0,   0,   0,   0,   0,   0,
          0,   0,   0,   0,   0,   0,   0,   0,   0,   0,   0,   0,   0,
    },
    // 'т' (U+0442), left=2, advance=12
    {
          0,   0,   0,   0,   0,   0,   0,   0,   0,   0,   0,   0,   0,
          0,   0,   0,   0,   0,   0,   0,   0,   0,   0,   0,   0,   0,
          0,   0,   0,   0,   0,   0,   0,   0,   0,   0,   0,   0,   0,
          0,   0,   0,   0,   0,   0,   0,   0,   0,   0,   0,   0,   0,
          0,   0,   0,   0,   0,   0,   0,   0,   0,   0,   0,   0,   0,
          0,   0,   0,   0,   0,   0,   0,   0,   0,   0,   0,   0,   0,
          0,   0,   0,   0,   0,   0,   0,   0,   0,   0,   0,   0,   0,
          0,   0,   0,   0,   0,   0,   0,   0,   0,   0,   0,   0,   0,
          0,   0,   0,   0,   0,   0,   0,   0,   0,   0,   0,   0,   0,
          0,   0,   0,   0,   0,   0,   0,   0,   0,   0,   0,   0,   0,
          0,   0,   0,   0,   0,   0,   0,   0,   0,   0,   0,   0,   0,
          0,   0, 204, 255, 255, 255, 255, 255, 255, 255,  16,   0,   0,
          0,   0, 204, 255, 255, 255, 255, 255, 255, 255,  16,   0,   0,
          0,   0,   0,   0,   0, 196, 255,   8,   0,   0,   0,   0,   0,
          0,   0,   0,   0,   0, 196, 255,   8,   0,   0,   0,   0,   0,
          0,   0,   0,   0,   0, 196, 255,   8,   0,   0,   0,   0,   0,
          0,   0,   0,   0,   0, 196, 255,   8,   0,   0,   0,   0,   0,
          0,   0,   0,   0,   0, 196, 255,   8,   0,   0,   0,   0,   0,
          0,   0,   0,   0,   0, 196, 255,   8,   0,   0,   0,   0,   0,
          0,   0,   0,   0,   0, 196, 255,   8,   0,   0,   0,   0,   0,
          0,   0,   0,   0,   0, 196, 255,   8,   0,   0,   0,   0,   0,
          0,   0,   0,   0,   0, 196, 255,   8,   0,   0,   0,   0,   0,
          0,   0,   0,   0,   0,   0,   0,   0,   0,   0,   0,   0,   0,
          0,   0,   0,   0,   0,   0,   0,   0,   0,   0,   0,   0,   0,
          0,   0,   0,   0,   0,   0,   0,   0,   0,   0,   0,   0,   0,
          0,   0,   0,   0,   0,   0,   0,   0,   0,   0,   0,   0,   0,
    },
    // 'у' (U+0443), left=1, advance=12
    {
          0,   0,   0,   0,   0,   0,   0,   0,   0,   0,   0,   0,   0,
          0,   0,   0,   0,   0,   0,   0,   0,   0,   0,   0,   0,   0,
          0,   0,   0,   0,   0,   0,   0,   0,   0,   0,   0,   0,   0,
          0,   0,   0,   0,   0,   0,   0,   0,   0,   0,   0,   0,   0,
          0,   0,   0,   0,   0,   0,   0,   0,   0,   0,   0,   0,   0,
          0,   0,   0,   0,   0,   0,   0,   0,   0,   0,   0,   0,   0,
          0,   0,   0,   0,   0,   0,   0,   0,   0,   0,   0,   0,   0,
          0,   0,   0,   0,   0,   0,   0,   0,   0,   0,   0,   0,   0,
          0,   0,   0,   0,   0,   0,   0,   0,   0,   0,   0,   0,   0,
          0,   0,   0,   0,   0,   0,   0,   0,   0,   0,   0,   0,   0,
          0,   0,   0,   0,   0,   0,   0,   0,   0,   0,   0,   0,   0,
          0, 200, 253,  29,   0,   0,   0,   0,   0, 211, 249,  21,   0,
          0,  94, 255, 124,   0,   0,   0,   0,  51, 255, 167,   0,   0,
          0,   8, 236, 219,   0,   0,   0,   0, 146, 255,  63,   0,   0,
          0,   0, 140, 255,  60,   0,   0,   5, 235, 214,   0,   0,   0,
          0,   0,  36, 254, 156,   0,   0,  81, 255, 110,   0,   0,   0,
          0,   0,   0, 185, 242,  10,   0, 176, 245,  16,   0,   0,   0,
          0,   0,   0,  80, 255,  93,  20, 250, 157,   0,   0,   0,   0,
          0,   0,   0,   3, 227, 189, 110, 255,  56,   0,   0,   0,   0,
          0,   0,   0,   0, 125, 254, 222, 216,   0,   0,   0,   0,   0,
          0,   0,   0,   0,  25, 251, 255, 123,   0,   0,   0,   0,   0,
          0,   0,   0,   0,   0, 222, 254,  31,   0,   0,   0,   0,   0,
          0,   0,   0,   0,  67, 255, 190,   0,   0,   0,   0,   0,   0,
          0,   0,   0,  36, 211, 255,  90,   0,   0,   0,   0,   0,   0,
          0,  52, 255, 255, 255, 215,   5,   0,   0,   0,   0,   0,   0,
          0,  52, 255, 247, 186,  33,   0,   0,   0,   0,   0,   0,   0,
    },
    // 'ф' (U+0444), left=0, advance=12
    {
          0,   0,   0,   0,   0,   0,   0,   0,   0,   0,   0,   0,   0,
          0,   0,   0,   0,   0,   0,   0,   0,   0,   0,   0,   0,   0,
          0,   0,   0,   0,   0,   0,   0,   0,   0,   0,   0,   0,   0,
          0,   0,   0,   0,   0,   0,   0,   0,   0,   0,   0,   0,   0,
          0,   0,   0,   0,   0,   0,   0,   0,   0,   0,   0,   0,   0,
          0,   0,   0,   0,   0,   0,   0,   0,   0,   0,   0,   0,   0,
          0,   0,   0,   0,   0,   0,   0,   0,   0,   0,   0,   0,   0,
          0,   0,   0,   0,   0, 236, 224,   0,   0,   0,   0,   0,   0,
          0,   0,   0,   0,   0, 236, 224,   0,   0,   0,   0,   0,   0,
          0,   0,   0,   0,   0, 236, 224,   0,   0,   0,   0,   0,   0,
          0,   0,   0,   0,   0, 236, 224,   0,   0,   0,   0,   0,   0,
          0,   0,  34, 161, 231, 255, 255, 228, 156,  29,   0,   0,   0,
          0,  31, 236, 255, 255, 255, 255, 255, 255, 231,  24,   0,   0,
          0, 151, 255, 190,  46, 236, 224,  49, 198, 255, 138,   0,   0,
          0, 219, 255,  25,   0, 236, 224,   0,  37, 255, 206,   0,   0,
          0, 251, 236,   0,   0, 236, 224,   0,   0, 248, 238,   0,   0,
          5, 255, 226,   0,   0, 236, 224,   0,   0, 238, 248,   0,   0,
          0, 251, 237,   0,   0, 236, 224,   0,   1, 249, 238,   0,   0,
          0, 218, 255,  29,   0, 236, 224,   0,  41, 255, 205,   0,   0,
          0, 150, 255, 194,  46, 236, 224,  51, 201, 255, 137,   0,   0,
          0,  30, 235, 255, 255, 255, 255, 255, 255, 229,  22,   0,   0,
          0,   0,  33, 160, 231, 255, 255, 229, 155,  28,   0,   0,   0,
          0,   0,   0,   0,   0, 236, 224,   0,   0,   0,   0,   0,   0,
          0,   0,   0,   0,   0, 236, 224,   0,   0,   0,   0,   0,   0,
          0,   0,   0,   0,   0, 236, 224,   0,   0,   0,   0,   0,   0,
          0,   0,   0,   0,   0, 236, 224,   0,   0,   0,   0,   0,   0,
    },
    // 'х' (U+0445), left=0, advance=12
    {
          0,   0,   0,   0,   0,   0,   0,   0,   0,   0,   0,   0,   0,
          0,   0,   0,   0,   0,   0,   0,   0,   0,   0,   0,   0,   0,
          0,   0,   0,   0,   0,   0,   0,   0,   0,   0,   0,   0,   0,
          0,   0,   0,   0,   0,   0,   0,   0,   0,   0,   0,   0,   0,
          0,   0,   0,   0,   0,   0,   0,   0,   0,   0,   0,   0,   0,
          0,   0,   0,   0,   0,   0,   0,   0,   0,   0,   0,   0,   0,
          0,   0,   0,   0,   0,   0,   0,   0,   0,   0,   0,   0,   0,
          0,   0,   0,   0,   0,   0,   0,   0,   0,   0,   0,   0,   0,
          0,   0,   0,   0,   0,   0,   0,   0,   0,   0,   0,   0,   0,
          0,   0,   0,   0,   0,   0,   0,   0,   0,   0,   0,   0,   0,
          0,   0,   0,   0,   0,   0,   0,   0,   0,   0,   0,   0,   0,
          0, 129, 255, 120,   0,   0,   0,   0, 117, 255, 140,   0,   0,
          0,   2, 191, 251,  56,   0,   0,  52, 250, 200,   5,   0,   0,
          0,   0,  25, 233, 223,  15,  12, 219, 239,  32,   0,   0,   0,
          0,   0,   0,  70, 254, 169, 162, 255,  81,   0,   0,   0,   0,
          0,   0,   0,   0, 134, 255, 255, 145,   0,   0,   0,   0,   0,
          0,   0,   0,   0,  47, 255, 255,  58,   0,   0,   0,   0,   0,
          0,   0,   0,  10, 213, 242, 239, 221,  15,   0,   0,   0,   0,
          0,   0,   0, 160, 255,  92,  84, 255, 171,   0,   0,   0,   0,
          0,   0,  97, 255, 162,   0,   0, 154, 255, 108,   0,   0,   0,
          0,  43, 245, 220,  13,   0,   0,   9, 213, 248,  51,   0,   0,
         10, 213, 250,  53,   0,   0,   0,   0,  45, 247, 220,  14,   0,
          0,   0,   0,   0,   0,   0,   0,   0,   0,   0,   0,   0,   0,
          0,   0,   0,   0,   0,   0,   0,   0,   0,   0,   0,   0,   0,
          0,   0,   0,   0,   0,   0,   0,   0,   0,   0,   0,   0,   0,
          0,   0,   0,   0,   0,   0,   0,   0,   0,   0,   0,   0,   0,
    },
    // 'ц' (U+0446), left=1, advance=12
    {
          0,   0,   0,   0,   0,   0,   0,   0,   0,   0,   0,   0,   0,
          0,   0,   0,   0,   0,   0,   0,   0,   0,   0,   0,   0,   0,
          0,   0,   0,   0,   0,   0,   0,   0,   0,   0,   0,   0,   0,
          0,   0,   0,   0,   0,   0,   0,   0,   0,   0,   0,   0,   0,
          0,   0,   0,   0,   0,   0,   0,   0,   0,   0,   0,   0,   0,
          0,   0,   0,   0,   0,   0,   0,   0,   0,   0,   0,   0,   0,
          0,   0,   0,   0,   0,   0,   0,   0,   0,   0,   0,   0,   0,
          0,   0,   0,   0,   0,   0,   0,   0,   0,   0,   0,   0,   0,
          0,   0,   0,   0,   0,   0,   0,   0,   0,   0,   0,   0,   0,
          0,   0,   0,   0,   0,   0,   0,   0,   0,   0,   0,   0,   0,
          0,   0,   0,   0,   0,   0,   0,   0,   0,   0,   0,   0,   0,
          0, 200, 255,   4,   0,   0,   0,  64, 255, 140,   0,   0,   0,
          0, 200, 255,   4,   0,   0,   0,  64, 255, 140,   0,   0,   0,
          0, 200, 255,   4,   0,   0,   0,  64, 255, 140,   0,   0,   0,
          0, 200, 255,   4,   0,   0,   0,  64, 255, 140,   0,   0,   0,
          0, 200, 255,   4,   0,   0,   0,  64, 255, 140,   0,   0,   0,
          0, 200, 255,   4,   0,   0,   0,  64, 255, 140,   0,   0,   0,
          0, 200, 255,   4,   0,   0,   0,  64, 255, 140,   0,   0,   0,
          0, 200, 255,   4,   0,   0,   0,  64, 255, 140,   0,   0,   0,
          0, 200, 255,   4,   0,   0,   0,  64, 255, 140,   0,   0,   0,
          0, 200, 255, 255, 255, 255, 255, 255, 255, 255, 236,   0,   0,
          0, 200, 255, 255, 255, 255, 255, 255, 255, 255, 236,   0,   0,
          0,   0,   0,   0,   0,   0,   0,   0,   0, 140, 236,   0,   0,
          0,   0,   0,   0,   0,   0,   0,   0,   0, 140, 236,   0,   0,
          0,   0,   0,   0,   0,   0,   0,   0,   0, 140, 236,   0,   0,
          0,   0,   0,   0,   0,   0,   0,   0,   0,   0,   0,   0,   0,
    },
    // 'ч' (U+0447), left=1, advance=12
    {
          0,   0,   0,   0,   0,   0,   0,   0,   0,   0,   0,   0,   0,
          0,   0,   0,   0,   0,   0,   0,   0,   0,   0,   0,   0,   0,
          0,   0,   0,   0,   0,   0,   0,   0,   0,   0,   0,   0,   0,
          0,   0,   0,   0,   0,   0,   0,   0,   0,   0,   0,   0,   0,
          0,   0,   0,   0,   0,   0,   0,   0,   0,   0,   0,   0,   0,
          0,   0,   0,   0,   0,   0,   0,   0,   0,   0,   0,   0,   0,
          0,   0,   0,   0,   0,   0,   0,   0,   0,   0,   0,   0,   0,
          0,   0,   0,   0,   0,   0,   0,   0,   0,   0,   0,   0,   0,
          0,   0,   0,   0,   0,   0,   0,   0,   0,   0,   0,   0,   0,
          0,   0,   0,   0,   0,   0,   0,   0,   0,   0,   0,   0,   0,
          0,   0,   0,   0,   0,   0,   0,   0,   0,   0,   0,   0,   0,
          0,  24, 255, 180,   0,   0,   0,   0, 136, 255,  68,   0,   0,
          0,  24, 255, 180,   0,   0,   0,   0, 136, 255,  68,   0,   0,
          0,  24, 255, 180,   0,   0,   0,   0, 136, 255,  68,   0,   0,
          0,  24, 255, 180,   0,   0,   0,   0, 136, 255,  68,   0,   0,
          0,  17, 255, 201,   0,   0,   0,   0, 136, 255,  68,   0,   0,
          0,   1, 238, 254,  94,  11,   7,  51, 196, 255,  68,   0,   0,
          0,   0, 140, 255, 255, 255, 255, 255, 255, 255,  68,   0,   0,
          0,   0,   5, 124, 223, 251, 236, 181, 191, 255,  68,   0,   0,
          0,   0,   0,   0,   0,   0,   0,   0, 136, 255,  68,   0,   0,
          0,   0,   0,   0,   0,   0,   0,   0, 136, 255,  68,   0,   0,
          0,   0,   0,   0,   0,   0,   0,   0, 136, 255,  68,   0,   0,
          0,   0,   0,   0,   0,   0,   0,   0,   0,   0,   0,   0,   0,
          0,   0,   0,   0,   0,   0,   0,   0,   0,   0,   0,   0,   0,
          0,   0,   0,   0,   0,   0,   0,   0,   0,   0,   0,   0,   0,
          0,   0,   0,   0,   0,   0,   0,   0,   0,   0,   0,   0,   0,
    },
    // 'ш' (U+0448), left=1, advance=12
    {
          0,   0,   0,   0,   0,   0,   0,   0,   0,   0,   0,   0,   0,
          0,   0,   0,   0,   0,   0,   0,   0,   0,   0,   0,   0,   0,
          0,   0,   0,   0,   0,   0,   0,   0,   0,   0,   0,   0,   0,
          0,   0,   0,   0,   0,   0,   0,   0,   0,   0,   0,   0,   0,
          0,   0,   0,   0,   0,   0,   0,   0,   0,   0,   0,   0,   0,
          0,   0,   0,   0,   0,   0,   0,   0,   0,   0,   0,   0,   0,
          0,   0,   0,   0,   0,   0,   0,   0,   0,   0,   0,   0,   0,
          0,   0,   0,   0,   0,   0,   0,   0,   0,   0,   0,   0,   0,
          0,   0,   0,   0,   0,   0,   0,   0,   0,   0,   0,   0,   0,
          0,   0,   0,   0,   0,   0,   0,   0,   0,   0,   0,   0,   0,
          0,   0,   0,   0,   0,   0,   0,   0,   0,   0,   0,   0,   0,
          0, 200, 220,   0,   0, 204, 216,   0,   0, 208, 212,   0,   0,
          0, 200, 220,   0,   0, 204, 216,   0,   0, 208, 212,   0,   0,
          0, 200, 220,   0,   0, 204, 216,   0,   0, 208, 212,   0,   0,
          0, 200, 220,   0,   0, 204, 216,   0,   0, 208, 212,   0,   0,
          0, 200, 220,   0,   0, 204, 216,   0,   0, 208, 212,   0,   0,
          0, 200, 220,   0,   0, 204, 216,   0,   0, 208, 212,   0,   0,
          0, 200, 220,   0,   0, 204, 216,   0,   0, 208, 212,   0,   0,
          0, 200, 220,   0,   0, 204, 216,   0,   0, 208, 212,   0,   0,
          0, 200, 220,   0,   0, 204, 216,   0,   0, 208, 212,   0,   0,
          0, 200, 255, 255, 255, 255, 255, 255, 255, 255, 212,   0,   0,
          0, 200, 255, 255, 255, 255, 255, 255, 255, 255, 212,   0,   0,
          0,   0,   0,   0,   0,   0,   0,   0,   0,   0,   0,   0,   0,
          0,   0,   0,   0,   0,   0,   0,   0,   0,   0,   0,   0,   0,
          0,   0,   0,   0,   0,   0,   0,   0,   0,   0,   0,   0,   0,
          0,   0,   0,   0,   0,   0,   0,   0,   0,   0,   0,   0,   0,
    },
    // 'щ' (U+0449), left=0, advance=12
    {
          0,   0,   0,   0,   0,   0,   0,   0,   0,   0,   0,   0,   0,
          0,   0,   0,   0,   0,   0,   0,   0,   0,   0,   0,   0,   0,
          0,   0,   0,   0,   0,   0,   0,   0,   0,   0,   0,   0,   0,
          0,   0,   0,   0,   0,   0,   0,   0,   0,   0,   0,   0,   0,
          0,   0,   0,   0,   0,   0,   0,   0,   0,   0,   0,   0,   0,
          0,   0,   0,   0,   0,   0,   0,   0,   0,   0,   0,   0,   0,
          0,   0,   0,   0,   0,   0,   0,   0,   0,   0,   0,   0,   0,
          0,   0,   0,   0,   0,   0,   0,   0,   0,   0,   0,   0,   0,
          0,   0,   0,   0,   0,   0,   0,   0,   0,   0,   0,   0,   0,
          0,   0,   0,   0,   0,   0,   0,   0,   0,   0,   0,   0,   0,
          0,   0,   0,   0,   0,   0,   0,   0,   0,   0,   0,   0,   0,
         56, 255, 108,   0,  60, 255, 104,   0,  64, 255, 100,   0,   0,
         56, 255, 108,   0,  60, 255, 104,   0,  64, 255, 100,   0,   0,
         56, 255, 108,   0,  60, 255, 104,   0,  64, 255, 100,   0,   0,
         56, 255, 108,   0,  60, 255, 104,   0,  64, 255, 100,   0,   0,
         56, 255, 108,   0,  60, 255, 104,   0,  64, 255, 100,   0,   0,
         56, 255, 108,   0,  60, 255, 104,   0,  64, 255, 100,   0,   0,
         56, 255, 108,   0,  60, 255, 104,   0,  64, 255, 100,   0,   0,
         56, 255, 108,   0,  60, 255, 104,   0,  64, 255, 100,   0,   0,
         56, 255, 108,   0,  60, 255, 104,   0,  64, 255, 100,   0,   0,
         56, 255, 255, 255, 255, 255, 255, 255, 255, 255, 153,  70,   0,
         56, 255, 255, 255, 255, 255, 255, 255, 255, 255, 255, 204,   0,
          0,   0,   0,   0,   0,   0,   0,   0,   0,   0, 172, 204,   0,
          0,   0,   0,   0,   0,   0,   0,   0,   0,   0, 172, 204,   0,
          0,   0,   0,   0,   0,   0,   0,   0,   0,   0, 172, 204,   0,
          0,   0,   0,   0,   0,   0,   0,   0,   0,   0,   0,   0,   0,
    },
    // 'ъ' (U+044A), left=0, advance=12
    {
          0,   0,   0,   0,   0,   0,   0,   0,   0,   0,   0,   0,   0,
          0,   0,   0,   0,   0,   0,   0,   0,   0,   0,   0,   0,   0,
          0,   0,   0,   0,   0,   0,   0,   0,   0,   0,   0,   0,   0,
          0,   0,   0,   0,   0,   0,   0,   0,   0,   0,   0,   0,   0,
          0,   0,   0,   0,   0,   0,   0,   0,   0,   0,   0,   0,   0,
          0,   0,   0,   0,   0,   0,   0,   0,   0,   0,   0,   0,   0,
          0,   0,   0,   0,   0,   0,   0,   0,   0,   0,   0,   0,   0,
          0,   0,   0,   0,   0,   0,   0,   0,   0,   0,   0,   0,   0,
          0,   0,   0,   0,   0,   0,   0,   0,   0,   0,   0,   0,   0,
          0,   0,   0,   0,   0,   0,   0,   0,   0,   0,   0,   0,   0,
          0,   0,   0,   0,   0,   0,   0,   0,   0,   0,   0,   0,   0,
        180, 255, 255, 255, 132,   0,   0,   0,   0,   0,   0,   0,   0,
        180, 255, 255, 255, 132,   0,   0,   0,   0,   0,   0,   0,   0,
          0,   0,  72, 255, 132,   0,   0,   0,   0,   0,   0,   0,   0,
          0,   0,  72, 255, 132,   0,   0,   0,   0,   0,   0,   0,   0,
          0,   0,  72, 255, 255, 255, 255, 240, 208, 119,  11,   0,   0,
          0,   0,  72, 255, 255, 255, 255, 255, 255, 255, 195,   2,   0,
          0,   0,  72, 255, 132,   0,   0,  13,  74, 234, 255,  59,   0,
          0,   0,  72, 255, 132,   0,   0,   0,   0, 156, 255,  90,   0,
          0,   0,  72, 255, 132,   0,   0,  11,  69, 232, 255,  61,   0,
          0,   0,  72, 255, 255, 255, 255, 255, 255, 255, 201,   3,   0,
          0,   0,  72, 255, 255, 255, 255, 241, 211, 125,  14,   0,   0,
          0,   0,   0,   0,   0,   0,   0,   0,   0,   0,   0,   0,   0,
          0,   0,   0,   0,   0,   0,   0,   0,   0,   0,   0,   0,   0,
          0,   0,   0,   0,   0,   0,   0,   0,   0,   0,   0,   0,   0,
          0,   0,   0,   0,   0,   0,   0,   0,   0,   0,   0,   0,   0,
    },
    // 'ы' (U+044B), left=1, advance=12
    {
          0,   0,   0,   0,   0,   0,   0,   0,   0,   0,   0,   0,   0,
          0,   0,   0,   0,   0,   0,   0,   0,   0,   0,   0,   0,   0,
          0,   0,   0,   0,   0,   0,   0,   0,   0,   0,   0,   0,   0,
          0,   0,   0,   0,   0,   0,   0,   0,   0,   0,   0,   0,   0,
          0,   0,   0,   0,   0,   0,   0,   0,   0,   0,   0,   0,   0,
          0,   0,   0,   0,   0,   0,   0,   0,   0,   0,   0,   0,   0,
          0,   0,   0,   0,   0,   0,   0,   0,   0,   0,   0,   0,   0,
          0,   0,   0,   0,   0,   0,   0,   0,   0,   0,   0,   0,   0,
          0,   0,   0,   0,   0,   0,   0,   0,   0,   0,   0,   0,   0,
          0,   0,   0,   0,   0,   0,   0,   0,   0,   0,   0,   0,   0,
          0,   0,   0,   0,   0,   0,   0,   0,   0,   0,   0,   0,   0,
          0, 252, 204,   0,   0,   0,   0,   0,   0, 196, 255,   8,   0,
          0, 252, 204,   0,   0,   0,   0,   0,   0, 196, 255,   8,   0,
          0, 252, 204,   0,   0,   0,   0,   0,   0, 196, 255,   8,   0,
          0, 252, 204,   0,   0,   0,   0,   0,   0, 196, 255,   8,   0,
          0, 252, 255, 254, 230, 188,  76,   0,   0, 196, 255,   8,   0,
          0, 252, 255, 255, 255, 255, 255, 109,   0, 196, 255,   8,   0,
          0, 252, 204,   1,  24, 123, 255, 227,   0, 196, 255,   8,   0,
          0, 252, 204,   0,   0,   0, 240, 255,   2, 196, 255,   8,   0,
          0, 252, 204,   1,  22, 117, 255, 229,   0, 196, 255,   8,   0,
          0, 252, 255, 255, 255, 255, 255, 116,   0, 196, 255,   8,   0,
          0, 252, 255, 254, 232, 191,  82,   0,   0, 196, 255,   8,   0,
          0,   0,   0,   0,   0,   0,   0,   0,   0,   0,   0,   0,   0,
          0,   0,   0,   0,   0,   0,   0,   0,   0,   0,   0,   0,   0,
          0,   0,   0,   0,   0,   0,   0,   0,   0,   0,   0,   0,   0,
          0,   0,   0,   0,   0,   0,   0,   0,   0,   0,   0,   0,   0,
    },
    // 'ь' (U+044C), left=1, advance=12
    {
          0,   0,   0,   0,   0,   0,   0,   0,   0,   0,   0,   0,   0,
          0,   0,   0,   0,   0,   0,   0,   0,   0,   0,   0,   0,   0,
          0,   0,   0,   0,   0,   0,   0,   0,   0,   0,   0,   0,   0,
          0,   0,   0,   0,   0,   0,   0,   0,   0,   0,   0,   0,   0,
          0,   0,   0,   0,   0,   0,   0,   0,   0,   0,   0,   0,   0,
          0,   0,   0,   0,   0,   0,   0,   0,   0,   0,   0,   0,   0,
          0,   0,   0,   0,   0,   0,   0,   0,   0,   0,   0,   0,   0,
          0,   0,   0,   0,   0,   0,   0,   0,   0,   0,   0,   0,   0,
          0,   0,   0,   0,   0,   0,   0,   0,   0,   0,   0,   0,   0,
          0,   0,   0,   0,   0,   0,   0,   0,   0,   0,   0,   0,   0,
          0,   0,   0,   0,   0,   0,   0,   0,   0,   0,   0,   0,   0,
          0,  24, 255, 180,   0,   0,   0,   0,   0,   0,   0,   0,   0,
          0,  24, 255, 180,   0,   0,   0,   0,   0,   0,   0,   0,   0,
          0,  24, 255, 180,   0,   0,   0,   0,   0,   0,   0,   0,   0,
          0,  24, 255, 180,   0,   0,   0,   0,   0,   0,   0,   0,   0,
          0,  24, 255, 255, 255, 255, 245, 215, 140,  23,   0,   0,   0,
          0,  24, 255, 255, 255, 255, 255, 255, 255, 225,  15,   0,   0,
          0,  24, 255, 180,   0,   0,   8,  52, 206, 255, 103,   0,   0,
          0,  24, 255, 180,   0,   0,   0,   0, 107, 255, 134,   0,   0,
          0,  24, 255, 180,   0,   0,   7,  48, 203, 255, 106,   0,   0,
          0,  24, 255, 255, 255, 255, 255, 255, 255, 231,  19,   0,   0,
          0,  24, 255, 255, 255, 255, 246, 218, 147,  28,   0,   0,   0,
          0,   0,   0,   0,   0,   0,   0,   0,   0,   0,   0,   0,   0,
          0,   0,   0,   0,   0,   0,   0,   0,   0,   0,   0,   0,   0,
          0,   0,   0,   0,   0,   0,   0,   0,   0,   0,   0,   0,   0,
          0,   0,   0,   0,   0,   0,   0,   0,   0,   0,   0,   0,   0,
    },
    // 'э' (U+044D), left=1, advance=12
    {
          0,   0,   0,   0,   0,   0,   0,   0,   0,   0,   0,   0,   0,
          0,   0,   0,   0,   0,   0,   0,   0,   0,   0,   0,   0,   0,
          0,   0,   0,   0,   0,   0,   0,   0,   0,   0,   0,   0,   0,
          0,   0,   0,   0,   0,   0,   0,   0,   0,   0,   0,   0,   0,
          0,   0,   0,   0,   0,   0,   0,   0,   0,   0,   0,   0,   0,
          0,   0,   0,   0,   0,   0,   0,   0,   0,   0,   0,   0,   0,
          0,   0,   0,   0,   0,   0,   0,   0,   0,   0,   0,   0,   0,
          0,   0,   0,   0,   0,   0,   0,   0,   0,   0,   0,   0,   0,
          0,   0,   0,   0,   0,   0,   0,   0,   0,   0,   0,   0,   0,
          0,   0,   0,   0,   0,   0,   0,   0,   0,   0,   0,   0,   0,
          0,   0,   0,   0,   0,   0,   0,   0,   0,   0,   0,   0,   0,
          0,   0,  86, 189, 236, 245, 208, 124,  12,   0,   0,   0,   0,
          0,  24, 255, 255, 255, 255, 255, 255, 211,  18,   0,   0,   0,
          0,  23, 162,  58,  17,  15,  57, 177, 255, 166,   0,   0,   0,
          0,   0,   0,   0,   0,   0,   0,   2, 205, 253,  19,   0,   0,
          0,   0,   0, 212, 255, 255, 255, 255, 255, 255,  71,   0,   0,
          0,   0,   0, 212, 255, 255, 255, 255, 255, 255,  87,   0,   0,
          0,   0,   0,   0,   0,   0,   0,   0, 169, 255,  71,   0,   0,
          0,   0,   0,   0,   0,   0,   0,  23, 238, 253,  20,   0,   0,
          0,  23, 158,  55,  16,  20,  75, 212, 255, 167,   0,   0,   0,
          0,  24, 255, 255, 255, 255, 255, 255, 213,  19,   0,   0,   0,
          0,   0,  77, 189, 237, 246, 210, 126,  13,   0,   0,   0,   0,
          0,   0,   0,   0,   0,   0,   0,   0,   0,   0,   0,   0,   0,
          0,   0,   0,   0,   0,   0,   0,   0,   0,   0,   0,   0,   0,
          0,   0,   0,   0,   0,   0,   0,   0,   0,   0,   0,   0,   0,
          0,   0,   0,   0,   0,   0,   0,   0,   0,   0,   0,   0,   0,
    },
    // 'ю' (U+044E), left=0, advance=12
    {
          0,   0,   0,   0,   0,   0,   0,   0,   0,   0,   0,   0,   0,
          0,   0,   0,   0,   0,   0,   0,   0,   0,   0,   0,   0,   0,
          0,   0,   0,   0,   0,   0,   0,   0,   0,   0,   0,   0,   0,
          0,   0,   0,   0,   0,   0,   0,   0,   0,   0,   0,   0,   0,
          0,   0,   0,   0,   0,   0,   0,   0,   0,   0,   0,   0,   0,
          0,   0,   0,   0,   0,   0,   0,   0,   0,   0,   0,   0,   0,
          0,   0,   0,   0,   0,   0,   0,   0,   0,   0,   0,   0,   0,
          0,   0,   0,   0,   0,   0,   0,   0,   0,   0,   0,   0,   0,
          0,   0,   0,   0,   0,   0,   0,   0,   0,   0,   0,   0,   0,
          0,   0,   0,   0,   0,   0,   0,   0,   0,   0,   0,   0,   0,
          0,   0,   0,   0,   0,   0,   0,   0,   0,   0,   0,   0,   0,
         60, 255, 144,   0,   0,  47, 192, 247, 221,  97,   0,   0,   0,
         60, 255, 144,   0,  28, 239, 255, 255, 255, 255,  93,   0,   0,
         60, 255, 144,   0, 142, 255, 193,  25, 111, 255, 230,   3,   0,
         60, 255, 144,   0, 214, 255,  48,   0,   0, 207, 255,  52,   0,
         60, 255, 144,   2, 251, 238,   0,   0,   0, 149, 255,  88,   0,
         60, 255, 255, 255, 255, 217,   0,   0,   0, 134, 255, 100,   0,
         60, 255, 255, 255, 255, 234,   0,   0,   0, 154, 255,  90,   0,
         60, 255, 144,   1, 232, 255,  37,   0,   0, 216, 255,  55,   0,
         60, 255, 144,   0, 148, 255, 180,  20, 101, 255, 234,   5,   0,
         60, 255, 144,   0,  18, 232, 255, 255, 255, 255,  99,   0,   0,
         60, 255, 144,   0,   0,  41, 191, 248, 219,  95,   0,   0,   0,
          0,   0,   0,   0,   0,   0,   0,   0,   0,   0,   0,   0,   0,
          0,   0,   0,   0,   0,   0,   0,   0,   0,   0,   0,   0,   0,
          0,   0,   0,   0,   0,   0,   0,   0,   0,   0,   0,   0,   0,
          0,   0,   0,   0,   0,   0,   0,   0,   0,   0,   0,   0,   0,
    },
    // 'я' (U+044F), left=1, advance=12
    {
          0,   0,   0,   0,   0,   0,   0,   0,   0,   0,   0,   0,   0,
          0,   0,   0,   0,   0,   0,   0,   0,   0,   0,   0,   0,   0,
          0,   0,   0,   0,   0,   0,   0,   0,   0,   0,   0,   0,   0,
          0,   0,   0,   0,   0,   0,   0,   0,   0,   0,   0,   0,   0,
          0,   0,   0,   0,   0,   0,   0,   0,   0,   0,   0,   0,   0,
          0,   0,   0,   0,   0,   0,   0,   0,   0,   0,   0,   0,   0,
          0,   0,   0,   0,   0,   0,   0,   0,   0,   0,   0,   0,   0,
          0,   0,   0,   0,   0,   0,   0,   0,   0,   0,   0,   0,   0,
          0,   0,   0,   0,   0,   0,   0,   0,   0,   0,   0,   0,   0,
          0,   0,   0,   0,   0,   0,   0,   0,   0,   0,   0,   0,   0,
          0,   0,   0,   0,   0,   0,   0,   0,   0,   0,   0,   0,   0,
          0,   0,   0,  86, 202, 245, 255, 255, 255, 156,   0,   0,   0,
          0,   0,  99, 255, 255, 255, 255, 255, 255, 156,   0,   0,   0,
          0,   0, 198, 255, 111,   7,   0,  48, 255, 156,   0,   0,   0,
          0,   0, 219, 251,   1,   0,   0,  48, 255, 156,   0,   0,   0,
          0,   0, 189, 255, 108,   7,   0,  48, 255, 156,   0,   0,   0,
          0,   0,  72, 250, 255, 255, 255, 255, 255, 156,   0,   0,   0,
          0,   0,   0,  53, 233, 255, 255, 255, 255, 156,   0,   0,   0,
          0,   0,   0,  54, 253, 154,   0,  48, 255, 156,   0,   0,   0,
          0,   0,   3, 206, 232,  17,   0,  48, 255, 156,   0,   0,   0,
          0,   0, 112, 255,  88,   0,   0,  48, 255, 156,   0,   0,   0,
          0,  26, 242, 184,   0,   0,   0,  48, 255, 156,   0,   0,   0,
          0,   0,   0,   0,   0,   0,   0,   0,   0,   0,   0,   0,   0,
          0,   0,   0,   0,   0,   0,   0,   0,   0,   0,   0,   0,   0,
          0,   0,   0,   0,   0,   0,   0,   0,   0,   0,   0,   0,   0,
          0,   0,   0,   0,   0,   0,   0,   0,   0,   0,   0,   0,   0,
    },
