// Auto-generated font bitmaps per glyph

typedef struct {
  unsigned int code;
  unsigned short size, w, h;
  short advance, bearing_x, bearing_y;
  const unsigned char *bitmap;
} font_glyph_t;

const unsigned char font_33_8[] = {
  0x60,0x92,0x83,0xCC,0x78,0xC1,0x6C,0xB7,0x26,0x45,0x81,0xC5,0x02,0x06,
};
const font_glyph_t glyph_33_8 = {33, 8, 2, 7, 2, 0, 6, font_33_8};

const unsigned char font_34_8[] = {
  0xE1,0x84,0x5D,0xCA,0x84,0x46,0x29,0x1D,0x0C,
};
const font_glyph_t glyph_34_8 = {34, 8, 3, 3, 3, 0, 6, font_34_8};

const unsigned char font_35_8[] = {
  0x00,0x46,0x45,0x88,0x00,0x0A,0x93,0x70,0xAE,0x08,0x64,0xEB,0xCE,0xCF,0x51,0x46,
  0xDE,0x9E,0x8D,0x0F,0x63,0xD4,0xCF,0x79,0x13,0x33,0x95,0xC4,0x04,0x00,
};
const font_glyph_t glyph_35_8 = {35, 8, 5, 6, 5, 0, 6, font_35_8};

const unsigned char font_36_8[] = {
  0x00,0x00,0x5D,0x00,0x00,0x08,0x8F,0xE8,0x73,0x00,0x65,0xF0,0x59,0xFF,0x37,0x4A,
  0xFB,0x6A,0x17,0x05,0x00,0x4B,0xC9,0xD8,0x10,0x83,0x9D,0x17,0xFF,0x43,0x33,0xE6,
  0xF7,0xCA,0x0C,0x00,0x02,0x91,0x00,0x00,
};
const font_glyph_t glyph_36_8 = {36, 8, 5, 8, 5, 0, 7, font_36_8};

const unsigned char font_37_8[] = {
  0x3E,0xB8,0x6A,0x01,0x0B,0x00,0xA1,0x42,0xDB,0x63,0x66,0x00,0x4C,0xC6,0x94,0xB6,
  0x02,0x00,0x00,0x00,0x9D,0x76,0x87,0x1B,0x00,0x41,0x8C,0xDA,0x6A,0x90,0x00,0x4C,
  0x0B,0xB5,0xC7,0x60,0x00,0x00,0x00,0x01,0x0C,0x00,
};
const font_glyph_t glyph_37_8 = {37, 8, 6, 7, 6, 0, 6, font_37_8};

const unsigned char font_38_8[] = {
  0x01,0x85,0xBB,0x44,0x00,0x00,0x36,0xF0,0x80,0xC9,0x00,0x00,0x17,0xF4,0xD7,0x6A,
  0x00,0x00,0x58,0xEC,0xF0,0x5C,0xC0,0x00,0xBF,0x9F,0x8C,0xFF,0xA9,0x00,0x5A,0xF7,
  0xF8,0xDF,0xCC,0x0A,0x00,0x06,0x0B,0x00,0x00,0x00,
};
const font_glyph_t glyph_38_8 = {38, 8, 6, 7, 5, 0, 6, font_38_8};

const unsigned char font_39_8[] = {
  0xD4,0x1B,0xD4,0x0B,0x35,0x00,
};
const font_glyph_t glyph_39_8 = {39, 8, 2, 3, 1, 0, 6, font_39_8};

const unsigned char font_40_8[] = {
  0x00,0x00,0x15,0x00,0x83,0x74,0x1F,0xDE,0x03,0x69,0x9E,0x00,0x85,0x86,0x00,0x7C,
  0x8E,0x00,0x49,0xBC,0x00,0x04,0xD3,0x2D,0x00,0x25,0x60,
};
const font_glyph_t glyph_40_8 = {40, 8, 3, 9, 3, 0, 7, font_40_8};

const unsigned char font_41_8[] = {
  0x17,0x00,0x00,0x9F,0x62,0x00,0x16,0xEC,0x0D,0x00,0xCA,0x51,0x00,0xB2,0x71,0x00,
  0xBA,0x66,0x01,0xE6,0x2D,0x55,0xB9,0x00,0x75,0x15,0x00,
};
const font_glyph_t glyph_41_8 = {41, 8, 3, 9, 3, 0, 7, font_41_8};

const unsigned char font_42_8[] = {
  0x00,0x52,0x37,0x00,0x8B,0xAD,0x98,0x69,0x14,0xD4,0xBE,0x0A,0x36,0x4D,0x79,0x12,
  
};
const font_glyph_t glyph_42_8 = {42, 8, 4, 4, 4, 0, 6, font_42_8};

const unsigned char font_43_8[] = {
  0x00,0x59,0x8A,0x00,0x00,0x32,0x9B,0xCF,0x3C,0x05,0xC0,0xF4,0xFA,0xE8,0x12,0x00,
  0x7C,0xC0,0x00,0x00,0x00,0x34,0x51,0x00,0x00,
};
const font_glyph_t glyph_43_8 = {43, 8, 5, 5, 4, 0, 5, font_43_8};

const unsigned char font_44_8[] = {
  0x68,0xA4,0x86,0x7F,0x50,0x0D,
};
const font_glyph_t glyph_44_8 = {44, 8, 2, 3, 2, 0, 1, font_44_8};

const unsigned char font_45_8[] = {
  0x65,0xF8,0xE9,0x07,0x10,0x0F,
};
const font_glyph_t glyph_45_8 = {45, 8, 3, 2, 4, 0, 3, font_45_8};

const unsigned char font_46_8[] = {
  0x12,0x2A,0x72,0xCF,0x00,0x03,
};
const font_glyph_t glyph_46_8 = {46, 8, 2, 3, 2, 0, 2, font_46_8};

const unsigned char font_47_8[] = {
  0x00,0x00,0x31,0x74,0x00,0x00,0x8B,0x66,0x00,0x00,0xD9,0x18,0x00,0x2E,0xC2,0x00,
  0x00,0x7E,0x72,0x00,0x00,0xCE,0x23,0x00,0x05,0x6F,0x00,0x00,
};
const font_glyph_t glyph_47_8 = {47, 8, 4, 7, 3, -1, 6, font_47_8};

const unsigned char font_48_8[] = {
  0x0A,0x94,0xBC,0x5C,0x00,0x78,0xDC,0x69,0xFD,0x1E,0xA5,0xA9,0x05,0xFF,0x49,0xA7,
  0xA8,0x04,0xFF,0x4B,0x8E,0xC3,0x1F,0xFF,0x31,0x23,0xE1,0xFB,0xA8,0x01,0x00,0x02,
  0x0D,0x00,0x00,
};
const font_glyph_t glyph_48_8 = {48, 8, 5, 7, 5, 0, 6, font_48_8};

const unsigned char font_49_8[] = {
  0x00,0x1F,0x77,0x2E,0x4E,0xED,0xFF,0x44,0x0B,0x0E,0xFF,0x44,0x00,0x0C,0xFF,0x44,
  0x00,0x0C,0xFF,0x44,0x00,0x0C,0xFF,0x44,
};
const font_glyph_t glyph_49_8 = {49, 8, 4, 6, 5, 0, 6, font_49_8};

const unsigned char font_50_8[] = {
  0x13,0x9C,0xBC,0x69,0x00,0xA0,0xCA,0x72,0xFF,0x1C,0x1B,0x14,0x55,0xF7,0x11,0x00,
  0x2A,0xEC,0x66,0x00,0x23,0xE5,0x84,0x04,0x01,0xA2,0xFF,0xFF,0xFF,0x54,
};
const font_glyph_t glyph_50_8 = {50, 8, 5, 6, 5, 0, 6, font_50_8};

const unsigned char font_51_8[] = {
  0x1F,0xA5,0xBC,0x6A,0x00,0x81,0xA4,0x68,0xFF,0x2C,0x00,0x30,0x8B,0xE6,0x12,0x00,
  0x48,0xAD,0xD8,0x14,0x73,0x5D,0x14,0xFF,0x4B,0x57,0xF3,0xFA,0xBD,0x0A,0x00,0x05,
  0x0C,0x00,0x00,
};
const font_glyph_t glyph_51_8 = {51, 8, 5, 7, 5, 0, 6, font_51_8};

const unsigned char font_52_8[] = {
  0x00,0x00,0x82,0x9B,0x00,0x00,0x3A,0xFE,0xD4,0x00,0x05,0xD2,0xB6,0xD4,0x00,0x78,
  0xC6,0x99,0xDF,0x17,0x94,0xCC,0xE6,0xF8,0x53,0x00,0x00,0x7C,0xD4,0x00,
};
const font_glyph_t glyph_52_8 = {52, 8, 5, 6, 5, 0, 6, font_52_8};

const unsigned char font_53_8[] = {
  0x2D,0xB0,0xB0,0xB0,0x11,0x5C,0xDF,0x54,0x54,0x08,0x7A,0xE6,0xB8,0x75,0x00,0x29,
  0x58,0x54,0xFF,0x32,0x66,0x7A,0x1F,0xFF,0x3F,0x3A,0xE6,0xFB,0xB5,0x04,0x00,0x02,
  0x0D,0x00,0x00,
};
const font_glyph_t glyph_53_8 = {53, 8, 5, 7, 5, 0, 6, font_53_8};

const unsigned char font_54_8[] = {
  0x00,0x30,0xA4,0x67,0x00,0x29,0xF4,0x84,0x26,0x00,0x91,0xE9,0xC9,0xA4,0x06,0xAB,
  0xD0,0x45,0xFB,0x52,0x90,0xC1,0x10,0xF8,0x5A,0x1E,0xD8,0xFA,0xC0,0x0A,0x00,0x01,
  0x0E,0x00,0x00,
};
const font_glyph_t glyph_54_8 = {54, 8, 5, 7, 5, 0, 6, font_54_8};

const unsigned char font_55_8[] = {
  0x8C,0xB0,0xB0,0xB0,0x37,0x43,0x54,0x7C,0xFD,0x1E,0x00,0x00,0x9C,0xAF,0x00,0x00,
  0x19,0xF8,0x41,0x00,0x00,0x85,0xD4,0x00,0x00,0x0B,0xEF,0x67,0x00,0x00,
};
const font_glyph_t glyph_55_8 = {55, 8, 5, 6, 5, 0, 6, font_55_8};

const unsigned char font_56_8[] = {
  0x11,0x9A,0xBD,0x6A,0x00,0x7B,0xE5,0x6E,0xFF,0x1F,0x51,0xEE,0x96,0xE7,0x0D,0x4C,
  0xEA,0xB3,0xD9,0x10,0xA4,0xBA,0x16,0xFF,0x44,0x41,0xEB,0xFA,0xC5,0x0B,0x00,0x02,
  0x0D,0x00,0x00,
};
const font_glyph_t glyph_56_8 = {56, 8, 5, 7, 5, 0, 6, font_56_8};

const unsigned char font_57_8[] = {
  0x0A,0x93,0xBA,0x50,0x00,0x84,0xDC,0x69,0xFA,0x19,0xA8,0xB2,0x0C,0xFF,0x45,0x4F,
  0xFB,0xD5,0xFF,0x3D,0x00,0x1D,0x83,0xEB,0x0A,0x00,0xCF,0xD9,0x3C,0x00,0x00,0x0C,
  0x00,0x00,0x00,
};
const font_glyph_t glyph_57_8 = {57, 8, 5, 7, 5, 0, 6, font_57_8};

const unsigned char font_58_8[] = {
  0x20,0x44,0x63,0xB6,0x00,0x00,0x12,0x2A,0x72,0xCF,0x00,0x03,
};
const font_glyph_t glyph_58_8 = {58, 8, 2, 6, 2, 0, 5, font_58_8};

const unsigned char font_59_8[] = {
  0x25,0x40,0x6E,0xAC,0x00,0x00,0x00,0x00,0x50,0xBC,0x6E,0x97,0x46,0x17,
};
const font_glyph_t glyph_59_8 = {59, 8, 2, 7, 2, 0, 5, font_59_8};

const unsigned char font_60_8[] = {
  0x00,0x00,0x01,0x1E,0x11,0x71,0xD8,0x9E,0xDA,0xEA,0x56,0x03,0x3C,0xA8,0xF5,0x7D,
  0x00,0x00,0x17,0x42,
};
const font_glyph_t glyph_60_8 = {60, 8, 4, 5, 4, 0, 5, font_60_8};

const unsigned char font_61_8[] = {
  0x6C,0xD8,0xD8,0xD8,0x1B,0x26,0x4C,0x4C,0x4C,0x0A,0x72,0xE4,0xE4,0xE4,0x1D,
};
const font_glyph_t glyph_61_8 = {61, 8, 5, 3, 5, 0, 4, font_61_8};

const unsigned char font_62_8[] = {
  0x1D,0x02,0x00,0x00,0x8B,0xDE,0x79,0x16,0x02,0x4E,0xE5,0xF3,0x6D,0xF5,0xB4,0x48,
  0x3F,0x1F,0x00,0x00,
};
const font_glyph_t glyph_62_8 = {62, 8, 4, 5, 4, 0, 5, font_62_8};

const unsigned char font_63_8[] = {
  0x39,0xB2,0xB2,0x37,0xB5,0x9C,0xB1,0xC2,0x00,0x12,0xD2,0x8D,0x00,0x8F,0xB8,0x03,
  0x00,0x45,0x30,0x00,0x00,0xB7,0x8B,0x00,0x00,0x02,0x01,0x00,
};
const font_glyph_t glyph_63_8 = {63, 8, 4, 7, 4, 0, 6, font_63_8};

const unsigned char font_64_8[] = {
  0x00,0x00,0x44,0x7D,0x6F,0x1C,0x00,0x01,0xA1,0x86,0x31,0x46,0xBE,0x31,0x53,0x98,
  0x37,0xC3,0xBB,0x2E,0xAF,0xA4,0x39,0xD2,0x27,0xDF,0x04,0xCB,0xBA,0x26,0xF6,0x04,
  0xE4,0x0B,0xBE,0x9E,0x45,0xC4,0xC1,0xD6,0xB9,0x4B,0x37,0xCD,0x2A,0x06,0x19,0x08,
  0x00,0x00,0x3B,0xA6,0xBD,0x8C,0x00,0x00,
};
const font_glyph_t glyph_64_8 = {64, 8, 7, 8, 7, 0, 6, font_64_8};

const unsigned char font_65_8[] = {
  0x00,0x00,0x0A,0xB9,0x58,0x00,0x00,0x00,0x00,0x5C,0xFF,0xD0,0x00,0x00,0x00,0x00,
  0xBB,0xA1,0xFE,0x2E,0x00,0x00,0x1B,0xFD,0x5A,0xD4,0x8C,0x00,0x00,0x78,0xFF,0xF0,
  0xF8,0xE8,0x03,0x00,0xD4,0x9A,0x00,0x27,0xFF,0x48,
};
const font_glyph_t glyph_65_8 = {65, 8, 7, 6, 5, -1, 6, font_65_8};

const unsigned char font_66_8[] = {
  0x63,0xB0,0xAF,0x8D,0x18,0x90,0xE2,0x64,0xDB,0xA4,0x90,0xE4,0x64,0xD9,0x87,0x90,
  0xF2,0xA5,0xE2,0x7C,0x90,0xD4,0x11,0xA7,0xCF,0x90,0xFF,0xFF,0xE6,0x56,
};
const font_glyph_t glyph_66_8 = {66, 8, 5, 6, 5, 0, 6, font_66_8};

const unsigned char font_67_8[] = {
  0x01,0x74,0xBD,0xA4,0x22,0x00,0x62,0xF2,0x5B,0xAF,0xD2,0x00,0xAC,0xB4,0x00,0x19,
  0x48,0x01,0xB5,0xAF,0x00,0x00,0x00,0x00,0x87,0xDD,0x0E,0x78,0xDE,0x01,0x12,0xC4,
  0xFF,0xEF,0x5B,0x00,0x00,0x00,0x0D,0x03,0x00,0x00,
};
const font_glyph_t glyph_67_8 = {67, 8, 6, 7, 5, 0, 6, font_67_8};

const unsigned char font_68_8[] = {
  0x63,0xBF,0xA9,0x61,0x01,0x90,0xE4,0x6E,0xEE,0x74,0x90,0xD0,0x00,0x90,0xD7,0x90,
  0xD0,0x00,0x86,0xE1,0x90,0xD4,0x1E,0xD2,0xA0,0x90,0xFF,0xF9,0xB2,0x14,
};
const font_glyph_t glyph_68_8 = {68, 8, 5, 6, 5, 0, 6, font_68_8};

const unsigned char font_69_8[] = {
  0x63,0xBB,0xB0,0xB0,0x3F,0x90,0xE4,0x60,0x60,0x23,0x90,0xE8,0x70,0x6B,0x00,0x90,
  0xEE,0x98,0x91,0x00,0x90,0xD4,0x10,0x10,0x06,0x90,0xFF,0xFF,0xFF,0x58,
};
const font_glyph_t glyph_69_8 = {69, 8, 5, 6, 4, 0, 6, font_69_8};

const unsigned char font_70_8[] = {
  0x63,0xBB,0xB0,0xB0,0x29,0x90,0xE4,0x60,0x60,0x17,0x90,0xE1,0x54,0x54,0x01,0x90,
  0xF4,0xBC,0xBC,0x03,0x90,0xD0,0x00,0x00,0x00,0x90,0xD0,0x00,0x00,0x00,
};
const font_glyph_t glyph_70_8 = {70, 8, 5, 6, 4, 0, 6, font_70_8};

const unsigned char font_71_8[] = {
  0x00,0x68,0xBC,0xAD,0x32,0x00,0x56,0xFC,0x65,0x9E,0xE5,0x01,0x9F,0xC4,0x03,0x17,
  0x38,0x04,0xA8,0xBC,0x36,0xEF,0xFF,0x18,0x79,0xED,0x19,0x53,0xFF,0x18,0x0C,0xB7,
  0xFE,0xFC,0xB0,0x08,0x00,0x00,0x0C,0x07,0x00,0x00,
};
const font_glyph_t glyph_71_8 = {71, 8, 6, 7, 5, 0, 6, font_71_8};

const unsigned char font_72_8[] = {
  0x63,0x8F,0x00,0x1E,0xB0,0x21,0x90,0xD0,0x00,0x2C,0xFF,0x30,0x90,0xE8,0x70,0x8A,
  0xFF,0x30,0x90,0xF0,0xA0,0xB3,0xFF,0x30,0x90,0xD0,0x00,0x2C,0xFF,0x30,0x90,0xD0,
  0x00,0x2C,0xFF,0x30,
};
const font_glyph_t glyph_72_8 = {72, 8, 6, 6, 6, 0, 6, font_72_8};

const unsigned char font_73_8[] = {
  0x53,0x9D,0x78,0xE4,0x78,0xE4,0x78,0xE4,0x78,0xE4,0x78,0xE4,
};
const font_glyph_t glyph_73_8 = {73, 8, 2, 6, 2, 0, 6, font_73_8};

const unsigned char font_74_8[] = {
  0x00,0x00,0x34,0xB0,0x0B,0x00,0x00,0x4C,0xFF,0x10,0x00,0x00,0x4C,0xFF,0x10,0x00,
  0x00,0x4C,0xFF,0x10,0x97,0x6F,0x61,0xFD,0x08,0x62,0xF7,0xFC,0x80,0x00,0x00,0x06,
  0x09,0x00,0x00,
};
const font_glyph_t glyph_74_8 = {74, 8, 5, 7, 5, 0, 6, font_74_8};

const unsigned char font_75_8[] = {
  0x63,0x8F,0x00,0x7F,0x9E,0x07,0x90,0xD0,0x4F,0xFF,0x4C,0x00,0x90,0xE1,0xE9,0x8C,
  0x00,0x00,0x90,0xFF,0xFF,0xAF,0x00,0x00,0x90,0xE7,0x51,0xFF,0x4A,0x00,0x90,0xD0,
  0x00,0xB6,0xDE,0x09,
};
const font_glyph_t glyph_75_8 = {75, 8, 6, 6, 5, 0, 6, font_75_8};

const unsigned char font_76_8[] = {
  0x63,0x8F,0x00,0x00,0x00,0x90,0xD0,0x00,0x00,0x00,0x90,0xD0,0x00,0x00,0x00,0x90,
  0xD0,0x00,0x00,0x00,0x90,0xD4,0x10,0x10,0x03,0x90,0xFF,0xFF,0xFF,0x30,
};
const font_glyph_t glyph_76_8 = {76, 8, 5, 6, 4, 0, 6, font_76_8};

const unsigned char font_77_8[] = {
  0x63,0xBC,0x3D,0x00,0x3D,0xBC,0x66,0x90,0xFF,0x9D,0x00,0x9D,0xFF,0x94,0x90,0xD9,
  0xEB,0x08,0xEB,0xD8,0x94,0x90,0xC1,0xCE,0x84,0xCE,0xBE,0x94,0x90,0xCD,0x78,0xFA,
  0x78,0xC9,0x94,0x90,0xD0,0x21,0xFE,0x21,0xCC,0x94,
};
const font_glyph_t glyph_77_8 = {77, 8, 7, 6, 7, 0, 6, font_77_8};

const unsigned char font_78_8[] = {
  0x63,0xA8,0x09,0x21,0xB0,0x21,0x90,0xFF,0x7C,0x30,0xFF,0x30,0x90,0xEE,0xF1,0x4A,
  0xFF,0x30,0x90,0xD0,0x9A,0xCC,0xFF,0x30,0x90,0xD0,0x17,0xF2,0xFF,0x30,0x90,0xD0,
  0x00,0x79,0xFF,0x30,
};
const font_glyph_t glyph_78_8 = {78, 8, 6, 6, 6, 0, 6, font_78_8};

const unsigned char font_79_8[] = {
  0x00,0x68,0xBB,0xA2,0x22,0x00,0x5B,0xF9,0x66,0xB1,0xDC,0x04,0xAA,0xB9,0x00,0x31,
  0xFF,0x31,0xB3,0xB0,0x00,0x28,0xFF,0x3A,0x7C,0xE8,0x17,0x74,0xF6,0x0E,0x0C,0xB6,
  0xFF,0xEF,0x58,0x00,0x00,0x00,0x0B,0x04,0x00,0x00,
};
const font_glyph_t glyph_79_8 = {79, 8, 6, 7, 6, 0, 6, font_79_8};

const unsigned char font_80_8[] = {
  0x63,0xB0,0xAF,0x8E,0x16,0x90,0xE2,0x61,0xCD,0xBB,0x90,0xD0,0x00,0x96,0xDD,0x90,
  0xFF,0xFD,0xEF,0x59,0x90,0xD4,0x0F,0x02,0x00,0x90,0xD0,0x00,0x00,0x00,
};
const font_glyph_t glyph_80_8 = {80, 8, 5, 6, 5, 0, 6, font_80_8};

const unsigned char font_81_8[] = {
  0x00,0x66,0xBB,0xA2,0x24,0x00,0x5A,0xF9,0x67,0xB0,0xDE,0x05,0xAA,0xB9,0x00,0x31,
  0xFF,0x35,0xB3,0xB0,0x00,0x28,0xFF,0x3E,0x7C,0xE8,0x17,0x74,0xF7,0x11,0x0C,0xB6,
  0xFF,0xFF,0x8B,0x00,0x00,0x00,0x0B,0x62,0xCC,0x08,0x00,0x00,0x00,0x00,0x01,0x00,
  
};
const font_glyph_t glyph_81_8 = {81, 8, 6, 8, 6, 0, 6, font_81_8};

const unsigned char font_82_8[] = {
  0x63,0xB0,0xAF,0x91,0x1B,0x00,0x90,0xE2,0x62,0xD3,0xB8,0x00,0x90,0xD4,0x11,0xAE,
  0xBF,0x00,0x90,0xFF,0xFF,0xFA,0x2E,0x00,0x90,0xD0,0x33,0xFF,0x48,0x00,0x90,0xD0,
  0x00,0xB3,0xC9,0x00,
};
const font_glyph_t glyph_82_8 = {82, 8, 6, 6, 5, 0, 6, font_82_8};

const unsigned char font_83_8[] = {
  0x0B,0x8D,0xBF,0x99,0x15,0x80,0xEA,0x4E,0xD3,0xA2,0x5D,0xFB,0x89,0x24,0x00,0x00,
  0x49,0xB5,0xFB,0x5B,0x94,0xA1,0x02,0xBB,0xB4,0x33,0xDB,0xFB,0xEF,0x4E,0x00,0x00,
  0x0F,0x03,0x00,
};
const font_glyph_t glyph_83_8 = {83, 8, 5, 7, 5, 0, 6, font_83_8};

const unsigned char font_84_8[] = {
  0x97,0xB4,0xC0,0xB4,0xA0,0x53,0x80,0xFF,0x80,0x57,0x00,0x30,0xFF,0x30,0x00,0x00,
  0x30,0xFF,0x30,0x00,0x00,0x30,0xFF,0x30,0x00,0x00,0x30,0xFF,0x30,0x00,
};
const font_glyph_t glyph_84_8 = {84, 8, 5, 6, 5, 0, 6, font_84_8};

const unsigned char font_85_8[] = {
  0x66,0x8C,0x00,0x55,0x9D,0x94,0xCC,0x00,0x7C,0xE4,0x94,0xCC,0x00,0x7C,0xE4,0x94,
  0xCC,0x00,0x7C,0xE4,0x84,0xE3,0x0C,0x9C,0xD5,0x1B,0xCF,0xFF,0xEE,0x4E,0x00,0x00,
  0x0E,0x02,0x00,
};
const font_glyph_t glyph_85_8 = {85, 8, 5, 7, 5, 0, 6, font_85_8};

const unsigned char font_86_8[] = {
  0x00,0x9E,0x6B,0x00,0x3A,0xB0,0x22,0x00,0x9D,0xD7,0x00,0x8E,0xE7,0x02,0x00,0x48,
  0xFF,0x1D,0xD3,0x93,0x00,0x00,0x05,0xEE,0x7C,0xFF,0x3C,0x00,0x00,0x00,0x9D,0xF2,
  0xE4,0x02,0x00,0x00,0x00,0x47,0xFF,0x90,0x00,0x00,
};
const font_glyph_t glyph_86_8 = {86, 8, 7, 6, 5, -1, 6, font_86_8};

const unsigned char font_87_8[] = {
  0x93,0x5C,0x23,0xB8,0x15,0x64,0x88,0xA8,0xAA,0x62,0xFF,0x50,0xB8,0x98,0x71,0xDA,
  0x9A,0xFD,0x89,0xE6,0x61,0x3C,0xFE,0xDD,0xA9,0xD8,0xFF,0x2C,0x09,0xFB,0xFE,0x34,
  0xFF,0xF3,0x02,0x00,0xD0,0xD4,0x00,0xE6,0xBF,0x00,
};
const font_glyph_t glyph_87_8 = {87, 8, 7, 6, 7, 0, 6, font_87_8};

const unsigned char font_88_8[] = {
  0x83,0x8C,0x00,0x79,0x96,0x01,0x44,0xFF,0x56,0xFA,0x62,0x00,0x00,0xB2,0xFB,0xD0,
  0x02,0x00,0x00,0x90,0xFF,0xB1,0x00,0x00,0x27,0xFB,0x94,0xFF,0x3E,0x00,0xB2,0xD6,
  0x02,0xBC,0xCD,0x02,
};
const font_glyph_t glyph_88_8 = {88, 8, 6, 6, 5, 0, 6, font_88_8};

const unsigned char font_89_8[] = {
  0x00,0x94,0x6C,0x00,0x67,0x99,0x01,0x00,0x6B,0xEF,0x11,0xEA,0x72,0x00,0x00,0x07,
  0xE3,0xBE,0xE8,0x0A,0x00,0x00,0x00,0x6A,0xFF,0x72,0x00,0x00,0x00,0x00,0x30,0xFF,
  0x38,0x00,0x00,0x00,0x00,0x30,0xFF,0x38,0x00,0x00,
};
const font_glyph_t glyph_89_8 = {89, 8, 7, 6, 5, -1, 6, font_89_8};

const unsigned char font_90_8[] = {
  0x84,0xB0,0xB0,0xB8,0x7A,0x48,0x60,0x86,0xFF,0x56,0x00,0x04,0xC9,0xA6,0x00,0x00,
  0x7F,0xE5,0x13,0x00,0x37,0xFC,0x58,0x10,0x0B,0xB5,0xFF,0xFF,0xFF,0xB0,
};
const font_glyph_t glyph_90_8 = {90, 8, 5, 6, 5, 0, 6, font_90_8};

const unsigned char font_91_8[] = {
  0x63,0xAC,0x23,0x94,0xD3,0x0F,0x94,0xC0,0x00,0x94,0xC0,0x00,0x94,0xC0,0x00,0x94,
  0xC0,0x00,0x94,0xC0,0x00,0x94,0xE6,0x1F,0x35,0x5C,0x13,
};
const font_glyph_t glyph_91_8 = {91, 8, 3, 9, 2, 0, 7, font_91_8};

const unsigned char font_92_8[] = {
  0x02,0xA4,0x4C,0x00,0x00,0x00,0x9F,0xC0,0x00,0x00,0x00,0x3C,0xFF,0x25,0x00,0x00,
  0x01,0xD9,0x86,0x00,0x00,0x00,0x78,0xE5,0x03,0x00,0x00,0x18,0xFC,0x4C,0x00,0x00,
  0x00,0x63,0x48,
};
const font_glyph_t glyph_92_8 = {92, 8, 5, 7, 3, -1, 6, font_92_8};

const unsigned char font_93_8[] = {
  0xA1,0x91,0x9B,0xD8,0x78,0xD8,0x78,0xD8,0x78,0xD8,0x78,0xD8,0x78,0xD8,0xC0,0xD8,
  0x56,0x4E,
};
const font_glyph_t glyph_93_8 = {93, 8, 2, 9, 2, 0, 7, font_93_8};

const unsigned char font_94_8[] = {
  0x00,0x9A,0x4B,0x00,0x2D,0xDE,0xC5,0x00,0x97,0x64,0xC8,0x2F,0x21,0x07,0x16,0x11,
  
};
const font_glyph_t glyph_94_8 = {94, 8, 4, 4, 4, 0, 6, font_94_8};

const unsigned char font_95_8[] = {
  0xFC,0xFC,0xFC,0x86,
};
const font_glyph_t glyph_95_8 = {95, 8, 4, 1, 4, 0, 0, font_95_8};

const unsigned char font_96_8[] = {
  0x57,0xDF,0x0D,0x00,0x2C,0x12,
};
const font_glyph_t glyph_96_8 = {96, 8, 3, 2, 3, 0, 6, font_96_8};

const unsigned char font_97_8[] = {
  0x00,0x37,0x44,0x06,0x00,0x82,0xE3,0xD5,0xAD,0x00,0x2E,0x8F,0xC7,0xE3,0x00,0xBD,
  0xA6,0x8A,0xE4,0x00,0x83,0xF5,0xDF,0xF1,0x03,0x00,0x0C,0x00,0x00,0x00,
};
const font_glyph_t glyph_97_8 = {97, 8, 5, 6, 4, 0, 5, font_97_8};

const unsigned char font_98_8[] = {
  0x9C,0xB4,0x00,0x00,0x00,0x9C,0xB7,0x45,0x19,0x00,0x9C,0xF7,0xCF,0xE9,0x0E,0x9C,
  0xC0,0x0F,0xFF,0x44,0x9C,0xC5,0x19,0xFF,0x3C,0x9C,0xE6,0xF7,0xCA,0x05,0x00,0x00,
  0x0C,0x01,0x00,
};
const font_glyph_t glyph_98_8 = {98, 8, 5, 7, 5, 0, 6, font_98_8};

const unsigned char font_99_8[] = {
  0x00,0x2E,0x44,0x06,0x65,0xF2,0xDB,0xB5,0xC3,0x8F,0x1E,0x5F,0xB8,0x9B,0x2D,0x7E,
  0x40,0xED,0xF7,0x87,0x00,0x04,0x0B,0x00,
};
const font_glyph_t glyph_99_8 = {99, 8, 4, 6, 4, 0, 5, font_99_8};

const unsigned char font_100_8[] = {
  0x00,0x00,0x34,0xFF,0x20,0x01,0x3E,0x55,0xFF,0x20,0x77,0xF3,0xD4,0xFF,0x20,0xC4,
  0x93,0x40,0xFF,0x20,0xBB,0xA1,0x46,0xFF,0x20,0x4E,0xF9,0xDC,0xFF,0x20,0x00,0x0A,
  0x03,0x00,0x00,
};
const font_glyph_t glyph_100_8 = {100, 8, 5, 7, 5, 0, 6, font_100_8};

const unsigned char font_101_8[] = {
  0x00,0x29,0x46,0x0A,0x00,0x57,0xF4,0xCE,0xD1,0x04,0xB9,0xD7,0x95,0xFF,0x2C,0xAF,
  0xD8,0x4E,0x71,0x0F,0x30,0xE0,0xF9,0xC3,0x02,0x00,0x01,0x0E,0x00,0x00,
};
const font_glyph_t glyph_101_8 = {101, 8, 5, 6, 4, 0, 5, font_101_8};

const unsigned char font_102_8[] = {
  0x00,0x02,0x0D,0x1A,0xE2,0xE0,0x7B,0xFE,0x38,0xC6,0xFF,0x8F,0x58,0xFC,0x00,0x58,
  0xFC,0x00,0x58,0xFC,0x00,
};
const font_glyph_t glyph_102_8 = {102, 8, 3, 7, 3, 0, 7, font_102_8};

const unsigned char font_103_8[] = {
  0x00,0x38,0x2E,0x3B,0x0D,0x6C,0xF8,0xCD,0xFF,0x38,0xC0,0x99,0x1B,0xFF,0x38,0xB6,
  0xAA,0x25,0xFF,0x38,0x44,0xF4,0xE9,0xFF,0x38,0x28,0x7D,0x8B,0xFA,0x1A,0x1E,0x92,
  0xA0,0x3F,0x00,
};
const font_glyph_t glyph_103_8 = {103, 8, 5, 7, 5, 0, 5, font_103_8};

const unsigned char font_104_8[] = {
  0xA8,0xA8,0x00,0x00,0x00,0xA8,0xA9,0x41,0x20,0x00,0xA8,0xED,0xD2,0xF1,0x0B,0xA8,
  0xB1,0x2E,0xFF,0x27,0xA8,0xA8,0x2C,0xFF,0x28,0xA8,0xA8,0x2C,0xFF,0x28,
};
const font_glyph_t glyph_104_8 = {104, 8, 5, 6, 5, 0, 6, font_104_8};

const unsigned char font_105_8[] = {
  0x80,0xAD,0x40,0x5C,0x90,0xC4,0x90,0xC4,0x90,0xC4,0x90,0xC4,
};
const font_glyph_t glyph_105_8 = {105, 8, 2, 6, 2, 0, 6, font_105_8};

const unsigned char font_106_8[] = {
  0x00,0x7B,0xAD,0x00,0x3E,0x5E,0x00,0x88,0xCC,0x00,0x88,0xCC,0x00,0x88,0xCC,0x00,
  0x88,0xCC,0x26,0xBD,0xBC,0x4E,0xA8,0x30,
};
const font_glyph_t glyph_106_8 = {106, 8, 3, 8, 2, -1, 6, font_106_8};

const unsigned char font_107_8[] = {
  0x9C,0xB4,0x00,0x00,0x00,0x9C,0xB4,0x10,0x3C,0x13,0x9C,0xB9,0xC1,0xC2,0x06,0x9C,
  0xFE,0xFF,0x1E,0x00,0x9C,0xE8,0xDF,0x8E,0x00,0x9C,0xB4,0x4C,0xFC,0x33,
};
const font_glyph_t glyph_107_8 = {107, 8, 5, 6, 4, 0, 6, font_107_8};

const unsigned char font_108_8[] = {
  0x90,0xC4,0x90,0xC4,0x90,0xC4,0x90,0xC4,0x90,0xC4,0x90,0xC4,
};
const font_glyph_t glyph_108_8 = {108, 8, 2, 6, 2, 0, 6, font_108_8};

const unsigned char font_109_8[] = {
  0x25,0x26,0x3D,0x25,0x24,0x41,0x01,0x9C,0xEF,0xD2,0xF4,0xC8,0xFB,0x5B,0x9C,0xBD,
  0x39,0xFF,0x21,0xD1,0x83,0x9C,0xB4,0x38,0xFF,0x1C,0xD0,0x84,0x9C,0xB4,0x38,0xFF,
  0x1C,0xD0,0x84,
};
const font_glyph_t glyph_109_8 = {109, 8, 7, 5, 7, 0, 5, font_109_8};

const unsigned char font_110_8[] = {
  0x27,0x24,0x3F,0x25,0x00,0xA8,0xEB,0xD1,0xF5,0x0D,0xA8,0xB5,0x2D,0xFF,0x27,0xA8,
  0xAC,0x2C,0xFF,0x28,0xA8,0xAC,0x2C,0xFF,0x28,
};
const font_glyph_t glyph_110_8 = {110, 8, 5, 5, 5, 0, 5, font_110_8};

const unsigned char font_111_8[] = {
  0x00,0x2B,0x46,0x0A,0x00,0x61,0xF5,0xD2,0xD5,0x07,0xC3,0x94,0x14,0xFF,0x3E,0xB8,
  0xA4,0x24,0xFF,0x33,0x3B,0xEB,0xF9,0xA4,0x01,0x00,0x03,0x0B,0x00,0x00,
};
const font_glyph_t glyph_111_8 = {111, 8, 5, 6, 5, 0, 5, font_111_8};

const unsigned char font_112_8[] = {
  0x25,0x29,0x45,0x19,0x00,0x9C,0xF4,0xD1,0xE9,0x0E,0x9C,0xC0,0x10,0xFF,0x44,0x9C,
  0xC6,0x1F,0xFF,0x3B,0x9C,0xF1,0xF8,0xC3,0x04,0x9C,0xB4,0x0C,0x01,0x00,0x62,0x71,
  0x00,0x00,0x00,
};
const font_glyph_t glyph_112_8 = {112, 8, 5, 7, 5, 0, 5, font_112_8};

const unsigned char font_113_8[] = {
  0x01,0x3E,0x25,0x3C,0x08,0x77,0xF3,0xCE,0xFF,0x20,0xC4,0x93,0x40,0xFF,0x20,0xBB,
  0xA1,0x45,0xFF,0x20,0x4E,0xF9,0xE9,0xFF,0x20,0x00,0x0A,0x37,0xFF,0x20,0x00,0x00,
  0x21,0xA0,0x14,
};
const font_glyph_t glyph_113_8 = {113, 8, 5, 7, 5, 0, 5, font_113_8};

const unsigned char font_114_8[] = {
  0x25,0x27,0x41,0x9C,0xF7,0xE4,0x9C,0xC5,0x00,0x9C,0xB4,0x00,0x9C,0xB4,0x00,
};
const font_glyph_t glyph_114_8 = {114, 8, 3, 5, 3, 0, 5, font_114_8};

const unsigned char font_115_8[] = {
  0x02,0x3D,0x3F,0x04,0x8C,0xD5,0xD0,0xA9,0x90,0xE0,0x89,0x2B,0x4E,0x65,0xB8,0xC9,
  0x70,0xE7,0xE8,0x7E,0x00,0x08,0x09,0x00,
};
const font_glyph_t glyph_115_8 = {115, 8, 4, 6, 4, 0, 5, font_115_8};

const unsigned char font_116_8[] = {
  0x1D,0x41,0x00,0x89,0xEE,0x24,0xCA,0xFA,0x69,0x68,0xE8,0x00,0x67,0xEC,0x01,0x37,
  0xF8,0xA2,0x00,0x09,0x06,
};
const font_glyph_t glyph_116_8 = {116, 8, 3, 7, 3, 0, 6, font_116_8};

const unsigned char font_117_8[] = {
  0x27,0x28,0x09,0x3C,0x09,0xA8,0xAC,0x28,0xFF,0x28,0xA8,0xAC,0x28,0xFF,0x28,0xA6,
  0xB4,0x3C,0xFF,0x28,0x5B,0xFD,0xDB,0xFF,0x28,0x00,0x0A,0x02,0x00,0x00,
};
const font_glyph_t glyph_117_8 = {117, 8, 5, 6, 5, 0, 5, font_117_8};

const unsigned char font_118_8[] = {
  0x39,0x1A,0x12,0x3C,0x04,0xBF,0x95,0x74,0xDE,0x00,0x6C,0xD4,0xB4,0x8D,0x00,0x1B,
  0xFD,0xF5,0x39,0x00,0x00,0xC6,0xE5,0x01,0x00,
};
const font_glyph_t glyph_118_8 = {118, 8, 5, 5, 4, 0, 5, font_118_8};

const unsigned char font_119_8[] = {
  0x35,0x16,0x26,0x19,0x22,0x29,0xBC,0x77,0xC2,0x8D,0xAD,0x89,0x80,0xAC,0xE8,0xD0,
  0xD9,0x4D,0x43,0xFB,0xA0,0xD1,0xFC,0x12,0x0A,0xFB,0x58,0x8B,0xD5,0x00,
};
const font_glyph_t glyph_119_8 = {119, 8, 6, 5, 6, 0, 5, font_119_8};

const unsigned char font_120_8[] = {
  0x32,0x21,0x16,0x3B,0x01,0x7F,0xD9,0xB3,0xAB,0x00,0x0C,0xED,0xFF,0x26,0x00,0x28,
  0xFB,0xF8,0x51,0x00,0xAF,0xB0,0x85,0xD8,0x04,
};
const font_glyph_t glyph_120_8 = {120, 8, 5, 5, 4, 0, 5, font_120_8};

const unsigned char font_121_8[] = {
  0x00,0x3A,0x19,0x10,0x3C,0x08,0x00,0xC4,0x98,0x73,0xE7,0x03,0x00,0x6C,0xE0,0xBF,
  0x92,0x00,0x00,0x17,0xFD,0xFE,0x39,0x00,0x00,0x00,0xBC,0xDF,0x01,0x00,0x00,0x27,
  0xCC,0x86,0x00,0x00,0x00,0x50,0x9F,0x13,0x00,0x00,
};
const font_glyph_t glyph_121_8 = {121, 8, 6, 7, 4, -1, 5, font_121_8};

const unsigned char font_122_8[] = {
  0x27,0x3C,0x3D,0x33,0x83,0xC8,0xFD,0xB7,0x00,0x67,0xEE,0x1E,0x32,0xF8,0x51,0x03,
  0xB5,0xFF,0xFF,0xD8,
};
const font_glyph_t glyph_122_8 = {122, 8, 4, 5, 4, 0, 5, font_122_8};

const unsigned char font_123_8[] = {
  0x00,0x08,0x0D,0x07,0xD7,0x40,0x30,0xF4,0x00,0x3E,0xE8,0x00,0xD9,0x8A,0x00,0x50,
  0xE1,0x00,0x33,0xF2,0x00,0x0D,0xEC,0x33,0x00,0x1D,0x1B,
};
const font_glyph_t glyph_123_8 = {123, 8, 3, 9, 3, 0, 7, font_123_8};

const unsigned char font_124_8[] = {
  0x3A,0x45,0x54,0x64,0x54,0x64,0x54,0x64,0x54,0x64,0x54,0x64,0x54,0x64,0x05,0x06,
  
};
const font_glyph_t glyph_124_8 = {124, 8, 2, 8, 2, 0, 6, font_124_8};

const unsigned char font_125_8[] = {
  0x16,0x00,0x00,0xA4,0x79,0x00,0x58,0xCC,0x00,0x4C,0xDA,0x00,0x08,0xE5,0x70,0x45,
  0xE2,0x0B,0x56,0xCF,0x00,0x94,0x94,0x00,0x34,0x05,0x00,
};
const font_glyph_t glyph_125_8 = {125, 8, 3, 9, 3, 0, 7, font_125_8};

const unsigned char font_126_8[] = {
  0x01,0x38,0x0E,0x09,0x16,0x6C,0xE1,0xD9,0xAC,0x94,0x41,0x25,0x38,0x85,0x15,
};
const font_glyph_t glyph_126_8 = {126, 8, 5, 3, 5, 0, 4, font_126_8};

const unsigned char font_1040_8[] = {
  0x00,0x00,0x0A,0xB9,0x58,0x00,0x00,0x00,0x00,0x5C,0xFF,0xD0,0x00,0x00,0x00,0x00,
  0xBB,0xA1,0xFE,0x2E,0x00,0x00,0x1B,0xFD,0x5A,0xD4,0x8C,0x00,0x00,0x78,0xFF,0xF0,
  0xF8,0xE8,0x03,0x00,0xD4,0x9A,0x00,0x27,0xFF,0x48,
};
const font_glyph_t glyph_1040_8 = {1040, 8, 7, 6, 5, -1, 6, font_1040_8};

const unsigned char font_1041_8[] = {
  0x76,0xBF,0xB0,0xB0,0x32,0xA0,0xEC,0x60,0x60,0x1B,0xA0,0xF7,0xB9,0x8E,0x11,0xA0,
  0xEA,0x59,0xD6,0xA9,0xA0,0xDF,0x15,0xBD,0xBA,0xA0,0xFF,0xFE,0xD1,0x30,
};
const font_glyph_t glyph_1041_8 = {1041, 8, 5, 6, 5, 0, 6, font_1041_8};

const unsigned char font_1042_8[] = {
  0x63,0xB0,0xAF,0x8D,0x18,0x90,0xE2,0x64,0xDB,0xA4,0x90,0xE4,0x64,0xD9,0x87,0x90,
  0xF2,0xA5,0xE2,0x7C,0x90,0xD4,0x11,0xA7,0xCF,0x90,0xFF,0xFF,0xE6,0x56,
};
const font_glyph_t glyph_1042_8 = {1042, 8, 5, 6, 5, 0, 6, font_1042_8};

const unsigned char font_1043_8[] = {
  0x66,0xB0,0xB0,0xB0,0x2F,0x94,0xE0,0x60,0x60,0x1A,0x94,0xCC,0x00,0x00,0x00,0x94,
  0xCC,0x00,0x00,0x00,0x94,0xCC,0x00,0x00,0x00,0x94,0xCC,0x00,0x00,0x00,
};
const font_glyph_t glyph_1043_8 = {1043, 8, 5, 6, 4, 0, 6, font_1043_8};

const unsigned char font_1044_8[] = {
  0x00,0x73,0xBE,0xB4,0xB8,0x34,0x00,0xAA,0xD1,0x6F,0xFF,0x4C,0x00,0xBF,0xA1,0x14,
  0xFF,0x4C,0x00,0xDB,0x82,0x14,0xFF,0x4C,0x42,0xFF,0x4A,0x24,0xFF,0x56,0xFB,0xFF,
  0xFF,0xFF,0xFF,0xDE,0xE1,0x6C,0x00,0x00,0x78,0xCE,0x55,0x2A,0x00,0x00,0x31,0x4F,
  
};
const font_glyph_t glyph_1044_8 = {1044, 8, 6, 8, 6, 0, 6, font_1044_8};

const unsigned char font_1045_8[] = {
  0x63,0xBB,0xB0,0xB0,0x3F,0x90,0xE4,0x60,0x60,0x23,0x90,0xE8,0x70,0x6B,0x00,0x90,
  0xEE,0x98,0x91,0x00,0x90,0xD4,0x10,0x10,0x06,0x90,0xFF,0xFF,0xFF,0x58,
};
const font_glyph_t glyph_1045_8 = {1045, 8, 5, 6, 4, 0, 6, font_1045_8};

const unsigned char font_1046_8[] = {
  0x79,0xA9,0x09,0x50,0xA2,0x00,0x68,0xAD,0x13,0x2C,0xFA,0x71,0x74,0xEC,0x12,0xF2,
  0x90,0x00,0x00,0x81,0xEA,0xB4,0xF6,0xAC,0xE6,0x0D,0x00,0x00,0x92,0xF4,0xE3,0xFD,
  0xDC,0xF2,0x14,0x00,0x24,0xFB,0x7B,0x74,0xEC,0x16,0xF7,0x8F,0x00,0xAE,0xF0,0x0F,
  0x74,0xEC,0x00,0x95,0xF9,0x1F,
};
const font_glyph_t glyph_1046_8 = {1046, 8, 9, 6, 8, 0, 6, font_1046_8};

const unsigned char font_1047_8[] = {
  0x14,0x97,0xC0,0x94,0x0F,0x7E,0xC1,0x57,0xEC,0x82,0x00,0x19,0x6F,0xEF,0x55,0x00,
  0x27,0xA1,0xEE,0x4F,0x6A,0x71,0x06,0xCB,0xA3,0x47,0xE9,0xFF,0xE3,0x37,0x00,0x01,
  0x10,0x01,0x00,
};
const font_glyph_t glyph_1047_8 = {1047, 8, 5, 7, 5, 0, 6, font_1047_8};

const unsigned char font_1048_8[] = {
  0x71,0x81,0x00,0x4B,0xB0,0x19,0xA4,0xBC,0x09,0xDF,0xFF,0x24,0xA4,0xBC,0x79,0xE7,
  0xFF,0x24,0xA4,0xD2,0xEF,0x66,0xFF,0x24,0xA4,0xFF,0x96,0x3C,0xFF,0x24,0xA4,0xF0,
  0x15,0x3C,0xFF,0x24,
};
const font_glyph_t glyph_1048_8 = {1048, 8, 6, 6, 6, 0, 6, font_1048_8};

const unsigned char font_1049_8[] = {
  0x00,0x29,0x0D,0x2B,0x0B,0x00,0x00,0x5D,0xC5,0xBF,0x0B,0x00,0x71,0x81,0x00,0x4B,
  0xB0,0x19,0xA4,0xBC,0x09,0xDF,0xFF,0x24,0xA4,0xBC,0x79,0xE7,0xFF,0x24,0xA4,0xD2,
  0xEF,0x66,0xFF,0x24,0xA4,0xFF,0x96,0x3C,0xFF,0x24,0xA4,0xF0,0x15,0x3C,0xFF,0x24,
  
};
const font_glyph_t glyph_1049_8 = {1049, 8, 6, 8, 6, 0, 8, font_1049_8};

const unsigned char font_1050_8[] = {
  0x66,0x8C,0x00,0x84,0x99,0x01,0x94,0xCC,0x2C,0xFE,0x5E,0x00,0x94,0xE6,0xC4,0xC6,
  0x01,0x00,0x94,0xF3,0xDF,0xD1,0x03,0x00,0x94,0xCC,0x28,0xFC,0x68,0x00,0x94,0xCC,
  0x00,0x9C,0xEB,0x0F,
};
const font_glyph_t glyph_1050_8 = {1050, 8, 6, 6, 5, 0, 6, font_1050_8};

const unsigned char font_1051_8[] = {
  0x00,0x90,0xBC,0xB4,0xB6,0x27,0x00,0xC8,0xBC,0x7C,0xFF,0x38,0x00,0xD2,0x85,0x28,
  0xFF,0x38,0x00,0xE1,0x74,0x28,0xFF,0x38,0x34,0xFE,0x4A,0x28,0xFF,0x38,0xDA,0xB7,
  0x05,0x28,0xFF,0x38,
};
const font_glyph_t glyph_1051_8 = {1051, 8, 6, 6, 6, 0, 6, font_1051_8};

const unsigned char font_1052_8[] = {
  0x63,0xBC,0x3D,0x00,0x3D,0xBC,0x66,0x90,0xFF,0x9D,0x00,0x9D,0xFF,0x94,0x90,0xD9,
  0xEB,0x08,0xEB,0xD8,0x94,0x90,0xC1,0xCE,0x84,0xCE,0xBE,0x94,0x90,0xCD,0x78,0xFA,
  0x78,0xC9,0x94,0x90,0xD0,0x21,0xFE,0x21,0xCC,0x94,
};
const font_glyph_t glyph_1052_8 = {1052, 8, 7, 6, 7, 0, 6, font_1052_8};

const unsigned char font_1053_8[] = {
  0x63,0x8F,0x00,0x1E,0xB0,0x21,0x90,0xD0,0x00,0x2C,0xFF,0x30,0x90,0xE8,0x70,0x8A,
  0xFF,0x30,0x90,0xF0,0xA0,0xB3,0xFF,0x30,0x90,0xD0,0x00,0x2C,0xFF,0x30,0x90,0xD0,
  0x00,0x2C,0xFF,0x30,
};
const font_glyph_t glyph_1053_8 = {1053, 8, 6, 6, 6, 0, 6, font_1053_8};

const unsigned char font_1054_8[] = {
  0x00,0x68,0xBB,0xA2,0x22,0x00,0x5B,0xF9,0x66,0xB1,0xDC,0x04,0xAA,0xB9,0x00,0x31,
  0xFF,0x31,0xB3,0xB0,0x00,0x28,0xFF,0x3A,0x7C,0xE8,0x17,0x74,0xF6,0x0E,0x0C,0xB6,
  0xFF,0xEF,0x58,0x00,0x00,0x00,0x0B,0x04,0x00,0x00,
};
const font_glyph_t glyph_1054_8 = {1054, 8, 6, 7, 6, 0, 6, font_1054_8};

const unsigned char font_1055_8[] = {
  0x66,0xB0,0xB0,0xB0,0xB0,0x24,0x94,0xE0,0x60,0x79,0xFF,0x34,0x94,0xCC,0x00,0x28,
  0xFF,0x34,0x94,0xCC,0x00,0x28,0xFF,0x34,0x94,0xCC,0x00,0x28,0xFF,0x34,0x94,0xCC,
  0x00,0x28,0xFF,0x34,
};
const font_glyph_t glyph_1055_8 = {1055, 8, 6, 6, 6, 0, 6, font_1055_8};

const unsigned char font_1056_8[] = {
  0x63,0xB0,0xAF,0x8E,0x16,0x90,0xE2,0x61,0xCD,0xBB,0x90,0xD0,0x00,0x96,0xDD,0x90,
  0xFF,0xFD,0xEF,0x59,0x90,0xD4,0x0F,0x02,0x00,0x90,0xD0,0x00,0x00,0x00,
};
const font_glyph_t glyph_1056_8 = {1056, 8, 5, 6, 5, 0, 6, font_1056_8};

const unsigned char font_1057_8[] = {
  0x01,0x74,0xBD,0xA4,0x22,0x00,0x62,0xF2,0x5B,0xAF,0xD2,0x00,0xAC,0xB4,0x00,0x19,
  0x48,0x01,0xB5,0xAF,0x00,0x00,0x00,0x00,0x87,0xDD,0x0E,0x78,0xDE,0x01,0x12,0xC4,
  0xFF,0xEF,0x5B,0x00,0x00,0x00,0x0D,0x03,0x00,0x00,
};
const font_glyph_t glyph_1057_8 = {1057, 8, 6, 7, 5, 0, 6, font_1057_8};

const unsigned char font_1058_8[] = {
  0x97,0xB4,0xC0,0xB4,0xA0,0x53,0x80,0xFF,0x80,0x57,0x00,0x30,0xFF,0x30,0x00,0x00,
  0x30,0xFF,0x30,0x00,0x00,0x30,0xFF,0x30,0x00,0x00,0x30,0xFF,0x30,0x00,
};
const font_glyph_t glyph_1058_8 = {1058, 8, 5, 6, 5, 0, 6, font_1058_8};

const unsigned char font_1059_8[] = {
  0x8F,0x70,0x00,0x62,0x9B,0x00,0x60,0xF5,0x14,0xDE,0x86,0x00,0x03,0xD9,0xBD,0xFC,
  0x1D,0x00,0x00,0x59,0xFF,0xAC,0x00,0x00,0x00,0x14,0xFF,0x3F,0x00,0x00,0x00,0xF7,
  0xA8,0x00,0x00,0x00,0x00,0x0F,0x00,0x00,0x00,0x00,
};
const font_glyph_t glyph_1059_8 = {1059, 8, 6, 7, 5, 0, 6, font_1059_8};

const unsigned char font_1060_8[] = {
  0x00,0x06,0x68,0xEC,0x2D,0x01,0x00,0x25,0xE3,0xF8,0xFF,0xF7,0xC0,0x08,0x9F,0xBE,
  0x4E,0xFF,0x1C,0xF3,0x59,0xB3,0x9F,0x4C,0xFF,0x09,0xE6,0x6B,0x56,0xF9,0xC2,0xFF,
  0xBD,0xF1,0x1E,0x00,0x3B,0xA5,0xFF,0x7A,0x22,0x00,0x00,0x00,0x12,0x3C,0x02,0x00,
  0x00,
};
const font_glyph_t glyph_1060_8 = {1060, 8, 7, 7, 7, 0, 6, font_1060_8};

const unsigned char font_1061_8[] = {
  0x83,0x8C,0x00,0x79,0x96,0x01,0x44,0xFF,0x56,0xFA,0x62,0x00,0x00,0xB2,0xFB,0xD0,
  0x02,0x00,0x00,0x90,0xFF,0xB1,0x00,0x00,0x27,0xFB,0x94,0xFF,0x3E,0x00,0xB2,0xD6,
  0x02,0xBC,0xCD,0x02,
};
const font_glyph_t glyph_1061_8 = {1061, 8, 6, 6, 5, 0, 6, font_1061_8};

const unsigned char font_1062_8[] = {
  0x74,0x7C,0x00,0x2C,0xB0,0x16,0xA8,0xB4,0x00,0x40,0xFF,0x20,0xA8,0xB4,0x00,0x40,
  0xFF,0x20,0xA8,0xB4,0x00,0x40,0xFF,0x20,0xA8,0xB9,0x10,0x4C,0xFF,0x2C,0xA8,0xFF,
  0xFF,0xFF,0xFF,0xF8,0x00,0x00,0x00,0x00,0x60,0xF0,0x00,0x00,0x00,0x00,0x24,0x58,
  
};
const font_glyph_t glyph_1062_8 = {1062, 8, 6, 8, 6, 0, 6, font_1062_8};

const unsigned char font_1063_8[] = {
  0x53,0x9D,0x00,0x24,0xB0,0x1E,0x78,0xE4,0x00,0x34,0xFF,0x2C,0x68,0xF5,0x29,0x4D,
  0xFF,0x2C,0x0C,0xAB,0xF3,0xF6,0xFF,0x2C,0x00,0x00,0x00,0x34,0xFF,0x2C,0x00,0x00,
  0x00,0x34,0xFF,0x2C,
};
const font_glyph_t glyph_1063_8 = {1063, 8, 6, 6, 6, 0, 6, font_1063_8};

const unsigned char font_1064_8[] = {
  0x69,0x8A,0x00,0x8F,0x63,0x08,0xB0,0x3A,0x98,0xC8,0x00,0xD0,0x90,0x0C,0xFF,0x54,
  0x98,0xC8,0x00,0xD0,0x90,0x0C,0xFF,0x54,0x98,0xC8,0x00,0xD0,0x90,0x0C,0xFF,0x54,
  0x98,0xCC,0x10,0xD3,0x97,0x1B,0xFF,0x54,0x98,0xFF,0xFF,0xFF,0xFF,0xFF,0xFF,0x54,
  
};
const font_glyph_t glyph_1064_8 = {1064, 8, 8, 6, 8, 0, 6, font_1064_8};

const unsigned char font_1065_8[] = {
  0x69,0x8A,0x00,0x8F,0x63,0x08,0xB0,0x3A,0x00,0x98,0xC8,0x00,0xD0,0x90,0x0C,0xFF,
  0x54,0x00,0x98,0xC8,0x00,0xD0,0x90,0x0C,0xFF,0x54,0x00,0x98,0xC8,0x00,0xD0,0x90,
  0x0C,0xFF,0x54,0x00,0x98,0xCC,0x10,0xD3,0x97,0x1B,0xFF,0x57,0x01,0x98,0xFF,0xFF,
  0xFF,0xFF,0xFF,0xFF,0xFF,0x28,0x00,0x00,0x00,0x00,0x00,0x00,0x28,0xFF,0x20,0x00,
  0x00,0x00,0x00,0x00,0x00,0x0F,0x60,0x0A,
};
const font_glyph_t glyph_1065_8 = {1065, 8, 9, 8, 8, 0, 6, font_1065_8};

const unsigned char font_1066_8[] = {
  0x9D,0xB8,0xB5,0x08,0x00,0x00,0x00,0x4B,0x8E,0xFF,0x0C,0x00,0x00,0x00,0x00,0x54,
  0xFF,0xBF,0xA1,0x2A,0x00,0x00,0x54,0xFF,0x5E,0xB1,0xE4,0x01,0x00,0x54,0xFF,0x1C,
  0x87,0xF4,0x02,0x00,0x54,0xFF,0xFF,0xE4,0x58,0x00,
};
const font_glyph_t glyph_1066_8 = {1066, 8, 7, 6, 6, 0, 6, font_1066_8};

const unsigned char font_1067_8[] = {
  0x63,0x8F,0x00,0x00,0x00,0x8C,0x63,0x90,0xD0,0x00,0x00,0x00,0xCC,0x90,0x90,0xF4,
  0xB9,0x8D,0x11,0xCC,0x90,0x90,0xE1,0x59,0xD8,0xA5,0xCC,0x90,0x90,0xD3,0x15,0xBE,
  0xB6,0xCC,0x90,0x90,0xFF,0xFE,0xD0,0x30,0xCC,0x90,
};
const font_glyph_t glyph_1067_8 = {1067, 8, 7, 6, 7, 0, 6, font_1067_8};

const unsigned char font_1068_8[] = {
  0x63,0x8F,0x00,0x00,0x00,0x90,0xD0,0x00,0x00,0x00,0x90,0xF4,0xB9,0x8E,0x11,0x90,
  0xE1,0x59,0xD6,0xA9,0x90,0xD3,0x15,0xBD,0xBA,0x90,0xFF,0xFE,0xD1,0x30,
};
const font_glyph_t glyph_1068_8 = {1068, 8, 5, 6, 5, 0, 6, font_1068_8};

const unsigned char font_1069_8[] = {
  0x18,0x9A,0xBF,0x81,0x05,0xB7,0xC0,0x57,0xE3,0x7E,0x41,0x2B,0x60,0xC0,0xC7,0x00,
  0x16,0xB0,0xDF,0xD0,0xC9,0x8E,0x05,0xC3,0xA1,0x46,0xE8,0xFD,0xD5,0x20,0x00,0x02,
  0x0F,0x00,0x00,
};
const font_glyph_t glyph_1069_8 = {1069, 8, 5, 7, 5, 0, 6, font_1069_8};

const unsigned char font_1070_8[] = {
  0x5B,0x95,0x00,0x52,0xB7,0xAC,0x32,0x00,0x84,0xD8,0x3B,0xFE,0x75,0x9B,0xEF,0x11,
  0x84,0xE2,0xA2,0xD9,0x00,0x11,0xFF,0x52,0x84,0xFA,0xEB,0xD0,0x00,0x08,0xFF,0x5A,
  0x84,0xD8,0x5C,0xF9,0x27,0x56,0xFF,0x26,0x84,0xD8,0x03,0xA1,0xFD,0xF7,0x73,0x00,
  0x00,0x00,0x00,0x00,0x0A,0x06,0x00,0x00,
};
const font_glyph_t glyph_1070_8 = {1070, 8, 8, 7, 8, 0, 6, font_1070_8};

const unsigned char font_1071_8[] = {
  0x00,0x28,0x99,0xB0,0xB0,0x2C,0x00,0xD7,0xC0,0x75,0xFF,0x40,0x00,0xE2,0x82,0x20,
  0xFF,0x40,0x00,0x68,0xFF,0xFA,0xFF,0x40,0x00,0xA6,0xD9,0x23,0xFF,0x40,0x23,0xFD,
  0x61,0x20,0xFF,0x40,
};
const font_glyph_t glyph_1071_8 = {1071, 8, 6, 6, 5, -1, 6, font_1071_8};

const unsigned char font_1072_8[] = {
  0x00,0x37,0x44,0x06,0x00,0x82,0xE3,0xD5,0xAD,0x00,0x2E,0x8F,0xC7,0xE3,0x00,0xBD,
  0xA6,0x8A,0xE4,0x00,0x83,0xF5,0xDF,0xF1,0x03,0x00,0x0C,0x00,0x00,0x00,
};
const font_glyph_t glyph_1072_8 = {1072, 8, 5, 6, 4, 0, 5, font_1072_8};

const unsigned char font_1073_8[] = {
  0x00,0x00,0x02,0x17,0x00,0x00,0x4B,0xBC,0xD5,0x00,0x3B,0xD8,0x55,0x0D,0x00,0x93,
  0xDD,0xF9,0xBB,0x08,0xB2,0xC0,0x1A,0xFA,0x52,0x99,0xB7,0x0C,0xF8,0x55,0x26,0xE1,
  0xF9,0xC1,0x0A,0x00,0x02,0x0F,0x00,0x00,
};
const font_glyph_t glyph_1073_8 = {1073, 8, 5, 8, 5, 0, 7, font_1073_8};

const unsigned char font_1074_8[] = {
  0x20,0x3C,0x38,0x0B,0x00,0x88,0xF4,0xDC,0xE5,0x06,0x88,0xE8,0xB3,0xC8,0x03,0x88,
  0xDB,0x5D,0xFC,0x36,0x88,0xFF,0xFF,0xD7,0x1E,
};
const font_glyph_t glyph_1074_8 = {1074, 8, 5, 5, 5, 0, 5, font_1074_8};

const unsigned char font_1075_8[] = {
  0x27,0x3C,0x3C,0x14,0xA8,0xEE,0xC8,0x42,0xA8,0xAC,0x00,0x00,0xA8,0xAC,0x00,0x00,
  0xA8,0xAC,0x00,0x00,
};
const font_glyph_t glyph_1075_8 = {1075, 8, 4, 5, 3, 0, 5, font_1075_8};

const unsigned char font_1076_8[] = {
  0x00,0x36,0x3E,0x3C,0x1A,0x00,0x00,0xDE,0xE2,0xF9,0x70,0x00,0x00,0xE5,0x69,0xE0,
  0x70,0x00,0x2E,0xFE,0x38,0xE1,0x73,0x00,0xE4,0xFF,0xFF,0xFF,0xFF,0x10,0xE4,0x74,
  0x00,0x40,0xFF,0x10,0x40,0x21,0x00,0x12,0x48,0x05,
};
const font_glyph_t glyph_1076_8 = {1076, 8, 6, 7, 5, 0, 5, font_1076_8};

const unsigned char font_1077_8[] = {
  0x00,0x29,0x46,0x0A,0x00,0x57,0xF4,0xCE,0xD1,0x04,0xB9,0xD7,0x95,0xFF,0x2C,0xAF,
  0xD8,0x4E,0x71,0x0F,0x30,0xE0,0xF9,0xC3,0x02,0x00,0x01,0x0E,0x00,0x00,
};
const font_glyph_t glyph_1077_8 = {1077, 8, 5, 6, 4, 0, 5, font_1077_8};

const unsigned char font_1078_8[] = {
  0x2F,0x33,0x02,0x3C,0x11,0x23,0x3C,0x03,0x5F,0xFE,0x38,0xFF,0x4E,0xDF,0xA5,0x00,
  0x00,0xBD,0xDF,0xFF,0xDD,0xF6,0x13,0x00,0x0D,0xE9,0xB7,0xFF,0xB4,0xFF,0x4A,0x00,
  0x86,0xF2,0x19,0xFF,0x48,0xBE,0xD3,0x03,
};
const font_glyph_t glyph_1078_8 = {1078, 8, 8, 5, 7, 0, 5, font_1078_8};

const unsigned char font_1079_8[] = {
  0x01,0x38,0x41,0x08,0x87,0xE7,0xD6,0xBB,0x00,0x44,0xC8,0x9F,0x30,0x3F,0x91,0xDB,
  0x6D,0xF1,0xEF,0x99,0x00,0x07,0x0B,0x00,
};
const font_glyph_t glyph_1079_8 = {1079, 8, 4, 6, 4, 0, 5, font_1079_8};

const unsigned char font_1080_8[] = {
  0x27,0x28,0x0D,0x3C,0x09,0xA8,0xAC,0x84,0xFF,0x28,0xA8,0xBA,0xE3,0xFF,0x28,0xA8,
  0xFD,0x8C,0xFF,0x28,0xA8,0xE2,0x31,0xFF,0x28,
};
const font_glyph_t glyph_1080_8 = {1080, 8, 5, 5, 4, 0, 5, font_1080_8};

const unsigned char font_1081_8[] = {
  0x01,0x03,0x01,0x03,0x00,0x0F,0xD8,0xA8,0x8E,0x00,0x27,0x36,0x33,0x3D,0x09,0xA8,
  0xAC,0x84,0xFF,0x28,0xA8,0xBA,0xE3,0xFF,0x28,0xA8,0xFD,0x8C,0xFF,0x28,0xA8,0xE2,
  0x31,0xFF,0x28,
};
const font_glyph_t glyph_1081_8 = {1081, 8, 5, 7, 4, 0, 7, font_1081_8};

const unsigned char font_1082_8[] = {
  0x20,0x2F,0x0D,0x3C,0x1A,0x88,0xC8,0x7E,0xF2,0x1C,0x88,0xF1,0xF0,0x78,0x00,0x88,
  0xE5,0xDD,0xBF,0x00,0x88,0xC8,0x60,0xFF,0x58,
};
const font_glyph_t glyph_1082_8 = {1082, 8, 5, 5, 5, 0, 5, font_1082_8};

const unsigned char font_1083_8[] = {
  0x0C,0x40,0x3E,0x3D,0x09,0x38,0xFF,0xD5,0xFF,0x28,0x44,0xFF,0x2F,0xFF,0x28,0x71,
  0xE8,0x2C,0xFF,0x28,0xED,0x79,0x2C,0xFF,0x28,
};
const font_glyph_t glyph_1083_8 = {1083, 8, 5, 5, 5, 0, 5, font_1083_8};

const unsigned char font_1084_8[] = {
  0x20,0x40,0x07,0x03,0x3F,0x26,0x88,0xFF,0x54,0x45,0xFF,0xA0,0x88,0xFE,0xA9,0x9E,
  0xFB,0xA0,0x88,0xCF,0xE5,0xE7,0xBD,0xA0,0x88,0xC8,0x9B,0xA6,0xB0,0xA0,
};
const font_glyph_t glyph_1084_8 = {1084, 8, 6, 5, 6, 0, 5, font_1084_8};

const unsigned char font_1085_8[] = {
  0x27,0x28,0x0B,0x3C,0x08,0xA8,0xAC,0x30,0xFF,0x24,0xA8,0xE0,0xAB,0xFF,0x24,0xA8,
  0xD2,0x8C,0xFF,0x24,0xA8,0xAC,0x30,0xFF,0x24,
};
const font_glyph_t glyph_1085_8 = {1085, 8, 5, 5, 4, 0, 5, font_1085_8};

const unsigned char font_1086_8[] = {
  0x00,0x2B,0x46,0x0A,0x00,0x61,0xF5,0xD2,0xD5,0x07,0xC3,0x94,0x14,0xFF,0x3E,0xB8,
  0xA4,0x24,0xFF,0x33,0x3B,0xEB,0xF9,0xA4,0x01,0x00,0x03,0x0B,0x00,0x00,
};
const font_glyph_t glyph_1086_8 = {1086, 8, 5, 6, 5, 0, 5, font_1086_8};

const unsigned char font_1087_8[] = {
  0x27,0x3F,0x3D,0x3D,0x09,0xA8,0xEF,0xD3,0xFF,0x28,0xA8,0xAC,0x2C,0xFF,0x28,0xA8,
  0xAC,0x2C,0xFF,0x28,0xA8,0xAC,0x2C,0xFF,0x28,
};
const font_glyph_t glyph_1087_8 = {1087, 8, 5, 5, 4, 0, 5, font_1087_8};

const unsigned char font_1088_8[] = {
  0x25,0x29,0x45,0x19,0x00,0x9C,0xF4,0xD1,0xE9,0x0E,0x9C,0xC0,0x10,0xFF,0x44,0x9C,
  0xC6,0x1F,0xFF,0x3B,0x9C,0xF1,0xF8,0xC3,0x04,0x9C,0xB4,0x0C,0x01,0x00,0x62,0x71,
  0x00,0x00,0x00,
};
const font_glyph_t glyph_1088_8 = {1088, 8, 5, 7, 5, 0, 5, font_1088_8};

const unsigned char font_1089_8[] = {
  0x00,0x2E,0x44,0x06,0x65,0xF2,0xDB,0xB5,0xC3,0x8F,0x1E,0x5F,0xB8,0x9B,0x2D,0x7E,
  0x40,0xED,0xF7,0x87,0x00,0x04,0x0B,0x00,
};
const font_glyph_t glyph_1089_8 = {1089, 8, 4, 6, 4, 0, 5, font_1089_8};

const unsigned char font_1090_8[] = {
  0x35,0x3F,0x3F,0x3C,0x05,0xB2,0xE9,0xF2,0xC8,0x10,0x00,0x94,0xBC,0x00,0x00,0x00,
  0x94,0xBC,0x00,0x00,0x00,0x94,0xBC,0x00,0x00,
};
const font_glyph_t glyph_1090_8 = {1090, 8, 5, 5, 4, 0, 5, font_1090_8};

const unsigned char font_1091_8[] = {
  0x00,0x3A,0x19,0x10,0x3C,0x08,0x00,0xC4,0x98,0x73,0xE7,0x03,0x00,0x6C,0xE0,0xBF,
  0x92,0x00,0x00,0x17,0xFD,0xFE,0x39,0x00,0x00,0x00,0xBC,0xDF,0x01,0x00,0x00,0x27,
  0xCC,0x86,0x00,0x00,0x00,0x50,0x9F,0x13,0x00,0x00,
};
const font_glyph_t glyph_1091_8 = {1091, 8, 6, 7, 4, -1, 5, font_1091_8};

const unsigned char font_1092_8[] = {
  0x00,0x00,0xB8,0x98,0x00,0x00,0x01,0x3F,0xCB,0xB4,0x37,0x00,0x75,0xF2,0xEC,0xE5,
  0xFA,0x56,0xC4,0x93,0xB8,0x98,0xB4,0xA4,0xBD,0x9E,0xB8,0x98,0xBD,0x9D,0x55,0xFA,
  0xFC,0xFD,0xF4,0x3B,0x00,0x09,0xBA,0x9B,0x08,0x00,0x00,0x00,0x73,0x5F,0x00,0x00,
  
};
const font_glyph_t glyph_1092_8 = {1092, 8, 6, 8, 6, 0, 6, font_1092_8};

const unsigned char font_1093_8[] = {
  0x32,0x21,0x16,0x3B,0x01,0x7F,0xD9,0xB3,0xAB,0x00,0x0C,0xED,0xFF,0x26,0x00,0x28,
  0xFB,0xF8,0x51,0x00,0xAF,0xB0,0x85,0xD8,0x04,
};
const font_glyph_t glyph_1093_8 = {1093, 8, 5, 5, 4, 0, 5, font_1093_8};

const unsigned char font_1094_8[] = {
  0x27,0x28,0x0A,0x3C,0x09,0xA8,0xAC,0x2C,0xFF,0x28,0xA8,0xAC,0x2C,0xFF,0x28,0xA8,
  0xAD,0x2F,0xFF,0x2B,0xA8,0xFF,0xFF,0xFF,0xD4,0x00,0x00,0x00,0x78,0xCA,0x00,0x00,
  0x00,0x1E,0x31,
};
const font_glyph_t glyph_1094_8 = {1094, 8, 5, 7, 5, 0, 5, font_1094_8};

const unsigned char font_1095_8[] = {
  0x29,0x26,0x0B,0x3C,0x08,0xB0,0xA4,0x30,0xFF,0x20,0xA0,0xCA,0x69,0xFF,0x20,0x20,
  0xA5,0xCD,0xFF,0x20,0x00,0x00,0x30,0xFF,0x20,
};
const font_glyph_t glyph_1095_8 = {1095, 8, 5, 5, 4, 0, 5, font_1095_8};

const unsigned char font_1096_8[] = {
  0x27,0x28,0x15,0x3B,0x02,0x3C,0x11,0xA8,0xAC,0x58,0xFC,0x08,0xFF,0x48,0xA8,0xAC,
  0x58,0xFC,0x08,0xFF,0x48,0xA8,0xAD,0x5B,0xFC,0x0C,0xFF,0x48,0xA8,0xFF,0xFF,0xFF,
  0xFF,0xFF,0x48,
};
const font_glyph_t glyph_1096_8 = {1096, 8, 7, 5, 7, 0, 5, font_1096_8};

const unsigned char font_1097_8[] = {
  0x26,0x28,0x15,0x3B,0x02,0x3C,0x12,0x00,0xA4,0xAC,0x58,0xFC,0x08,0xFF,0x4C,0x00,
  0xA4,0xAC,0x58,0xFC,0x08,0xFF,0x4C,0x00,0xA4,0xAD,0x5B,0xFC,0x0C,0xFF,0x4F,0x01,
  0xA4,0xFF,0xFF,0xFF,0xFF,0xFF,0xFF,0x3C,0x00,0x00,0x00,0x00,0x00,0x10,0xFF,0x32,
  0x00,0x00,0x00,0x00,0x00,0x04,0x40,0x0B,
};
const font_glyph_t glyph_1097_8 = {1097, 8, 8, 7, 8, 0, 5, font_1097_8};

const unsigned char font_1098_8[] = {
  0x34,0x3F,0x29,0x00,0x00,0x00,0xAF,0xF1,0xB0,0x0B,0x00,0x00,0x00,0xAC,0xFC,0xF7,
  0xC4,0x0B,0x00,0xAC,0xA9,0x26,0xFF,0x3F,0x00,0xAC,0xFF,0xFC,0xB4,0x09,
};
const font_glyph_t glyph_1098_8 = {1098, 8, 6, 5, 5, 0, 5, font_1098_8};

const unsigned char font_1099_8[] = {
  0x20,0x2F,0x00,0x00,0x00,0x3A,0x16,0x88,0xCC,0x0D,0x00,0x00,0xF8,0x5C,0x88,0xFE,
  0xF5,0xD5,0x1A,0xF8,0x5C,0x88,0xC9,0x11,0xF6,0x5F,0xF8,0x5C,0x88,0xFF,0xFD,0xC6,
  0x15,0xF8,0x5C,
};
const font_glyph_t glyph_1099_8 = {1099, 8, 7, 5, 7, 0, 5, font_1099_8};

const unsigned char font_1100_8[] = {
  0x20,0x2F,0x00,0x00,0x00,0x88,0xCC,0x0D,0x00,0x00,0x88,0xFE,0xF5,0xD5,0x1A,0x88,
  0xC9,0x11,0xF6,0x5F,0x88,0xFF,0xFD,0xC6,0x15,
};
const font_glyph_t glyph_1100_8 = {1100, 8, 5, 5, 5, 0, 5, font_1100_8};

const unsigned char font_1101_8[] = {
  0x01,0x3C,0x38,0x00,0x91,0xE0,0xE8,0x8A,0x3B,0x46,0xB7,0xEA,0x7E,0x62,0x9F,0xE0,
  0x63,0xF6,0xF5,0x5E,0x00,0x08,0x06,0x00,
};
const font_glyph_t glyph_1101_8 = {1101, 8, 4, 6, 4, 0, 5, font_1101_8};

const unsigned char font_1102_8[] = {
  0x1F,0x31,0x00,0x2D,0x45,0x09,0x00,0x84,0xD0,0x68,0xF3,0xD5,0xCF,0x04,0x84,0xF3,
  0xEC,0x89,0x1D,0xFF,0x36,0x84,0xE3,0xD3,0x99,0x2D,0xFF,0x2B,0x84,0xD0,0x42,0xED,
  0xF9,0x9C,0x00,0x00,0x00,0x00,0x04,0x0B,0x00,0x00,
};
const font_glyph_t glyph_1102_8 = {1102, 8, 7, 6, 6, 0, 5, font_1102_8};

const unsigned char font_1103_8[] = {
  0x00,0x24,0x3C,0x3C,0x03,0x77,0xF5,0xD7,0xFF,0x0C,0xAD,0xBD,0x73,0xFF,0x0C,0x2B,
  0xFF,0xC4,0xFF,0x0C,0x8F,0xC0,0x44,0xFF,0x0C,
};
const font_glyph_t glyph_1103_8 = {1103, 8, 5, 5, 5, 0, 5, font_1103_8};

const unsigned char font_33_16[] = {
  0x17,0xFF,0xFF,0xAF,0x0C,0xFF,0xFF,0xA3,0x02,0xFF,0xFF,0x98,0x00,0xF8,0xFF,0x8D,
  0x00,0xED,0xFF,0x83,0x00,0xE3,0xFF,0x77,0x00,0xD8,0xFF,0x6C,0x00,0xCD,0xFF,0x61,
  0x00,0x00,0x00,0x00,0x04,0xBD,0xF3,0x58,0x28,0xFF,0xFF,0xB4,0x04,0xBD,0xF3,0x58,
  
};
const font_glyph_t glyph_33_16 = {33, 16, 4, 12, 4, 0, 12, font_33_16};

const unsigned char font_34_16[] = {
  0xCC,0xFF,0x0C,0xFF,0xC0,0xCC,0xF2,0x0C,0xFF,0xB0,0xCC,0xD6,0x0C,0xFF,0x94,0xCC,
  0xBA,0x0C,0xFF,0x77,
};
const font_glyph_t glyph_34_16 = {34, 16, 5, 4, 5, 0, 12, font_34_16};

const unsigned char font_35_16[] = {
  0x00,0x00,0x00,0xC0,0xCC,0x00,0xF0,0x9C,0x00,0x00,0x00,0x00,0xE8,0xA4,0x18,0xFF,
  0x74,0x00,0x00,0x00,0x10,0xFF,0x7C,0x40,0xFF,0x4C,0x00,0x13,0x6C,0x88,0xFF,0xA4,
  0xA5,0xFF,0x88,0x67,0x2C,0xFF,0xFF,0xFF,0xFF,0xFF,0xFF,0xFF,0xF4,0x00,0x00,0x88,
  0xFD,0x07,0xB8,0xD4,0x00,0x00,0x00,0x00,0xB0,0xDC,0x00,0xE0,0xAC,0x00,0x00,0xC4,
  0xFF,0xFF,0xFF,0xFF,0xFF,0xFF,0xFF,0x5C,0x56,0x75,0xFF,0xBD,0x91,0xFF,0xA1,0x70,
  0x28,0x00,0x28,0xFF,0x64,0x58,0xFF,0x34,0x00,0x00,0x00,0x50,0xFF,0x3C,0x80,0xFF,
  0x0D,0x00,0x00,0x00,0x78,0xFF,0x14,0xA8,0xE4,0x00,0x00,0x00,
};
const font_glyph_t glyph_35_16 = {35, 16, 9, 12, 9, 0, 12, font_35_16};

const unsigned char font_36_16[] = {
  0x00,0x00,0x00,0x00,0xA8,0x94,0x00,0x00,0x00,0x00,0x00,0x00,0x00,0xA8,0x94,0x00,
  0x00,0x00,0x00,0x00,0x5B,0xCF,0xFD,0xF8,0xA7,0x1B,0x00,0x00,0x62,0xFF,0xFF,0xFF,
  0xFF,0xFF,0xDC,0x0C,0x00,0xD2,0xFF,0xE4,0x15,0x65,0xFF,0xFF,0x69,0x00,0xE7,0xFF,
  0xBF,0x00,0x09,0xFF,0xFF,0x9D,0x00,0xB9,0xFF,0xFD,0x70,0x05,0x00,0x00,0x00,0x00,
  0x2C,0xEB,0xFF,0xFF,0xE2,0x68,0x03,0x00,0x00,0x00,0x16,0x91,0xF5,0xFF,0xFF,0xB8,
  0x04,0x00,0x00,0x00,0x00,0x13,0xA3,0xFF,0xFF,0x5E,0x51,0xFF,0xFF,0x53,0x00,0x16,
  0xFF,0xFF,0x8F,0x21,0xFF,0xFF,0xBA,0x10,0x54,0xFF,0xFF,0x7B,0x00,0x99,0xFF,0xFF,
  0xFF,0xFF,0xFF,0xF2,0x20,0x00,0x03,0x73,0xD4,0xFF,0xF5,0xB6,0x30,0x00,0x00,0x00,
  0x00,0x00,0xD0,0x6C,0x00,0x00,0x00,0x00,0x00,0x00,0x00,0xD0,0x6C,0x00,0x00,0x00,
  
};
const font_glyph_t glyph_36_16 = {36, 16, 9, 16, 9, 0, 14, font_36_16};

const unsigned char font_37_16[] = {
  0x00,0x6E,0xE9,0xFC,0xBE,0x1D,0x00,0x00,0x00,0x00,0x00,0x00,0x26,0xFF,0xCB,0x84,
  0xFF,0xA5,0x00,0x25,0x96,0x12,0x00,0x00,0x48,0xFF,0x6A,0x00,0xEE,0xC8,0x00,0xB7,
  0xDE,0x09,0x00,0x00,0x27,0xFF,0xCB,0x84,0xFF,0xA5,0x53,0xFF,0x4B,0x00,0x00,0x00,
  0x00,0x6E,0xE9,0xFC,0xBF,0x28,0xE3,0xB0,0x00,0x00,0x00,0x00,0x00,0x00,0x00,0x00,
  0x00,0x89,0xF6,0x1F,0x00,0x00,0x00,0x00,0x00,0x00,0x00,0x00,0x29,0xFA,0x79,0x00,
  0x00,0x00,0x00,0x00,0x00,0x00,0x00,0x01,0xBF,0xD8,0x2F,0xC8,0xFB,0xE4,0x5B,0x00,
  0x00,0x00,0x00,0x59,0xFF,0x42,0xC0,0xF9,0x7D,0xD7,0xFA,0x13,0x00,0x00,0x0F,0xE7,
  0xA7,0x00,0xE4,0xD2,0x00,0x82,0xFF,0x30,0x00,0x00,0x30,0xCA,0x19,0x00,0xC0,0xFB,
  0x7F,0xD1,0xFA,0x13,0x00,0x00,0x00,0x00,0x00,0x00,0x29,0xC8,0xFB,0xE4,0x5B,0x00,
  
};
const font_glyph_t glyph_37_16 = {37, 16, 12, 12, 12, 0, 12, font_37_16};

const unsigned char font_38_16[] = {
  0x00,0x00,0x44,0xCF,0xFC,0xE3,0x6A,0x00,0x00,0x00,0x00,0x00,0x25,0xF8,0xFF,0xFF,
  0xFF,0xFF,0x4C,0x00,0x00,0x00,0x00,0x7B,0xFF,0xE0,0x18,0xA8,0xFF,0x9C,0x00,0x00,
  0x00,0x00,0x82,0xFF,0xD7,0x00,0x9E,0xFF,0x86,0x00,0x00,0x00,0x00,0x3A,0xFF,0xFF,
  0xC1,0xFF,0xEA,0x1A,0x00,0x00,0x00,0x00,0x00,0xC6,0xFF,0xFF,0xD6,0x27,0x00,0x00,
  0x00,0x00,0x00,0x84,0xFF,0xFF,0xFF,0xE3,0x18,0x65,0xFF,0xD2,0x00,0x47,0xFF,0xFF,
  0x92,0xF6,0xFF,0xC8,0xA4,0xFF,0xB3,0x00,0x88,0xFF,0xFF,0x1F,0x54,0xFF,0xFF,0xFF,
  0xFF,0x70,0x00,0x74,0xFF,0xFF,0x80,0x13,0xB6,0xFF,0xFF,0xEC,0x0E,0x00,0x18,0xED,
  0xFF,0xFF,0xFF,0xFF,0xFF,0xFF,0xFD,0x4A,0x00,0x00,0x2A,0xB3,0xF2,0xFC,0xDA,0x7F,
  0xCD,0xFF,0xF0,0x2A,
};
const font_glyph_t glyph_38_16 = {38, 16, 11, 12, 11, 0, 12, font_38_16};

const unsigned char font_39_16[] = {
  0xA8,0xFF,0x38,0xA8,0xFF,0x35,0xA8,0xFF,0x23,0xA8,0xFF,0x10,0xA8,0xFD,0x01,
};
const font_glyph_t glyph_39_16 = {39, 16, 3, 5, 2, 0, 12, font_39_16};

const unsigned char font_40_16[] = {
  0x00,0x00,0x00,0x24,0xC4,0x0F,0x00,0x00,0x17,0xE4,0xF5,0x28,0x00,0x00,0xA9,0xFF,
  0x5F,0x00,0x00,0x28,0xFF,0xD8,0x01,0x00,0x00,0x81,0xFF,0x81,0x00,0x00,0x00,0xC4,
  0xFF,0x47,0x00,0x00,0x00,0xEE,0xFF,0x22,0x00,0x00,0x05,0xFF,0xFF,0x12,0x00,0x00,
  0x0C,0xFF,0xFF,0x0C,0x00,0x00,0x05,0xFF,0xFF,0x12,0x00,0x00,0x00,0xEE,0xFF,0x22,
  0x00,0x00,0x00,0xC4,0xFF,0x47,0x00,0x00,0x00,0x81,0xFF,0x81,0x00,0x00,0x00,0x28,
  0xFF,0xD8,0x01,0x00,0x00,0x00,0xA9,0xFF,0x5F,0x00,0x00,0x00,0x17,0xE4,0xF5,0x28,
  0x00,0x00,0x00,0x24,0xC5,0x0F,
};
const font_glyph_t glyph_40_16 = {40, 16, 6, 17, 6, 0, 13, font_40_16};

const unsigned char font_41_16[] = {
  0x5A,0x9C,0x08,0x00,0x00,0x75,0xFF,0xB1,0x01,0x00,0x01,0xB7,0xFF,0x67,0x00,0x00,
  0x33,0xFF,0xE5,0x05,0x00,0x00,0xD9,0xFF,0x4D,0x00,0x00,0x9F,0xFF,0x93,0x00,0x00,
  0x7C,0xFF,0xC2,0x00,0x00,0x6B,0xFF,0xDB,0x00,0x00,0x64,0xFF,0xE4,0x00,0x00,0x6B,
  0xFF,0xDB,0x00,0x00,0x7C,0xFF,0xC2,0x00,0x00,0x9F,0xFF,0x93,0x00,0x00,0xD9,0xFF,
  0x4D,0x00,0x33,0xFF,0xE5,0x05,0x01,0xB7,0xFF,0x67,0x00,0x74,0xFF,0xB1,0x01,0x00,
  0x5A,0x9C,0x08,0x00,0x00,
};
const font_glyph_t glyph_41_16 = {41, 16, 5, 17, 6, 0, 13, font_41_16};

const unsigned char font_42_16[] = {
  0x00,0x00,0x00,0xF3,0xA6,0x00,0x00,0x00,0x13,0x08,0x00,0xE2,0x94,0x00,0x0D,0x00,
  0x8C,0xEC,0x8C,0xE1,0xA9,0x9C,0xF5,0x24,0x3C,0x8F,0xDB,0xFF,0xFF,0xD2,0x8B,0x21,
  0x00,0x04,0xBA,0xF2,0xFB,0x43,0x00,0x00,0x00,0x93,0xFF,0x41,0xBC,0xEE,0x24,0x00,
  0x00,0x60,0x8B,0x00,0x24,0xC1,0x25,0x00,
};
const font_glyph_t glyph_42_16 = {42, 16, 8, 7, 7, 0, 12, font_42_16};

const unsigned char font_43_16[] = {
  0x00,0x00,0x00,0xF8,0xFF,0x80,0x00,0x00,0x00,0x00,0x00,0x00,0xF8,0xFF,0x80,0x00,
  0x00,0x00,0x29,0x40,0x40,0xFA,0xFF,0xA0,0x40,0x40,0x0A,0xA4,0xFF,0xFF,0xFF,0xFF,
  0xFF,0xFF,0xFF,0x28,0xA4,0xFF,0xFF,0xFF,0xFF,0xFF,0xFF,0xFF,0x28,0x00,0x00,0x00,
  0xF8,0xFF,0x80,0x00,0x00,0x00,0x00,0x00,0x00,0xF8,0xFF,0x80,0x00,0x00,0x00,0x00,
  0x00,0x00,0xF8,0xFF,0x80,0x00,0x00,0x00,
};
const font_glyph_t glyph_43_16 = {43, 16, 9, 8, 9, 0, 9, font_43_16};

const unsigned char font_44_16[] = {
  0x00,0xD4,0xFF,0x4B,0x00,0xD4,0xFF,0x47,0x00,0xE7,0xFF,0x2C,0x3B,0xFF,0xCE,0x00,
  0x50,0xD7,0x31,0x00,
};
const font_glyph_t glyph_44_16 = {44, 16, 4, 5, 4, 0, 2, font_44_16};

const unsigned char font_45_16[] = {
  0x07,0x08,0x08,0x08,0x07,0xD0,0xFF,0xFF,0xFF,0xE4,0xD0,0xFF,0xFF,0xFF,0xE4,
};
const font_glyph_t glyph_45_16 = {45, 16, 5, 3, 7, 1, 7, font_45_16};

const unsigned char font_46_16[] = {
  0x00,0x5B,0xA1,0x36,0x0C,0xFD,0xFF,0xC9,0x01,0xB1,0xF9,0x76,
};
const font_glyph_t glyph_46_16 = {46, 16, 4, 3, 5, 0, 3, font_46_16};

const unsigned char font_47_16[] = {
  0x00,0x00,0x00,0x00,0x7A,0xFF,0x66,0x00,0x00,0x00,0x00,0xC7,0xFF,0x1A,0x00,0x00,
  0x00,0x17,0xFE,0xCC,0x00,0x00,0x00,0x00,0x61,0xFF,0x80,0x00,0x00,0x00,0x00,0xAE,
  0xFF,0x33,0x00,0x00,0x00,0x07,0xF4,0xE5,0x01,0x00,0x00,0x00,0x47,0xFF,0x9A,0x00,
  0x00,0x00,0x00,0x95,0xFF,0x4E,0x00,0x00,0x00,0x00,0xE1,0xF7,0x0A,0x00,0x00,0x00,
  0x2F,0xFF,0xB4,0x00,0x00,0x00,0x00,0x7C,0xFF,0x67,0x00,0x00,0x00,0x00,0xC8,0xFF,
  0x1B,0x00,0x00,0x00,0x18,0xFE,0xCE,0x00,0x00,0x00,0x00,
};
const font_glyph_t glyph_47_16 = {47, 16, 7, 13, 6, -1, 12, font_47_16};

const unsigned char font_48_16[] = {
  0x00,0x00,0x66,0xD8,0xFC,0xE8,0x8E,0x0A,0x00,0x00,0x6D,0xFF,0xFF,0xFF,0xFF,0xFF,
  0xB2,0x00,0x06,0xEC,0xFF,0xC0,0x14,0x85,0xFF,0xFF,0x37,0x35,0xFF,0xFF,0x65,0x00,
  0x1C,0xFF,0xFF,0x7C,0x50,0xFF,0xFF,0x51,0x00,0x09,0xFF,0xFF,0x96,0x54,0xFF,0xFF,
  0x50,0x00,0x08,0xFF,0xFF,0x9C,0x54,0xFF,0xFF,0x50,0x00,0x08,0xFF,0xFF,0x9C,0x4F,
  0xFF,0xFF,0x51,0x00,0x09,0xFF,0xFF,0x98,0x34,0xFF,0xFF,0x64,0x00,0x1E,0xFF,0xFF,
  0x7D,0x04,0xEC,0xFF,0xC1,0x13,0x85,0xFF,0xFF,0x3A,0x00,0x6A,0xFF,0xFF,0xFF,0xFF,
  0xFF,0xB5,0x00,0x00,0x00,0x64,0xD6,0xFC,0xE8,0x91,0x0C,0x00,
};
const font_glyph_t glyph_48_16 = {48, 16, 9, 12, 9, 0, 12, font_48_16};

const unsigned char font_49_16[] = {
  0x00,0x00,0x09,0x57,0xB4,0x84,0x34,0x9C,0xF1,0xFF,0xFF,0x88,0xB0,0xFF,0xFF,0xFF,
  0xFF,0x88,0x93,0x92,0x57,0xFF,0xFF,0x88,0x00,0x00,0x18,0xFF,0xFF,0x88,0x00,0x00,
  0x18,0xFF,0xFF,0x88,0x00,0x00,0x18,0xFF,0xFF,0x88,0x00,0x00,0x18,0xFF,0xFF,0x88,
  0x00,0x00,0x18,0xFF,0xFF,0x88,0x00,0x00,0x18,0xFF,0xFF,0x88,0x00,0x00,0x18,0xFF,
  0xFF,0x88,0x00,0x00,0x18,0xFF,0xFF,0x88,
};
const font_glyph_t glyph_49_16 = {49, 16, 6, 12, 9, 1, 12, font_49_16};

const unsigned char font_50_16[] = {
  0x00,0x04,0x7C,0xE0,0xFC,0xEA,0xA1,0x19,0x00,0x00,0xA7,0xFF,0xFF,0xFF,0xFF,0xFF,
  0xD3,0x04,0x3D,0xFF,0xFF,0x9D,0x12,0xA1,0xFF,0xFF,0x40,0x7E,0xFF,0xFF,0x2B,0x00,
  0x4E,0xFF,0xFF,0x58,0x00,0x00,0x00,0x00,0x00,0x86,0xFF,0xFF,0x32,0x00,0x00,0x00,
  0x00,0x26,0xF5,0xFF,0xC7,0x00,0x00,0x00,0x00,0x12,0xD7,0xFF,0xF4,0x29,0x00,0x00,
  0x00,0x09,0xC4,0xFF,0xFB,0x4A,0x00,0x00,0x00,0x03,0xB0,0xFF,0xFF,0x5E,0x00,0x00,
  0x00,0x00,0x99,0xFF,0xFF,0x92,0x08,0x08,0x08,0x05,0x43,0xFF,0xFF,0xFF,0xFF,0xFF,
  0xFF,0xFF,0xA4,0x4C,0xFF,0xFF,0xFF,0xFF,0xFF,0xFF,0xFF,0xA4,
};
const font_glyph_t glyph_50_16 = {50, 16, 9, 12, 9, 0, 12, font_50_16};

const unsigned char font_51_16[] = {
  0x00,0x1C,0xA0,0xEA,0xFD,0xE5,0x9A,0x17,0x00,0x12,0xE4,0xFF,0xFF,0xFF,0xFF,0xFF,
  0xDB,0x0A,0x63,0xFF,0xFF,0x7B,0x10,0x8C,0xFF,0xFF,0x57,0x00,0x00,0x00,0x00,0x00,
  0x33,0xFF,0xFF,0x6F,0x00,0x00,0x00,0x00,0x02,0x89,0xFF,0xFE,0x2F,0x00,0x00,0x00,
  0xE6,0xFC,0xFF,0xF7,0x62,0x00,0x00,0x00,0x00,0xF0,0xFF,0xFF,0xFC,0x91,0x03,0x00,
  0x00,0x00,0x00,0x04,0x67,0xFF,0xFF,0x65,0x00,0x00,0x00,0x00,0x00,0x07,0xFF,0xFF,
  0x9F,0x91,0xFF,0xFF,0x5C,0x0F,0x70,0xFF,0xFF,0x84,0x2C,0xF6,0xFF,0xFF,0xFF,0xFF,
  0xFF,0xE9,0x1A,0x00,0x2C,0xAA,0xEC,0xFC,0xE4,0x9B,0x1C,0x00,
};
const font_glyph_t glyph_51_16 = {51, 16, 9, 12, 9, 0, 12, font_51_16};

const unsigned char font_52_16[] = {
  0x00,0x00,0x00,0x00,0x48,0xFF,0xFF,0xA8,0x00,0x00,0x00,0x00,0x09,0xDD,0xFF,0xFF,
  0xA8,0x00,0x00,0x00,0x00,0x84,0xFF,0xFF,0xFF,0xA8,0x00,0x00,0x00,0x27,0xFA,0xEC,
  0xFC,0xFF,0xA8,0x00,0x00,0x01,0xBF,0xFF,0x69,0xF8,0xFF,0xA8,0x00,0x00,0x5E,0xFF,
  0xD1,0x03,0xF8,0xFF,0xA8,0x00,0x11,0xEA,0xFF,0x4A,0x08,0xFA,0xFF,0xAC,0x07,0x78,
  0xFF,0xFF,0xFF,0xFF,0xFF,0xFF,0xFF,0xD0,0x6C,0xFF,0xFF,0xFF,0xFF,0xFF,0xFF,0xFF,
  0xD0,0x00,0x00,0x00,0x00,0x00,0xF8,0xFF,0xA8,0x00,0x00,0x00,0x00,0x00,0x00,0xF8,
  0xFF,0xA8,0x00,0x00,0x00,0x00,0x00,0x00,0xF8,0xFF,0xA8,0x00,
};
const font_glyph_t glyph_52_16 = {52, 16, 9, 12, 9, 0, 12, font_52_16};

const unsigned char font_53_16[] = {
  0x00,0x84,0xFF,0xFF,0xFF,0xFF,0xFF,0xFF,0x34,0x00,0xA0,0xFF,0xFF,0xFF,0xFF,0xFF,
  0xFF,0x34,0x00,0xBF,0xFF,0xAB,0x0C,0x0C,0x0C,0x0C,0x02,0x00,0xDC,0xFF,0x8A,0x00,
  0x00,0x00,0x00,0x00,0x01,0xF9,0xFF,0xDA,0xEF,0xF9,0xBC,0x2B,0x00,0x15,0xFF,0xFF,
  0xF3,0xD8,0xFF,0xFF,0xE9,0x11,0x00,0x13,0x4D,0x14,0x00,0x63,0xFF,0xFF,0x65,0x00,
  0x00,0x00,0x00,0x00,0x13,0xFF,0xFF,0x8E,0x00,0x00,0x00,0x00,0x00,0x1C,0xFF,0xFF,
  0x8D,0x4E,0xFF,0xFF,0x91,0x0F,0x81,0xFF,0xFF,0x52,0x06,0xCB,0xFF,0xFF,0xFF,0xFF,
  0xFF,0xCB,0x04,0x00,0x0D,0x85,0xDD,0xFC,0xEC,0x9B,0x12,0x00,
};
const font_glyph_t glyph_53_16 = {53, 16, 9, 12, 9, 0, 12, font_53_16};

const unsigned char font_54_16[] = {
  0x00,0x00,0x00,0x2A,0x9E,0xE4,0xFE,0x10,0x00,0x00,0x00,0x5E,0xF9,0xFF,0xFF,0xFF,
  0x10,0x00,0x00,0x3C,0xFD,0xFF,0xD2,0x53,0x1D,0x01,0x00,0x00,0xC7,0xFF,0xDD,0x0E,
  0x00,0x00,0x00,0x00,0x20,0xFF,0xFF,0xB5,0xD0,0xFC,0xDD,0x53,0x00,0x4B,0xFF,0xFF,
  0xFF,0xFF,0xFF,0xFF,0xFD,0x36,0x58,0xFF,0xFF,0x9C,0x0E,0x5A,0xFF,0xFF,0x9E,0x55,
  0xFF,0xFF,0x4C,0x00,0x00,0xDF,0xFF,0xCB,0x3B,0xFF,0xFF,0x5E,0x00,0x00,0xE1,0xFF,
  0xCA,0x05,0xE7,0xFF,0xC3,0x18,0x5C,0xFF,0xFF,0x89,0x00,0x57,0xFE,0xFF,0xFF,0xFF,
  0xFF,0xE3,0x16,0x00,0x00,0x4B,0xC8,0xF9,0xF1,0xA6,0x1D,0x00,
};
const font_glyph_t glyph_54_16 = {54, 16, 9, 12, 9, 0, 12, font_54_16};

const unsigned char font_55_16[] = {
  0x98,0xFF,0xFF,0xFF,0xFF,0xFF,0xFF,0xFF,0x9C,0x98,0xFF,0xFF,0xFF,0xFF,0xFF,0xFF,
  0xFF,0x8B,0x05,0x08,0x08,0x08,0x08,0x62,0xFF,0xFF,0x2D,0x00,0x00,0x00,0x00,0x00,
  0xC9,0xFF,0xC5,0x00,0x00,0x00,0x00,0x00,0x36,0xFF,0xFF,0x5F,0x00,0x00,0x00,0x00,
  0x00,0xA3,0xFF,0xEF,0x08,0x00,0x00,0x00,0x00,0x17,0xFA,0xFF,0x91,0x00,0x00,0x00,
  0x00,0x00,0x7F,0xFF,0xFF,0x2A,0x00,0x00,0x00,0x00,0x05,0xE7,0xFF,0xC3,0x00,0x00,
  0x00,0x00,0x00,0x5A,0xFF,0xFF,0x5D,0x00,0x00,0x00,0x00,0x00,0xC7,0xFF,0xEE,0x08,
  0x00,0x00,0x00,0x00,0x35,0xFF,0xFF,0x8E,0x00,0x00,0x00,0x00,
};
const font_glyph_t glyph_55_16 = {55, 16, 9, 12, 9, 0, 12, font_55_16};

const unsigned char font_56_16[] = {
  0x00,0x04,0x7C,0xDE,0xFC,0xEC,0xA1,0x19,0x00,0x00,0x92,0xFF,0xFF,0xFF,0xFF,0xFF,
  0xD6,0x06,0x06,0xF9,0xFF,0xCD,0x16,0x92,0xFF,0xFF,0x47,0x13,0xFF,0xFF,0x91,0x00,
  0x4A,0xFF,0xFF,0x5B,0x00,0xD6,0xFF,0xD1,0x18,0x93,0xFF,0xFD,0x23,0x00,0x31,0xE4,
  0xFF,0xFF,0xFF,0xFB,0x66,0x00,0x00,0x5E,0xF6,0xFF,0xFF,0xFF,0xFF,0x9C,0x02,0x1A,
  0xF9,0xFF,0xA6,0x0A,0x68,0xFF,0xFF,0x5D,0x4F,0xFF,0xFF,0x57,0x00,0x13,0xFF,0xFF,
  0x97,0x39,0xFF,0xFF,0xB0,0x13,0x6E,0xFF,0xFF,0x81,0x02,0xC7,0xFF,0xFF,0xFF,0xFF,
  0xFF,0xF2,0x21,0x00,0x0F,0x8F,0xE1,0xFD,0xEF,0xB0,0x2C,0x00,
};
const font_glyph_t glyph_56_16 = {56, 16, 9, 12, 9, 0, 12, font_56_16};

const unsigned char font_57_16[] = {
  0x00,0x00,0x62,0xD7,0xFC,0xE1,0x76,0x02,0x00,0x00,0x78,0xFF,0xFF,0xFF,0xFF,0xFF,
  0x92,0x00,0x16,0xF8,0xFF,0xC2,0x16,0x91,0xFF,0xFE,0x26,0x52,0xFF,0xFF,0x58,0x00,
  0x26,0xFF,0xFF,0x70,0x5A,0xFF,0xFF,0x4E,0x00,0x14,0xFF,0xFF,0x8D,0x2E,0xFF,0xFF,
  0xA7,0x02,0x44,0xFF,0xFF,0x90,0x00,0xC0,0xFF,0xFF,0xF0,0xFD,0xFF,0xFF,0x85,0x00,
  0x13,0xA9,0xF6,0xEC,0xA5,0xFF,0xFF,0x5F,0x00,0x00,0x00,0x00,0x00,0x80,0xFF,0xF9,
  0x15,0x00,0x00,0x13,0x34,0x8B,0xFD,0xFF,0x89,0x00,0x00,0x00,0xA0,0xFF,0xFF,0xFF,
  0xAB,0x05,0x00,0x00,0x00,0x9F,0xEF,0xB8,0x53,0x01,0x00,0x00,
};
const font_glyph_t glyph_57_16 = {57, 16, 9, 12, 9, 0, 12, font_57_16};

const unsigned char font_58_16[] = {
  0x00,0x58,0xA0,0x39,0x09,0xFC,0xFF,0xCD,0x00,0xAE,0xFA,0x79,0x00,0x00,0x00,0x00,
  0x00,0x00,0x00,0x00,0x00,0x00,0x00,0x00,0x00,0x58,0xA0,0x39,0x09,0xFC,0xFF,0xCD,
  0x00,0xAE,0xFA,0x79,
};
const font_glyph_t glyph_58_16 = {58, 16, 4, 9, 5, 0, 9, font_58_16};

const unsigned char font_59_16[] = {
  0x00,0x68,0x9E,0x2B,0x1D,0xFF,0xFF,0xB5,0x05,0xC0,0xF7,0x64,0x00,0x00,0x00,0x00,
  0x00,0x00,0x00,0x00,0x00,0x00,0x00,0x00,0x00,0x00,0x00,0x00,0x00,0xA0,0xFF,0x7F,
  0x00,0xA0,0xFF,0x7B,0x00,0xB4,0xFF,0x60,0x12,0xF4,0xF1,0x11,0x2F,0xCF,0x59,0x00,
  
};
const font_glyph_t glyph_59_16 = {59, 16, 4, 12, 5, 0, 9, font_59_16};

const unsigned char font_60_16[] = {
  0x00,0x00,0x00,0x00,0x00,0x3F,0xAB,0x44,0x00,0x00,0x0B,0x67,0xD4,0xFF,0xFF,0x48,
  0x23,0x8F,0xF0,0xFF,0xFF,0xFF,0xC3,0x27,0xB9,0xFF,0xFF,0xD5,0x7A,0x1F,0x00,0x00,
  0xB9,0xFF,0xFF,0xCF,0x76,0x1D,0x00,0x00,0x23,0x8F,0xF1,0xFF,0xFF,0xFE,0xC2,0x27,
  0x00,0x00,0x0B,0x68,0xD4,0xFF,0xFF,0x48,0x00,0x00,0x00,0x00,0x00,0x40,0xAC,0x44,
  
};
const font_glyph_t glyph_60_16 = {60, 16, 8, 8, 8, 0, 9, font_60_16};

const unsigned char font_61_16[] = {
  0x08,0x08,0x08,0x08,0x08,0x08,0x08,0x02,0xFF,0xFF,0xFF,0xFF,0xFF,0xFF,0xFF,0x40,
  0xFF,0xFF,0xFF,0xFF,0xFF,0xFF,0xFF,0x40,0x00,0x00,0x00,0x00,0x00,0x00,0x00,0x00,
  0x00,0x00,0x00,0x00,0x00,0x00,0x00,0x00,0xFF,0xFF,0xFF,0xFF,0xFF,0xFF,0xFF,0x40,
  0xFF,0xFF,0xFF,0xFF,0xFF,0xFF,0xFF,0x40,0x08,0x08,0x08,0x08,0x08,0x08,0x08,0x02,
  
};
const font_glyph_t glyph_61_16 = {61, 16, 8, 8, 9, 1, 9, font_61_16};

const unsigned char font_62_16[] = {
  0x1F,0xBC,0x4F,0x03,0x00,0x00,0x00,0x00,0x20,0xFF,0xFF,0xDF,0x75,0x12,0x00,0x00,
  0x10,0xB5,0xFB,0xFF,0xFF,0xF6,0x9D,0x2D,0x00,0x00,0x13,0x69,0xC3,0xFF,0xFF,0xC0,
  0x00,0x00,0x16,0x6D,0xC9,0xFF,0xFF,0xC0,0x10,0xB5,0xFC,0xFF,0xFF,0xF6,0x9D,0x2D,
  0x20,0xFF,0xFF,0xDF,0x76,0x12,0x00,0x00,0x1F,0xBC,0x4F,0x03,0x00,0x00,0x00,0x00,
  
};
const font_glyph_t glyph_62_16 = {62, 16, 8, 8, 8, 0, 9, font_62_16};

const unsigned char font_63_16[] = {
  0x00,0x5F,0xCF,0xF9,0xF8,0xC8,0x4B,0x00,0x59,0xFF,0xFF,0xFF,0xFF,0xFF,0xFD,0x35,
  0xB1,0xFF,0xF8,0x2B,0x46,0xFF,0xFF,0x8B,0x00,0x00,0x00,0x00,0x18,0xFF,0xFF,0x90,
  0x00,0x00,0x00,0x04,0xA9,0xFF,0xFE,0x3A,0x00,0x00,0x00,0xA1,0xFF,0xFE,0x68,0x00,
  0x00,0x00,0x21,0xFF,0xFF,0x6E,0x00,0x00,0x00,0x00,0x4A,0xFF,0xFB,0x06,0x00,0x00,
  0x00,0x00,0x00,0x00,0x00,0x00,0x00,0x00,0x00,0x00,0x1C,0x96,0x79,0x02,0x00,0x00,
  0x00,0x00,0x95,0xFF,0xFF,0x41,0x00,0x00,0x00,0x00,0x4B,0xF1,0xD4,0x14,0x00,0x00,
  
};
const font_glyph_t glyph_63_16 = {63, 16, 8, 12, 8, 0, 12, font_63_16};

const unsigned char font_64_16[] = {
  0x00,0x00,0x00,0x00,0x50,0xB5,0xEB,0xFE,0xF1,0xC2,0x69,0x06,0x00,0x00,0x00,0x00,
  0x08,0xAF,0xFF,0xC6,0x74,0x5C,0x71,0xB3,0xFE,0xCB,0x14,0x00,0x00,0x01,0xAE,0xFF,
  0x6A,0x00,0x00,0x00,0x00,0x00,0x45,0xF6,0xB8,0x00,0x00,0x5C,0xFF,0x86,0x00,0x29,
  0xBD,0xF9,0xEE,0x8E,0x0D,0x77,0xFF,0x3B,0x00,0xD3,0xEE,0x0B,0x17,0xE9,0xF3,0x8C,
  0xD9,0xFF,0x1F,0x13,0xFE,0x89,0x24,0xFF,0x9C,0x00,0x90,0xFF,0x5F,0x00,0xB8,0xFF,
  0x09,0x00,0xE5,0xB1,0x59,0xFF,0x63,0x00,0xE4,0xFE,0x0D,0x00,0xCF,0xF4,0x00,0x00,
  0xDD,0xB7,0x74,0xFF,0x45,0x0E,0xFF,0xE5,0x00,0x00,0xE9,0xDF,0x00,0x01,0xF1,0x9E,
  0x77,0xFF,0x41,0x0B,0xFF,0xF0,0x02,0x18,0xFF,0xCB,0x00,0x38,0xFF,0x61,0x64,0xFF,
  0x55,0x00,0xCA,0xFF,0xA7,0xCC,0xFF,0xEF,0x67,0xD7,0xDF,0x09,0x35,0xFF,0x92,0x00,
  0x2F,0xD7,0xF8,0xA7,0x4E,0xE7,0xFE,0xC2,0x26,0x00,0x02,0xE3,0xEF,0x17,0x00,0x00,
  0x00,0x00,0x00,0x00,0x03,0x00,0x00,0x00,0x00,0x60,0xFF,0xC7,0x1B,0x00,0x00,0x00,
  0x00,0x00,0x00,0x00,0x00,0x00,0x00,0x00,0x84,0xFF,0xF6,0xAE,0x85,0x83,0xAC,0xA0,
  0x00,0x00,0x00,0x00,0x00,0x00,0x00,0x3A,0xA6,0xE1,0xFC,0xF8,0xD1,0x72,0x00,0x00,
  0x00,0x00,
};
const font_glyph_t glyph_64_16 = {64, 16, 14, 15, 14, 0, 11, font_64_16};

const unsigned char font_65_16[] = {
  0x00,0x00,0x00,0x00,0x0E,0xF7,0xFF,0xE6,0x03,0x00,0x00,0x00,0x00,0x00,0x00,0x00,
  0x5E,0xFF,0xFF,0xFF,0x42,0x00,0x00,0x00,0x00,0x00,0x00,0x00,0xB8,0xFF,0xFF,0xFF,
  0x9B,0x00,0x00,0x00,0x00,0x00,0x00,0x16,0xFC,0xFF,0xE7,0xFF,0xEF,0x07,0x00,0x00,
  0x00,0x00,0x00,0x6A,0xFF,0xFF,0x5B,0xFF,0xFF,0x4F,0x00,0x00,0x00,0x00,0x00,0xC4,
  0xFF,0xD4,0x03,0xEC,0xFF,0xA9,0x00,0x00,0x00,0x00,0x1D,0xFF,0xFF,0x89,0x00,0xA4,
  0xFF,0xF6,0x0C,0x00,0x00,0x00,0x76,0xFF,0xFF,0x5E,0x20,0x71,0xFF,0xFF,0x5B,0x00,
  0x00,0x00,0xD0,0xFF,0xFF,0xFF,0xFF,0xFF,0xFF,0xFF,0xB6,0x00,0x00,0x29,0xFF,0xFF,
  0xFF,0xFF,0xFF,0xFF,0xFF,0xFF,0xFC,0x14,0x00,0x82,0xFF,0xFF,0x5D,0x00,0x00,0x00,
  0x74,0xFF,0xFF,0x6A,0x00,0xDB,0xFF,0xFD,0x14,0x00,0x00,0x00,0x2A,0xFF,0xFF,0xC3,
  
};
const font_glyph_t glyph_65_16 = {65, 16, 12, 12, 11, -1, 12, font_65_16};

const unsigned char font_66_16[] = {
  0x20,0xFF,0xFF,0xFF,0xFF,0xF9,0xDA,0x90,0x15,0x00,0x20,0xFF,0xFF,0xFF,0xFF,0xFF,
  0xFF,0xFF,0xD8,0x09,0x20,0xFF,0xFF,0xA7,0x1C,0x2E,0xBB,0xFF,0xFF,0x53,0x20,0xFF,
  0xFF,0x9C,0x00,0x00,0x53,0xFF,0xFF,0x6C,0x20,0xFF,0xFF,0x9C,0x00,0x00,0x89,0xFF,
  0xFF,0x3D,0x20,0xFF,0xFF,0xF3,0xD8,0xE7,0xFF,0xFF,0x98,0x00,0x20,0xFF,0xFF,0xFF,
  0xFF,0xFF,0xFF,0xFF,0xAE,0x0A,0x20,0xFF,0xFF,0x9C,0x00,0x03,0x69,0xFF,0xFF,0x78,
  0x20,0xFF,0xFF,0x9C,0x00,0x00,0x13,0xFF,0xFF,0xA8,0x20,0xFF,0xFF,0xAA,0x1C,0x20,
  0x85,0xFF,0xFF,0x90,0x20,0xFF,0xFF,0xFF,0xFF,0xFF,0xFF,0xFF,0xF8,0x2C,0x20,0xFF,
  0xFF,0xFF,0xFF,0xFF,0xEC,0xB3,0x36,0x00,
};
const font_glyph_t glyph_66_16 = {66, 16, 10, 12, 10, 0, 12, font_66_16};

const unsigned char font_67_16[] = {
  0x00,0x00,0x23,0xA6,0xED,0xFC,0xE5,0x9E,0x1F,0x00,0x00,0x00,0x2A,0xEE,0xFF,0xFF,
  0xFF,0xFF,0xFF,0xEC,0x25,0x00,0x00,0xC2,0xFF,0xFA,0x61,0x2C,0x69,0xFC,0xFF,0xB4,
  0x00,0x27,0xFF,0xFF,0x9E,0x00,0x00,0x00,0xB8,0xFF,0xFA,0x07,0x5E,0xFF,0xFF,0x65,
  0x00,0x00,0x00,0x00,0x00,0x00,0x00,0x72,0xFF,0xFF,0x55,0x00,0x00,0x00,0x00,0x00,
  0x00,0x00,0x72,0xFF,0xFF,0x55,0x00,0x00,0x00,0x00,0x00,0x00,0x00,0x5F,0xFF,0xFF,
  0x63,0x00,0x00,0x00,0x00,0x00,0x00,0x00,0x2B,0xFF,0xFF,0x97,0x00,0x00,0x00,0xBE,
  0xFF,0xFC,0x06,0x00,0xCB,0xFF,0xF7,0x5D,0x2E,0x72,0xFD,0xFF,0xB9,0x00,0x00,0x30,
  0xF2,0xFF,0xFF,0xFF,0xFF,0xFF,0xEE,0x2A,0x00,0x00,0x00,0x27,0xA9,0xED,0xFD,0xE6,
  0x9E,0x21,0x00,0x00,
};
const font_glyph_t glyph_67_16 = {67, 16, 11, 12, 11, 0, 12, font_67_16};

const unsigned char font_68_16[] = {
  0x20,0xFF,0xFF,0xFF,0xFF,0xE9,0xA2,0x24,0x00,0x00,0x20,0xFF,0xFF,0xFF,0xFF,0xFF,
  0xFF,0xF4,0x3E,0x00,0x20,0xFF,0xFF,0xAA,0x1F,0x55,0xED,0xFF,0xE9,0x0E,0x20,0xFF,
  0xFF,0x9C,0x00,0x00,0x65,0xFF,0xFF,0x6D,0x20,0xFF,0xFF,0x9C,0x00,0x00,0x1B,0xFF,
  0xFF,0xAF,0x20,0xFF,0xFF,0x9C,0x00,0x00,0x03,0xFF,0xFF,0xC9,0x20,0xFF,0xFF,0x9C,
  0x00,0x00,0x02,0xFF,0xFF,0xC9,0x20,0xFF,0xFF,0x9C,0x00,0x00,0x1B,0xFF,0xFF,0xAF,
  0x20,0xFF,0xFF,0x9C,0x00,0x00,0x65,0xFF,0xFF,0x6F,0x20,0xFF,0xFF,0xAA,0x1D,0x53,
  0xED,0xFF,0xEA,0x0F,0x20,0xFF,0xFF,0xFF,0xFF,0xFF,0xFF,0xF4,0x41,0x00,0x20,0xFF,
  0xFF,0xFF,0xFF,0xEA,0xA2,0x27,0x00,0x00,
};
const font_glyph_t glyph_68_16 = {68, 16, 10, 12, 10, 0, 12, font_68_16};

const unsigned char font_69_16[] = {
  0x20,0xFF,0xFF,0xFF,0xFF,0xFF,0xFF,0xFF,0xB8,0x20,0xFF,0xFF,0xFF,0xFF,0xFF,0xFF,
  0xFF,0xB8,0x20,0xFF,0xFF,0xAA,0x1C,0x1C,0x1C,0x1C,0x14,0x20,0xFF,0xFF,0x9C,0x00,
  0x00,0x00,0x00,0x00,0x20,0xFF,0xFF,0xA0,0x08,0x08,0x08,0x07,0x00,0x20,0xFF,0xFF,
  0xFF,0xFF,0xFF,0xFF,0xEC,0x00,0x20,0xFF,0xFF,0xFF,0xFF,0xFF,0xFF,0xEC,0x00,0x20,
  0xFF,0xFF,0x9C,0x00,0x00,0x00,0x00,0x00,0x20,0xFF,0xFF,0x9C,0x00,0x00,0x00,0x00,
  0x00,0x20,0xFF,0xFF,0xAA,0x1C,0x1C,0x1C,0x1C,0x14,0x20,0xFF,0xFF,0xFF,0xFF,0xFF,
  0xFF,0xFF,0xB4,0x20,0xFF,0xFF,0xFF,0xFF,0xFF,0xFF,0xFF,0xB4,
};
const font_glyph_t glyph_69_16 = {69, 16, 9, 12, 9, 0, 12, font_69_16};

const unsigned char font_70_16[] = {
  0x20,0xFF,0xFF,0xFF,0xFF,0xFF,0xFF,0xFF,0x7C,0x20,0xFF,0xFF,0xFF,0xFF,0xFF,0xFF,
  0xFF,0x7C,0x20,0xFF,0xFF,0xAA,0x1C,0x1C,0x1C,0x1C,0x0E,0x20,0xFF,0xFF,0x9C,0x00,
  0x00,0x00,0x00,0x00,0x20,0xFF,0xFF,0xAA,0x1C,0x1C,0x1C,0x1C,0x01,0x20,0xFF,0xFF,
  0xFF,0xFF,0xFF,0xFF,0xFF,0x08,0x20,0xFF,0xFF,0xFF,0xFF,0xFF,0xFF,0xFF,0x08,0x20,
  0xFF,0xFF,0x9C,0x00,0x00,0x00,0x00,0x00,0x20,0xFF,0xFF,0x9C,0x00,0x00,0x00,0x00,
  0x00,0x20,0xFF,0xFF,0x9C,0x00,0x00,0x00,0x00,0x00,0x20,0xFF,0xFF,0x9C,0x00,0x00,
  0x00,0x00,0x00,0x20,0xFF,0xFF,0x9C,0x00,0x00,0x00,0x00,0x00,
};
const font_glyph_t glyph_70_16 = {70, 16, 9, 12, 9, 0, 12, font_70_16};

const unsigned char font_71_16[] = {
  0x00,0x00,0x15,0x96,0xE5,0xFE,0xEE,0xB4,0x37,0x00,0x00,0x00,0x1A,0xE0,0xFF,0xFF,
  0xFF,0xFF,0xFF,0xFA,0x41,0x00,0x00,0xAA,0xFF,0xFF,0x86,0x24,0x50,0xF4,0xFF,0xD0,
  0x00,0x14,0xFD,0xFF,0xCA,0x00,0x00,0x00,0x96,0xFF,0xFF,0x18,0x47,0xFF,0xFF,0x86,
  0x00,0x00,0x00,0x00,0x00,0x00,0x00,0x5A,0xFF,0xFF,0x72,0x00,0x00,0x00,0x00,0x00,
  0x00,0x00,0x5A,0xFF,0xFF,0x72,0x00,0x69,0xE0,0xE0,0xE0,0xE0,0x27,0x47,0xFF,0xFF,
  0x85,0x00,0x78,0xFF,0xFF,0xFF,0xFF,0x2C,0x14,0xFD,0xFF,0xC8,0x00,0x00,0x00,0x90,
  0xFF,0xFF,0x2C,0x00,0xAB,0xFF,0xFF,0x8D,0x27,0x2C,0xBB,0xFF,0xFF,0x2C,0x00,0x1B,
  0xE0,0xFF,0xFF,0xFF,0xFF,0xFF,0xFF,0xEF,0x1B,0x00,0x00,0x15,0x92,0xE1,0xFD,0xF5,
  0xD1,0x86,0x18,0x00,
};
const font_glyph_t glyph_71_16 = {71, 16, 11, 12, 11, 0, 12, font_71_16};

const unsigned char font_72_16[] = {
  0x20,0xFF,0xFF,0x9C,0x00,0x00,0x00,0x5C,0xFF,0xFF,0x60,0x20,0xFF,0xFF,0x9C,0x00,
  0x00,0x00,0x5C,0xFF,0xFF,0x60,0x20,0xFF,0xFF,0x9C,0x00,0x00,0x00,0x5C,0xFF,0xFF,
  0x60,0x20,0xFF,0xFF,0x9C,0x00,0x00,0x00,0x5C,0xFF,0xFF,0x60,0x20,0xFF,0xFF,0xAA,
  0x1C,0x1C,0x1C,0x71,0xFF,0xFF,0x60,0x20,0xFF,0xFF,0xFF,0xFF,0xFF,0xFF,0xFF,0xFF,
  0xFF,0x60,0x20,0xFF,0xFF,0xFF,0xFF,0xFF,0xFF,0xFF,0xFF,0xFF,0x60,0x20,0xFF,0xFF,
  0x9C,0x00,0x00,0x00,0x5C,0xFF,0xFF,0x60,0x20,0xFF,0xFF,0x9C,0x00,0x00,0x00,0x5C,
  0xFF,0xFF,0x60,0x20,0xFF,0xFF,0x9C,0x00,0x00,0x00,0x5C,0xFF,0xFF,0x60,0x20,0xFF,
  0xFF,0x9C,0x00,0x00,0x00,0x5C,0xFF,0xFF,0x60,0x20,0xFF,0xFF,0x9C,0x00,0x00,0x00,
  0x5C,0xFF,0xFF,0x60,
};
const font_glyph_t glyph_72_16 = {72, 16, 11, 12, 11, 0, 12, font_72_16};

const unsigned char font_73_16[] = {
  0xF4,0xFF,0xC8,0xF4,0xFF,0xC8,0xF4,0xFF,0xC8,0xF4,0xFF,0xC8,0xF4,0xFF,0xC8,0xF4,
  0xFF,0xC8,0xF4,0xFF,0xC8,0xF4,0xFF,0xC8,0xF4,0xFF,0xC8,0xF4,0xFF,0xC8,0xF4,0xFF,
  0xC8,0xF4,0xFF,0xC8,
};
const font_glyph_t glyph_73_16 = {73, 16, 3, 12, 5, 1, 12, font_73_16};

const unsigned char font_74_16[] = {
  0x00,0x00,0x00,0x00,0x00,0x9C,0xFF,0xFF,0x20,0x00,0x00,0x00,0x00,0x00,0x9C,0xFF,
  0xFF,0x20,0x00,0x00,0x00,0x00,0x00,0x9C,0xFF,0xFF,0x20,0x00,0x00,0x00,0x00,0x00,
  0x9C,0xFF,0xFF,0x20,0x00,0x00,0x00,0x00,0x00,0x9C,0xFF,0xFF,0x20,0x00,0x00,0x00,
  0x00,0x00,0x9C,0xFF,0xFF,0x20,0x00,0x00,0x00,0x00,0x00,0x9C,0xFF,0xFF,0x20,0x00,
  0x00,0x00,0x00,0x00,0x9C,0xFF,0xFF,0x20,0xAD,0xFF,0xFF,0x13,0x00,0xA4,0xFF,0xFF,
  0x19,0x7F,0xFF,0xFF,0x74,0x32,0xEA,0xFF,0xE5,0x01,0x18,0xED,0xFF,0xFF,0xFF,0xFF,
  0xFF,0x5F,0x00,0x00,0x29,0xB0,0xF1,0xFC,0xCC,0x54,0x00,0x00,
};
const font_glyph_t glyph_74_16 = {74, 16, 9, 12, 9, 0, 12, font_74_16};

const unsigned char font_75_16[] = {
  0x20,0xFF,0xFF,0x9C,0x00,0x00,0x50,0xFF,0xFF,0xEE,0x1D,0x20,0xFF,0xFF,0x9C,0x00,
  0x10,0xE5,0xFF,0xFF,0x52,0x00,0x20,0xFF,0xFF,0x9C,0x00,0x9E,0xFF,0xFF,0x99,0x00,
  0x00,0x20,0xFF,0xFF,0x9C,0x44,0xFF,0xFF,0xD4,0x09,0x00,0x00,0x20,0xFF,0xFF,0xA4,
  0xDC,0xFF,0xF8,0x2E,0x00,0x00,0x00,0x20,0xFF,0xFF,0xF9,0xFF,0xFF,0xBE,0x00,0x00,
  0x00,0x00,0x20,0xFF,0xFF,0xFF,0xFF,0xFF,0xFF,0x42,0x00,0x00,0x00,0x20,0xFF,0xFF,
  0xFF,0xDA,0xFF,0xFF,0xD1,0x03,0x00,0x00,0x20,0xFF,0xFF,0xDF,0x11,0xBF,0xFF,0xFF,
  0x66,0x00,0x00,0x20,0xFF,0xFF,0x9C,0x00,0x35,0xFF,0xFF,0xEA,0x0F,0x00,0x20,0xFF,
  0xFF,0x9C,0x00,0x00,0xA8,0xFF,0xFF,0x8C,0x00,0x20,0xFF,0xFF,0x9C,0x00,0x00,0x23,
  0xFA,0xFF,0xFA,0x24,
};
const font_glyph_t glyph_75_16 = {75, 16, 11, 12, 10, 0, 12, font_75_16};

const unsigned char font_76_16[] = {
  0x20,0xFF,0xFF,0x9C,0x00,0x00,0x00,0x00,0x00,0x20,0xFF,0xFF,0x9C,0x00,0x00,0x00,
  0x00,0x00,0x20,0xFF,0xFF,0x9C,0x00,0x00,0x00,0x00,0x00,0x20,0xFF,0xFF,0x9C,0x00,
  0x00,0x00,0x00,0x00,0x20,0xFF,0xFF,0x9C,0x00,0x00,0x00,0x00,0x00,0x20,0xFF,0xFF,
  0x9C,0x00,0x00,0x00,0x00,0x00,0x20,0xFF,0xFF,0x9C,0x00,0x00,0x00,0x00,0x00,0x20,
  0xFF,0xFF,0x9C,0x00,0x00,0x00,0x00,0x00,0x20,0xFF,0xFF,0x9C,0x00,0x00,0x00,0x00,
  0x00,0x20,0xFF,0xFF,0xAA,0x1C,0x1C,0x1C,0x1C,0x0B,0x20,0xFF,0xFF,0xFF,0xFF,0xFF,
  0xFF,0xFF,0x64,0x20,0xFF,0xFF,0xFF,0xFF,0xFF,0xFF,0xFF,0x64,
};
const font_glyph_t glyph_76_16 = {76, 16, 9, 12, 9, 0, 12, font_76_16};

const unsigned char font_77_16[] = {
  0x20,0xFF,0xFF,0xFF,0x9F,0x00,0x00,0x00,0x00,0x9A,0xFF,0xFF,0xFF,0x24,0x20,0xFF,
  0xFF,0xFF,0xEB,0x02,0x00,0x00,0x02,0xE8,0xFF,0xFF,0xFF,0x24,0x20,0xFF,0xFF,0xFF,
  0xFF,0x3A,0x00,0x00,0x38,0xFF,0xFF,0xFF,0xFF,0x24,0x20,0xFF,0xFF,0xF6,0xFF,0x87,
  0x00,0x00,0x86,0xFF,0xF6,0xFF,0xFF,0x24,0x20,0xFF,0xFF,0xB7,0xFF,0xD6,0x00,0x00,
  0xD4,0xFF,0xB7,0xFF,0xFF,0x24,0x20,0xFF,0xFF,0x7A,0xF5,0xFF,0x23,0x22,0xFF,0xF7,
  0x7A,0xFF,0xFF,0x24,0x20,0xFF,0xFF,0x7C,0xAE,0xFF,0x71,0x70,0xFF,0xAE,0x7B,0xFF,
  0xFF,0x24,0x20,0xFF,0xFF,0x88,0x5A,0xFF,0xBE,0xBE,0xFF,0x5C,0x87,0xFF,0xFF,0x24,
  0x20,0xFF,0xFF,0x94,0x0F,0xF9,0xFC,0xFC,0xFA,0x10,0x94,0xFF,0xFF,0x24,0x20,0xFF,
  0xFF,0x9C,0x00,0xB6,0xFF,0xFF,0xB6,0x00,0x9C,0xFF,0xFF,0x24,0x20,0xFF,0xFF,0x9C,
  0x00,0x64,0xFF,0xFF,0x64,0x00,0x9C,0xFF,0xFF,0x24,0x20,0xFF,0xFF,0x9C,0x00,0x15,
  0xFD,0xFD,0x15,0x00,0x9C,0xFF,0xFF,0x24,
};
const font_glyph_t glyph_77_16 = {77, 16, 14, 12, 14, 0, 12, font_77_16};

const unsigned char font_78_16[] = {
  0x20,0xFF,0xFF,0xDC,0x05,0x00,0x00,0x5C,0xFF,0xFF,0x60,0x20,0xFF,0xFF,0xFF,0x6B,
  0x00,0x00,0x5C,0xFF,0xFF,0x60,0x20,0xFF,0xFF,0xFF,0xE9,0x0C,0x00,0x5C,0xFF,0xFF,
  0x60,0x20,0xFF,0xFF,0xFF,0xFF,0x80,0x00,0x5C,0xFF,0xFF,0x60,0x20,0xFF,0xFF,0xF1,
  0xFF,0xF3,0x17,0x5C,0xFF,0xFF,0x60,0x20,0xFF,0xFF,0xA1,0xDA,0xFF,0x93,0x5C,0xFF,
  0xFF,0x60,0x20,0xFF,0xFF,0x9C,0x53,0xFF,0xFB,0x7F,0xFF,0xFF,0x60,0x20,0xFF,0xFF,
  0x9C,0x01,0xCA,0xFF,0xF1,0xFF,0xFF,0x60,0x20,0xFF,0xFF,0x9C,0x00,0x40,0xFF,0xFF,
  0xFF,0xFF,0x60,0x20,0xFF,0xFF,0x9C,0x00,0x00,0xB5,0xFF,0xFF,0xFF,0x60,0x20,0xFF,
  0xFF,0x9C,0x00,0x00,0x2E,0xFE,0xFF,0xFF,0x60,0x20,0xFF,0xFF,0x9C,0x00,0x00,0x00,
  0xA1,0xFF,0xFF,0x60,
};
const font_glyph_t glyph_78_16 = {78, 16, 11, 12, 11, 0, 12, font_78_16};

const unsigned char font_79_16[] = {
  0x00,0x00,0x15,0x94,0xE4,0xFE,0xE7,0x98,0x18,0x00,0x00,0x00,0x1D,0xE1,0xFF,0xFF,
  0xFF,0xFF,0xFF,0xE5,0x21,0x00,0x00,0xB3,0xFF,0xFF,0x79,0x2C,0x76,0xFF,0xFF,0xBE,
  0x00,0x21,0xFF,0xFF,0xB3,0x00,0x00,0x00,0xA9,0xFF,0xFF,0x2B,0x5B,0xFF,0xFF,0x70,
  0x00,0x00,0x00,0x63,0xFF,0xFF,0x66,0x71,0xFF,0xFF,0x5B,0x00,0x00,0x00,0x4B,0xFF,
  0xFF,0x7D,0x71,0xFF,0xFF,0x5B,0x00,0x00,0x00,0x4B,0xFF,0xFF,0x7D,0x5B,0xFF,0xFF,
  0x72,0x00,0x00,0x00,0x64,0xFF,0xFF,0x66,0x21,0xFF,0xFF,0xB6,0x00,0x00,0x00,0xAC,
  0xFF,0xFF,0x2B,0x00,0xB3,0xFF,0xFF,0x7A,0x2C,0x74,0xFF,0xFF,0xBF,0x00,0x00,0x1B,
  0xE1,0xFF,0xFF,0xFF,0xFF,0xFF,0xE5,0x21,0x00,0x00,0x00,0x15,0x94,0xE4,0xFE,0xE8,
  0x98,0x18,0x00,0x00,
};
const font_glyph_t glyph_79_16 = {79, 16, 11, 12, 11, 0, 12, font_79_16};

const unsigned char font_80_16[] = {
  0x20,0xFF,0xFF,0xFF,0xFF,0xFD,0xE4,0x94,0x14,0x00,0x20,0xFF,0xFF,0xFF,0xFF,0xFF,
  0xFF,0xFF,0xDA,0x10,0x20,0xFF,0xFF,0xA7,0x1C,0x21,0x96,0xFF,0xFF,0x81,0x20,0xFF,
  0xFF,0x9C,0x00,0x00,0x0D,0xFE,0xFF,0xC2,0x20,0xFF,0xFF,0x9C,0x00,0x00,0x06,0xFB,
  0xFF,0xC8,0x20,0xFF,0xFF,0xAC,0x20,0x25,0x8D,0xFF,0xFF,0x91,0x20,0xFF,0xFF,0xFF,
  0xFF,0xFF,0xFF,0xFF,0xE8,0x1B,0x20,0xFF,0xFF,0xFF,0xFF,0xFE,0xE6,0x9E,0x1D,0x00,
  0x20,0xFF,0xFF,0x9C,0x00,0x00,0x00,0x00,0x00,0x00,0x20,0xFF,0xFF,0x9C,0x00,0x00,
  0x00,0x00,0x00,0x00,0x20,0xFF,0xFF,0x9C,0x00,0x00,0x00,0x00,0x00,0x00,0x20,0xFF,
  0xFF,0x9C,0x00,0x00,0x00,0x00,0x00,0x00,
};
const font_glyph_t glyph_80_16 = {80, 16, 10, 12, 10, 0, 12, font_80_16};

const unsigned char font_81_16[] = {
  0x00,0x00,0x15,0x94,0xE4,0xFE,0xE7,0x9A,0x1B,0x00,0x00,0x00,0x1B,0xE0,0xFF,0xFF,
  0xFF,0xFF,0xFF,0xE8,0x24,0x00,0x00,0xAF,0xFF,0xFF,0x7A,0x2C,0x71,0xFE,0xFF,0xC2,
  0x00,0x1D,0xFE,0xFF,0xB6,0x00,0x00,0x00,0xA6,0xFF,0xFF,0x2F,0x57,0xFF,0xFF,0x75,
  0x00,0x00,0x00,0x5F,0xFF,0xFF,0x6A,0x6D,0xFF,0xFF,0x5F,0x00,0x00,0x00,0x47,0xFF,
  0xFF,0x81,0x6D,0xFF,0xFF,0x5F,0x00,0x00,0x00,0x47,0xFF,0xFF,0x81,0x57,0xFF,0xFF,
  0x75,0x00,0x00,0x00,0x60,0xFF,0xFF,0x6B,0x1D,0xFE,0xFF,0xBB,0x00,0x00,0x00,0xA8,
  0xFF,0xFF,0x30,0x00,0xAE,0xFF,0xFF,0x7F,0x2B,0x70,0xFE,0xFF,0xC5,0x00,0x00,0x1A,
  0xDF,0xFF,0xFF,0xFF,0xFF,0xFF,0xE8,0x26,0x00,0x00,0x00,0x13,0x92,0xE4,0xFE,0xFF,
  0xFF,0xE5,0x37,0x00,0x00,0x00,0x00,0x00,0x00,0x00,0x37,0xE8,0xFF,0xF6,0x21,0x00,
  0x00,0x00,0x00,0x00,0x00,0x00,0x1D,0xC3,0x4F,0x00,
};
const font_glyph_t glyph_81_16 = {81, 16, 11, 14, 11, 0, 12, font_81_16};

const unsigned char font_82_16[] = {
  0x20,0xFF,0xFF,0xFF,0xFF,0xFE,0xE4,0x9A,0x1B,0x00,0x00,0x20,0xFF,0xFF,0xFF,0xFF,
  0xFF,0xFF,0xFF,0xE3,0x13,0x00,0x20,0xFF,0xFF,0xA7,0x1C,0x23,0xA7,0xFF,0xFF,0x77,
  0x00,0x20,0xFF,0xFF,0x9C,0x00,0x00,0x28,0xFF,0xFF,0xA4,0x00,0x20,0xFF,0xFF,0x9C,
  0x00,0x00,0x28,0xFF,0xFF,0x9A,0x00,0x20,0xFF,0xFF,0xAC,0x20,0x27,0xA8,0xFF,0xFF,
  0x56,0x00,0x20,0xFF,0xFF,0xFF,0xFF,0xFF,0xFF,0xFF,0xAC,0x02,0x00,0x20,0xFF,0xFF,
  0xFF,0xFF,0xFF,0xFF,0xDB,0x01,0x00,0x00,0x20,0xFF,0xFF,0x9C,0x00,0xA8,0xFF,0xFF,
  0x46,0x00,0x00,0x20,0xFF,0xFF,0x9C,0x00,0x2A,0xFE,0xFF,0xCC,0x01,0x00,0x20,0xFF,
  0xFF,0x9C,0x00,0x00,0xA8,0xFF,0xFF,0x50,0x00,0x20,0xFF,0xFF,0x9C,0x00,0x00,0x2A,
  0xFE,0xFF,0xD5,0x01,
};
const font_glyph_t glyph_82_16 = {82, 16, 11, 12, 10, 0, 12, font_82_16};

const unsigned char font_83_16[] = {
  0x00,0x00,0x58,0xC2,0xF4,0xFB,0xD6,0x73,0x03,0x00,0x00,0x85,0xFF,0xFF,0xFF,0xFF,
  0xFF,0xFF,0xA2,0x00,0x0E,0xFB,0xFF,0xDC,0x30,0x22,0xC3,0xFF,0xFF,0x33,0x23,0xFF,
  0xFF,0xAD,0x00,0x00,0x51,0xFF,0xFF,0x6E,0x03,0xE1,0xFF,0xFF,0xAA,0x3C,0x01,0x00,
  0x00,0x00,0x00,0x38,0xED,0xFF,0xFF,0xFF,0xDA,0x5E,0x01,0x00,0x00,0x00,0x17,0x8E,
  0xEF,0xFF,0xFF,0xFF,0x9A,0x00,0x00,0x00,0x00,0x00,0x0A,0x60,0xE5,0xFF,0xFF,0x3C,
  0x76,0xFF,0xFF,0x4F,0x00,0x00,0x54,0xFF,0xFF,0x71,0x37,0xFF,0xFF,0xC3,0x2A,0x18,
  0x9A,0xFF,0xFF,0x5D,0x00,0x90,0xFF,0xFF,0xFF,0xFF,0xFF,0xFF,0xDD,0x0C,0x00,0x00,
  0x52,0xBB,0xF0,0xFC,0xE2,0x95,0x17,0x00,
};
const font_glyph_t glyph_83_16 = {83, 16, 10, 12, 10, 0, 12, font_83_16};

const unsigned char font_84_16[] = {
  0xB4,0xFF,0xFF,0xFF,0xFF,0xFF,0xFF,0xFF,0xFF,0xCC,0xB4,0xFF,0xFF,0xFF,0xFF,0xFF,
  0xFF,0xFF,0xFF,0xCC,0x14,0x1C,0x1C,0x71,0xFF,0xFF,0x75,0x1C,0x1C,0x16,0x00,0x00,
  0x00,0x5C,0xFF,0xFF,0x60,0x00,0x00,0x00,0x00,0x00,0x00,0x5C,0xFF,0xFF,0x60,0x00,
  0x00,0x00,0x00,0x00,0x00,0x5C,0xFF,0xFF,0x60,0x00,0x00,0x00,0x00,0x00,0x00,0x5C,
  0xFF,0xFF,0x60,0x00,0x00,0x00,0x00,0x00,0x00,0x5C,0xFF,0xFF,0x60,0x00,0x00,0x00,
  0x00,0x00,0x00,0x5C,0xFF,0xFF,0x60,0x00,0x00,0x00,0x00,0x00,0x00,0x5C,0xFF,0xFF,
  0x60,0x00,0x00,0x00,0x00,0x00,0x00,0x5C,0xFF,0xFF,0x60,0x00,0x00,0x00,0x00,0x00,
  0x00,0x5C,0xFF,0xFF,0x60,0x00,0x00,0x00,
};
const font_glyph_t glyph_84_16 = {84, 16, 10, 12, 10, 0, 12, font_84_16};

const unsigned char font_85_16[] = {
  0x2C,0xFF,0xFF,0x94,0x00,0x00,0x00,0xF4,0xFF,0xC8,0x2C,0xFF,0xFF,0x94,0x00,0x00,
  0x00,0xF4,0xFF,0xC8,0x2C,0xFF,0xFF,0x94,0x00,0x00,0x00,0xF4,0xFF,0xC8,0x2C,0xFF,
  0xFF,0x94,0x00,0x00,0x00,0xF4,0xFF,0xC8,0x2C,0xFF,0xFF,0x94,0x00,0x00,0x00,0xF4,
  0xFF,0xC8,0x2C,0xFF,0xFF,0x94,0x00,0x00,0x00,0xF4,0xFF,0xC8,0x2C,0xFF,0xFF,0x94,
  0x00,0x00,0x00,0xF4,0xFF,0xC8,0x2C,0xFF,0xFF,0x94,0x00,0x00,0x00,0xF4,0xFF,0xC8,
  0x1C,0xFF,0xFF,0xA8,0x00,0x00,0x09,0xFD,0xFF,0xB9,0x00,0xDB,0xFF,0xF5,0x4D,0x23,
  0x8F,0xFF,0xFF,0x79,0x00,0x4A,0xFC,0xFF,0xFF,0xFF,0xFF,0xFF,0xDA,0x0E,0x00,0x00,
  0x3A,0xB6,0xF1,0xFC,0xE1,0x94,0x14,0x00,
};
const font_glyph_t glyph_85_16 = {85, 16, 10, 12, 11, 0, 12, font_85_16};

const unsigned char font_86_16[] = {
  0x00,0xDE,0xFF,0xFF,0x29,0x00,0x00,0x00,0x95,0xFF,0xFF,0x72,0x00,0x8E,0xFF,0xFF,
  0x6C,0x00,0x00,0x00,0xD7,0xFF,0xFF,0x22,0x00,0x3E,0xFF,0xFF,0xAC,0x00,0x00,0x1B,
  0xFF,0xFF,0xD0,0x00,0x00,0x02,0xE8,0xFF,0xED,0x02,0x00,0x5C,0xFF,0xFF,0x7E,0x00,
  0x00,0x00,0x9A,0xFF,0xFF,0x30,0x00,0x9F,0xFF,0xFF,0x2D,0x00,0x00,0x00,0x49,0xFF,
  0xFF,0x72,0x00,0xE0,0xFF,0xDA,0x00,0x00,0x00,0x00,0x07,0xF1,0xFF,0xB4,0x24,0xFF,
  0xFF,0x8A,0x00,0x00,0x00,0x00,0x00,0xA6,0xFF,0xF1,0x68,0xFF,0xFF,0x38,0x00,0x00,
  0x00,0x00,0x00,0x56,0xFF,0xFF,0xDB,0xFF,0xE5,0x01,0x00,0x00,0x00,0x00,0x00,0x0C,
  0xF7,0xFF,0xFF,0xFF,0x94,0x00,0x00,0x00,0x00,0x00,0x00,0x00,0xB2,0xFF,0xFF,0xFF,
  0x42,0x00,0x00,0x00,0x00,0x00,0x00,0x00,0x62,0xFF,0xFF,0xEE,0x04,0x00,0x00,0x00,
  
};
const font_glyph_t glyph_86_16 = {86, 16, 12, 12, 11, -1, 12, font_86_16};

const unsigned char font_87_16[] = {
  0xBA,0xFF,0xF7,0x03,0x00,0x57,0xFF,0xFF,0x33,0x00,0x1A,0xFF,0xFF,0x9A,0x87,0xFF,
  0xFF,0x27,0x00,0x8C,0xFF,0xFF,0x69,0x00,0x47,0xFF,0xFF,0x66,0x53,0xFF,0xFF,0x54,
  0x00,0xC1,0xFF,0xFF,0x9F,0x00,0x73,0xFF,0xFF,0x33,0x1F,0xFF,0xFF,0x81,0x03,0xF4,
  0xFF,0xFF,0xD4,0x00,0x9F,0xFF,0xF9,0x06,0x00,0xEB,0xFF,0xAD,0x2B,0xFF,0xFF,0xFF,
  0xFE,0x0D,0xCB,0xFF,0xCB,0x00,0x00,0xB7,0xFF,0xDA,0x60,0xFF,0xE0,0xF8,0xFF,0x42,
  0xF6,0xFF,0x98,0x00,0x00,0x84,0xFF,0xFD,0x9F,0xFF,0xA2,0xC5,0xFF,0x9B,0xFF,0xFF,
  0x64,0x00,0x00,0x51,0xFF,0xFF,0xF4,0xFF,0x69,0x8D,0xFF,0xF2,0xFF,0xFF,0x30,0x00,
  0x00,0x1D,0xFF,0xFF,0xFF,0xFF,0x32,0x53,0xFF,0xFF,0xFF,0xF8,0x05,0x00,0x00,0x00,
  0xEA,0xFF,0xFF,0xF7,0x05,0x1A,0xFF,0xFF,0xFF,0xC9,0x00,0x00,0x00,0x00,0xB6,0xFF,
  0xFF,0xC4,0x00,0x00,0xE2,0xFF,0xFF,0x96,0x00,0x00,0x00,0x00,0x82,0xFF,0xFF,0x8C,
  0x00,0x00,0xA8,0xFF,0xFF,0x62,0x00,0x00,
};
const font_glyph_t glyph_87_16 = {87, 16, 14, 12, 14, 0, 12, font_87_16};

const unsigned char font_88_16[] = {
  0x9C,0xFF,0xFF,0x7C,0x00,0x00,0x44,0xFF,0xFF,0xD1,0x02,0x1C,0xF7,0xFF,0xEA,0x09,
  0x00,0xBC,0xFF,0xFF,0x4B,0x00,0x00,0x8B,0xFF,0xFF,0x6B,0x33,0xFF,0xFF,0xC2,0x00,
  0x00,0x00,0x12,0xF0,0xFF,0xDE,0xAE,0xFF,0xFF,0x3A,0x00,0x00,0x00,0x00,0x7A,0xFF,
  0xFF,0xFF,0xFF,0xB2,0x00,0x00,0x00,0x00,0x00,0x0A,0xE7,0xFF,0xFF,0xFE,0x2C,0x00,
  0x00,0x00,0x00,0x00,0x11,0xEF,0xFF,0xFF,0xFF,0x39,0x00,0x00,0x00,0x00,0x00,0x8B,
  0xFF,0xFF,0xFF,0xFF,0xC2,0x00,0x00,0x00,0x00,0x1C,0xF7,0xFF,0xD7,0xA2,0xFF,0xFF,
  0x4C,0x00,0x00,0x00,0x9F,0xFF,0xFF,0x60,0x28,0xFE,0xFF,0xD4,0x03,0x00,0x2B,0xFD,
  0xFF,0xE2,0x05,0x00,0xAF,0xFF,0xFF,0x60,0x00,0xB3,0xFF,0xFF,0x6F,0x00,0x00,0x34,
  0xFF,0xFF,0xE1,0x09,
};
const font_glyph_t glyph_88_16 = {88, 16, 11, 12, 10, 0, 12, font_88_16};

const unsigned char font_89_16[] = {
  0x00,0xCA,0xFF,0xFF,0x25,0x00,0x00,0x18,0xFB,0xFF,0xD6,0x02,0x00,0x51,0xFF,0xFF,
  0x8B,0x00,0x00,0x7A,0xFF,0xFF,0x5E,0x00,0x00,0x02,0xD5,0xFF,0xEB,0x07,0x02,0xDF,
  0xFF,0xDF,0x04,0x00,0x00,0x00,0x5D,0xFF,0xFF,0x58,0x49,0xFF,0xFF,0x6B,0x00,0x00,
  0x00,0x00,0x04,0xDE,0xFF,0xC0,0xB0,0xFF,0xE7,0x08,0x00,0x00,0x00,0x00,0x00,0x67,
  0xFF,0xFF,0xFD,0xFF,0x77,0x00,0x00,0x00,0x00,0x00,0x00,0x08,0xE7,0xFF,0xFF,0xEF,
  0x0E,0x00,0x00,0x00,0x00,0x00,0x00,0x00,0x78,0xFF,0xFF,0x89,0x00,0x00,0x00,0x00,
  0x00,0x00,0x00,0x00,0x5C,0xFF,0xFF,0x6C,0x00,0x00,0x00,0x00,0x00,0x00,0x00,0x00,
  0x5C,0xFF,0xFF,0x6C,0x00,0x00,0x00,0x00,0x00,0x00,0x00,0x00,0x5C,0xFF,0xFF,0x6C,
  0x00,0x00,0x00,0x00,0x00,0x00,0x00,0x00,0x5C,0xFF,0xFF,0x6C,0x00,0x00,0x00,0x00,
  
};
const font_glyph_t glyph_89_16 = {89, 16, 12, 12, 10, -1, 12, font_89_16};

const unsigned char font_90_16[] = {
  0x84,0xFF,0xFF,0xFF,0xFF,0xFF,0xFF,0xFF,0xFF,0x54,0x84,0xFF,0xFF,0xFF,0xFF,0xFF,
  0xFF,0xFF,0xFF,0x37,0x0E,0x1C,0x1C,0x1C,0x1C,0x54,0xFF,0xFF,0xA0,0x00,0x00,0x00,
  0x00,0x00,0x07,0xD7,0xFF,0xE9,0x13,0x00,0x00,0x00,0x00,0x00,0x84,0xFF,0xFF,0x57,
  0x00,0x00,0x00,0x00,0x00,0x31,0xFB,0xFF,0xB1,0x00,0x00,0x00,0x00,0x00,0x05,0xCE,
  0xFF,0xF2,0x1C,0x00,0x00,0x00,0x00,0x00,0x7B,0xFF,0xFF,0x69,0x00,0x00,0x00,0x00,
  0x00,0x28,0xF9,0xFF,0xC2,0x02,0x00,0x00,0x00,0x00,0x02,0xC7,0xFF,0xFF,0x43,0x1C,
  0x1C,0x1C,0x1C,0x0B,0x5F,0xFF,0xFF,0xFF,0xFF,0xFF,0xFF,0xFF,0xFF,0x64,0x78,0xFF,
  0xFF,0xFF,0xFF,0xFF,0xFF,0xFF,0xFF,0x64,
};
const font_glyph_t glyph_90_16 = {90, 16, 10, 12, 10, 0, 12, font_90_16};

const unsigned char font_91_16[] = {
  0x28,0xFF,0xFF,0xFF,0x6C,0x28,0xFF,0xFF,0xF6,0x64,0x28,0xFF,0xFF,0x80,0x00,0x28,
  0xFF,0xFF,0x80,0x00,0x28,0xFF,0xFF,0x80,0x00,0x28,0xFF,0xFF,0x80,0x00,0x28,0xFF,
  0xFF,0x80,0x00,0x28,0xFF,0xFF,0x80,0x00,0x28,0xFF,0xFF,0x80,0x00,0x28,0xFF,0xFF,
  0x80,0x00,0x28,0xFF,0xFF,0x80,0x00,0x28,0xFF,0xFF,0x80,0x00,0x28,0xFF,0xFF,0x80,
  0x00,0x28,0xFF,0xFF,0x80,0x00,0x28,0xFF,0xFF,0xF6,0x64,0x28,0xFF,0xFF,0xFF,0x6C,
  
};
const font_glyph_t glyph_91_16 = {91, 16, 5, 16, 5, 0, 13, font_91_16};

const unsigned char font_92_16[] = {
  0x0A,0xF3,0xFF,0xC7,0x00,0x00,0x00,0x00,0x00,0x00,0xA0,0xFF,0xFF,0x25,0x00,0x00,
  0x00,0x00,0x00,0x43,0xFF,0xFF,0x81,0x00,0x00,0x00,0x00,0x00,0x02,0xE2,0xFF,0xDF,
  0x01,0x00,0x00,0x00,0x00,0x00,0x88,0xFF,0xFF,0x3C,0x00,0x00,0x00,0x00,0x00,0x2A,
  0xFF,0xFF,0x9B,0x00,0x00,0x00,0x00,0x00,0x00,0xCC,0xFF,0xF0,0x08,0x00,0x00,0x00,
  0x00,0x00,0x6E,0xFF,0xFF,0x55,0x00,0x00,0x00,0x00,0x00,0x16,0xFC,0xFF,0xB4,0x00,
  0x00,0x00,0x00,0x00,0x00,0xB4,0xFF,0xFB,0x15,0x00,0x00,0x00,0x00,0x00,0x56,0xFF,
  0xFF,0x6E,0x00,0x00,0x00,0x00,0x00,0x08,0xF0,0xFF,0xCC,0x00,0x00,0x00,0x00,0x00,
  0x00,0x9B,0xFF,0xFF,0x29,
};
const font_glyph_t glyph_92_16 = {92, 16, 9, 13, 7, -1, 12, font_92_16};

const unsigned char font_93_16[] = {
  0xE4,0xFF,0xFF,0xB0,0xD2,0xFF,0xFF,0xB0,0x00,0xF4,0xFF,0xB0,0x00,0xF4,0xFF,0xB0,
  0x00,0xF4,0xFF,0xB0,0x00,0xF4,0xFF,0xB0,0x00,0xF4,0xFF,0xB0,0x00,0xF4,0xFF,0xB0,
  0x00,0xF4,0xFF,0xB0,0x00,0xF4,0xFF,0xB0,0x00,0xF4,0xFF,0xB0,0x00,0xF4,0xFF,0xB0,
  0x00,0xF4,0xFF,0xB0,0x00,0xF4,0xFF,0xB0,0xD2,0xFF,0xFF,0xB0,0xE4,0xFF,0xFF,0xB0,
  
};
const font_glyph_t glyph_93_16 = {93, 16, 4, 16, 5, 0, 13, font_93_16};

const unsigned char font_94_16[] = {
  0x00,0x00,0x93,0xFF,0xC5,0x00,0x00,0x00,0x08,0xEE,0xFF,0xFF,0x29,0x00,0x00,0x5A,
  0xFF,0xCF,0xFF,0x8C,0x00,0x00,0xBE,0xFF,0x30,0xEF,0xEB,0x05,0x23,0xFF,0xCD,0x00,
  0x9B,0xFF,0x53,0x86,0xFF,0x72,0x00,0x41,0xFF,0xB6,
};
const font_glyph_t glyph_94_16 = {94, 16, 7, 6, 7, 0, 12, font_94_16};

const unsigned char font_95_16[] = {
  0x04,0xFF,0xFF,0xFF,0xFF,0xFF,0xFF,0xFF,0x10,0x04,0xF8,0xF8,0xF8,0xF8,0xF8,0xF8,
  0xF8,0x10,
};
const font_glyph_t glyph_95_16 = {95, 16, 9, 2, 7, -1, 0, font_95_16};

const unsigned char font_96_16[] = {
  0x24,0xDF,0xFF,0x9B,0x00,0x00,0x19,0xD0,0xFF,0x62,
};
const font_glyph_t glyph_96_16 = {96, 16, 5, 2, 5, 0, 12, font_96_16};

const unsigned char font_97_16[] = {
  0x00,0x2D,0xB2,0xEF,0xFC,0xD5,0x63,0x00,0x00,0x1D,0xF1,0xFF,0xF3,0xE8,0xFF,0xFF,
  0x5A,0x00,0x4D,0xC0,0xC0,0x36,0x0A,0xF1,0xFF,0xB7,0x00,0x00,0x00,0x00,0x00,0x00,
  0xDC,0xFF,0xC8,0x00,0x00,0x61,0xCA,0xF5,0xFF,0xFF,0xFF,0xC8,0x00,0x5A,0xFF,0xFF,
  0xA4,0x69,0xEE,0xFF,0xC8,0x00,0x9E,0xFF,0xFF,0x13,0x0E,0xF1,0xFF,0xC8,0x00,0x6D,
  0xFF,0xFF,0xF1,0xF5,0xFF,0xFF,0xCF,0x00,0x02,0x82,0xEA,0xF9,0xAE,0xB8,0xFF,0xF6,
  0x0B,
};
const font_glyph_t glyph_97_16 = {97, 16, 9, 9, 9, 0, 9, font_97_16};

const unsigned char font_98_16[] = {
  0x3C,0xFF,0xFF,0x68,0x00,0x00,0x00,0x00,0x00,0x3C,0xFF,0xFF,0x68,0x00,0x00,0x00,
  0x00,0x00,0x3C,0xFF,0xFF,0x68,0x00,0x00,0x00,0x00,0x00,0x3C,0xFF,0xFF,0xAA,0xDD,
  0xFB,0xC5,0x2D,0x00,0x3C,0xFF,0xFF,0xFF,0xFF,0xFF,0xFF,0xE2,0x0A,0x3C,0xFF,0xFF,
  0xAB,0x11,0x81,0xFF,0xFF,0x57,0x3C,0xFF,0xFF,0x6A,0x00,0x1E,0xFF,0xFF,0x88,0x3C,
  0xFF,0xFF,0x68,0x00,0x0E,0xFF,0xFF,0x96,0x3C,0xFF,0xFF,0x69,0x00,0x1A,0xFF,0xFF,
  0x88,0x3C,0xFF,0xFF,0xA8,0x11,0x77,0xFF,0xFF,0x58,0x3C,0xFF,0xFF,0xFF,0xFF,0xFF,
  0xFF,0xE5,0x0A,0x3C,0xFF,0xFF,0x72,0xDD,0xFB,0xC8,0x2F,0x00,
};
const font_glyph_t glyph_98_16 = {98, 16, 9, 12, 9, 0, 12, font_98_16};

const unsigned char font_99_16[] = {
  0x00,0x0D,0x94,0xEA,0xFC,0xDE,0x7E,0x04,0x01,0xBF,0xFF,0xFF,0xFF,0xFF,0xFF,0x8A,
  0x44,0xFF,0xFF,0x78,0x13,0xB9,0xFF,0xE5,0x80,0xFF,0xFF,0x1C,0x00,0x00,0x00,0x00,
  0x92,0xFF,0xFF,0x0D,0x00,0x00,0x00,0x00,0x80,0xFF,0xFF,0x1A,0x00,0x00,0x00,0x00,
  0x44,0xFF,0xFF,0x79,0x12,0xB8,0xFF,0xE5,0x01,0xBF,0xFF,0xFF,0xFF,0xFF,0xFF,0x80,
  0x00,0x0D,0x94,0xE8,0xFC,0xDA,0x73,0x02,
};
const font_glyph_t glyph_99_16 = {99, 16, 8, 9, 8, 0, 9, font_99_16};

const unsigned char font_100_16[] = {
  0x00,0x00,0x00,0x00,0x00,0x64,0xFF,0xFF,0x40,0x00,0x00,0x00,0x00,0x00,0x64,0xFF,
  0xFF,0x40,0x00,0x00,0x00,0x00,0x00,0x64,0xFF,0xFF,0x40,0x00,0x28,0xC1,0xFB,0xDA,
  0x9F,0xFF,0xFF,0x40,0x06,0xDC,0xFF,0xFF,0xFF,0xFF,0xFF,0xFF,0x40,0x4F,0xFF,0xFF,
  0x8C,0x12,0xAC,0xFF,0xFF,0x40,0x82,0xFF,0xFF,0x21,0x00,0x67,0xFF,0xFF,0x40,0x92,
  0xFF,0xFF,0x0E,0x00,0x64,0xFF,0xFF,0x40,0x83,0xFF,0xFF,0x1E,0x00,0x66,0xFF,0xFF,
  0x40,0x4F,0xFF,0xFF,0x88,0x10,0xAD,0xFF,0xFF,0x40,0x06,0xDB,0xFF,0xFF,0xFF,0xFF,
  0xFF,0xFF,0x40,0x00,0x28,0xC2,0xFB,0xDA,0x6E,0xFF,0xFF,0x40,
};
const font_glyph_t glyph_100_16 = {100, 16, 9, 12, 9, 0, 12, font_100_16};

const unsigned char font_101_16[] = {
  0x00,0x05,0x7E,0xE0,0xFD,0xE7,0x8D,0x09,0x00,0x00,0x9D,0xFF,0xFF,0xFF,0xFF,0xFF,
  0xAF,0x00,0x29,0xFF,0xFF,0x9E,0x10,0x75,0xFF,0xFF,0x2C,0x6E,0xFF,0xFF,0xBD,0xA4,
  0xB4,0xFF,0xFF,0x5D,0x83,0xFF,0xFF,0xFF,0xFF,0xFF,0xFF,0xFF,0x64,0x73,0xFF,0xFF,
  0x39,0x00,0x00,0x00,0x00,0x00,0x2C,0xFF,0xFF,0xC0,0x21,0x19,0x80,0x53,0x00,0x00,
  0x8E,0xFF,0xFF,0xFF,0xFF,0xFF,0xEC,0x09,0x00,0x00,0x63,0xD2,0xFB,0xF2,0xB2,0x2E,
  0x00,
};
const font_glyph_t glyph_101_16 = {101, 16, 9, 9, 9, 0, 9, font_101_16};

const unsigned char font_102_16[] = {
  0x00,0x00,0x6C,0xDE,0xFD,0xBE,0x00,0x53,0xFF,0xFF,0xFF,0xD0,0x00,0xA2,0xFF,0xFF,
  0x39,0x0A,0xE4,0xFF,0xFF,0xFF,0xFF,0x9C,0xBD,0xF5,0xFF,0xFF,0xD4,0x81,0x00,0xAC,
  0xFF,0xF8,0x00,0x00,0x00,0xAC,0xFF,0xF8,0x00,0x00,0x00,0xAC,0xFF,0xF8,0x00,0x00,
  0x00,0xAC,0xFF,0xF8,0x00,0x00,0x00,0xAC,0xFF,0xF8,0x00,0x00,0x00,0xAC,0xFF,0xF8,
  0x00,0x00,0x00,0xAC,0xFF,0xF8,0x00,0x00,
};
const font_glyph_t glyph_102_16 = {102, 16, 6, 12, 6, 0, 12, font_102_16};

const unsigned char font_103_16[] = {
  0x00,0x18,0xAE,0xF6,0xEF,0x84,0xFC,0xFF,0x74,0x02,0xC7,0xFF,0xFF,0xFF,0xFF,0xFF,
  0xFF,0x74,0x42,0xFF,0xFF,0xA7,0x12,0x71,0xFF,0xFF,0x74,0x7C,0xFF,0xFF,0x30,0x00,
  0x30,0xFF,0xFF,0x74,0x8E,0xFF,0xFF,0x16,0x00,0x30,0xFF,0xFF,0x74,0x7D,0xFF,0xFF,
  0x2D,0x00,0x30,0xFF,0xFF,0x74,0x42,0xFF,0xFF,0xA4,0x11,0x73,0xFF,0xFF,0x74,0x01,
  0xC5,0xFF,0xFF,0xFF,0xFF,0xFF,0xFF,0x74,0x00,0x16,0xAD,0xF6,0xEA,0xA0,0xFF,0xFF,
  0x70,0x00,0x27,0x7D,0x09,0x07,0x9F,0xFF,0xFF,0x43,0x00,0xC3,0xFF,0xFB,0xFA,0xFF,
  0xFF,0xBB,0x01,0x00,0x33,0xB3,0xF2,0xFB,0xDA,0x81,0x08,0x00,
};
const font_glyph_t glyph_103_16 = {103, 16, 9, 12, 9, 0, 9, font_103_16};

const unsigned char font_104_16[] = {
  0x50,0xFF,0xFF,0x54,0x00,0x00,0x00,0x00,0x00,0x50,0xFF,0xFF,0x54,0x00,0x00,0x00,
  0x00,0x00,0x50,0xFF,0xFF,0x54,0x00,0x00,0x00,0x00,0x00,0x50,0xFF,0xFF,0x83,0xCE,
  0xFB,0xD4,0x3F,0x00,0x50,0xFF,0xFF,0xFF,0xFF,0xFF,0xFF,0xEB,0x09,0x50,0xFF,0xFF,
  0x84,0x0F,0x9A,0xFF,0xFF,0x3C,0x50,0xFF,0xFF,0x54,0x00,0x55,0xFF,0xFF,0x4F,0x50,
  0xFF,0xFF,0x54,0x00,0x54,0xFF,0xFF,0x50,0x50,0xFF,0xFF,0x54,0x00,0x54,0xFF,0xFF,
  0x50,0x50,0xFF,0xFF,0x54,0x00,0x54,0xFF,0xFF,0x50,0x50,0xFF,0xFF,0x54,0x00,0x54,
  0xFF,0xFF,0x50,0x50,0xFF,0xFF,0x54,0x00,0x54,0xFF,0xFF,0x50,
};
const font_glyph_t glyph_104_16 = {104, 16, 9, 12, 9, 0, 12, font_104_16};

const unsigned char font_105_16[] = {
  0x00,0x62,0x84,0x18,0x35,0xFF,0xFF,0x99,0x12,0xD2,0xF4,0x55,0x00,0x00,0x00,0x00,
  0x1C,0xFF,0xFF,0x88,0x1C,0xFF,0xFF,0x88,0x1C,0xFF,0xFF,0x88,0x1C,0xFF,0xFF,0x88,
  0x1C,0xFF,0xFF,0x88,0x1C,0xFF,0xFF,0x88,0x1C,0xFF,0xFF,0x88,0x1C,0xFF,0xFF,0x88,
  0x1C,0xFF,0xFF,0x88,
};
const font_glyph_t glyph_105_16 = {105, 16, 4, 13, 4, 0, 13, font_105_16};

const unsigned char font_106_16[] = {
  0x00,0x00,0x61,0x84,0x1A,0x00,0x31,0xFF,0xFF,0x9D,0x00,0x10,0xD2,0xF4,0x58,0x00,
  0x00,0x00,0x00,0x00,0x00,0x10,0xFF,0xFF,0x94,0x00,0x10,0xFF,0xFF,0x94,0x00,0x10,
  0xFF,0xFF,0x94,0x00,0x10,0xFF,0xFF,0x94,0x00,0x10,0xFF,0xFF,0x94,0x00,0x10,0xFF,
  0xFF,0x94,0x00,0x10,0xFF,0xFF,0x94,0x00,0x10,0xFF,0xFF,0x94,0x00,0x10,0xFF,0xFF,
  0x94,0x14,0x55,0xFF,0xFF,0x84,0xEC,0xFF,0xFF,0xFE,0x34,0xDC,0xFC,0xD6,0x54,0x00,
  
};
const font_glyph_t glyph_106_16 = {106, 16, 5, 16, 4, -1, 13, font_106_16};

const unsigned char font_107_16[] = {
  0x3C,0xFF,0xFF,0x68,0x00,0x00,0x00,0x00,0x00,0x3C,0xFF,0xFF,0x68,0x00,0x00,0x00,
  0x00,0x00,0x3C,0xFF,0xFF,0x68,0x00,0x00,0x00,0x00,0x00,0x3C,0xFF,0xFF,0x68,0x02,
  0xB7,0xFF,0xFF,0x6A,0x3C,0xFF,0xFF,0x68,0x7B,0xFF,0xFF,0x9D,0x00,0x3C,0xFF,0xFF,
  0xA7,0xFC,0xFF,0xC9,0x07,0x00,0x3C,0xFF,0xFF,0xFF,0xFF,0xFA,0x1B,0x00,0x00,0x3C,
  0xFF,0xFF,0xFF,0xFF,0xFF,0x51,0x00,0x00,0x3C,0xFF,0xFF,0xFB,0xEF,0xFF,0xE0,0x0A,
  0x00,0x3C,0xFF,0xFF,0x82,0x64,0xFF,0xFF,0x83,0x00,0x3C,0xFF,0xFF,0x68,0x03,0xD4,
  0xFF,0xF8,0x22,0x3C,0xFF,0xFF,0x68,0x00,0x4A,0xFF,0xFF,0xB3,
};
const font_glyph_t glyph_107_16 = {107, 16, 9, 12, 9, 0, 12, font_107_16};

const unsigned char font_108_16[] = {
  0x1C,0xFF,0xFF,0x88,0x1C,0xFF,0xFF,0x88,0x1C,0xFF,0xFF,0x88,0x1C,0xFF,0xFF,0x88,
  0x1C,0xFF,0xFF,0x88,0x1C,0xFF,0xFF,0x88,0x1C,0xFF,0xFF,0x88,0x1C,0xFF,0xFF,0x88,
  0x1C,0xFF,0xFF,0x88,0x1C,0xFF,0xFF,0x88,0x1C,0xFF,0xFF,0x88,0x1C,0xFF,0xFF,0x88,
  
};
const font_glyph_t glyph_108_16 = {108, 16, 4, 12, 4, 0, 12, font_108_16};

const unsigned char font_109_16[] = {
  0x3C,0xFF,0xFF,0x6B,0xBE,0xFB,0xE0,0x4C,0x58,0xE0,0xFB,0xC2,0x1F,0x00,0x3C,0xFF,
  0xFF,0xFE,0xFF,0xFF,0xFF,0xF4,0xFE,0xFF,0xFF,0xFF,0xB1,0x00,0x3C,0xFF,0xFF,0xAA,
  0x10,0xA1,0xFF,0xFF,0x78,0x12,0xCD,0xFF,0xF3,0x00,0x3C,0xFF,0xFF,0x68,0x00,0x6D,
  0xFF,0xFF,0x36,0x00,0xA1,0xFF,0xFF,0x03,0x3C,0xFF,0xFF,0x68,0x00,0x6C,0xFF,0xFF,
  0x34,0x00,0xA0,0xFF,0xFF,0x04,0x3C,0xFF,0xFF,0x68,0x00,0x6C,0xFF,0xFF,0x34,0x00,
  0xA0,0xFF,0xFF,0x04,0x3C,0xFF,0xFF,0x68,0x00,0x6C,0xFF,0xFF,0x34,0x00,0xA0,0xFF,
  0xFF,0x04,0x3C,0xFF,0xFF,0x68,0x00,0x6C,0xFF,0xFF,0x34,0x00,0xA0,0xFF,0xFF,0x04,
  0x3C,0xFF,0xFF,0x68,0x00,0x6C,0xFF,0xFF,0x34,0x00,0xA0,0xFF,0xFF,0x04,
};
const font_glyph_t glyph_109_16 = {109, 16, 14, 9, 14, 0, 9, font_109_16};

const unsigned char font_110_16[] = {
  0x4C,0xFF,0xFF,0x66,0xC8,0xFB,0xDF,0x4E,0x00,0x4C,0xFF,0xFF,0xFE,0xFF,0xFF,0xFF,
  0xF4,0x0D,0x4C,0xFF,0xFF,0x8E,0x10,0x93,0xFF,0xFF,0x40,0x4C,0xFF,0xFF,0x54,0x00,
  0x55,0xFF,0xFF,0x4F,0x4C,0xFF,0xFF,0x54,0x00,0x54,0xFF,0xFF,0x50,0x4C,0xFF,0xFF,
  0x54,0x00,0x54,0xFF,0xFF,0x50,0x4C,0xFF,0xFF,0x54,0x00,0x54,0xFF,0xFF,0x50,0x4C,
  0xFF,0xFF,0x54,0x00,0x54,0xFF,0xFF,0x50,0x4C,0xFF,0xFF,0x54,0x00,0x54,0xFF,0xFF,
  0x50,
};
const font_glyph_t glyph_110_16 = {110, 16, 9, 9, 9, 0, 9, font_110_16};

const unsigned char font_111_16[] = {
  0x00,0x08,0x87,0xE3,0xFE,0xE2,0x85,0x08,0x00,0x00,0xAF,0xFF,0xFF,0xFF,0xFF,0xFF,
  0xAF,0x00,0x3C,0xFF,0xFF,0x92,0x11,0x95,0xFF,0xFF,0x3C,0x80,0xFF,0xFF,0x22,0x00,
  0x26,0xFF,0xFF,0x80,0x92,0xFF,0xFF,0x0E,0x00,0x12,0xFF,0xFF,0x92,0x80,0xFF,0xFF,
  0x21,0x00,0x25,0xFF,0xFF,0x80,0x3C,0xFF,0xFF,0x8F,0x10,0x93,0xFF,0xFF,0x3C,0x00,
  0xB1,0xFF,0xFF,0xFF,0xFF,0xFF,0xB1,0x00,0x00,0x09,0x89,0xE4,0xFE,0xE5,0x89,0x09,
  0x00,
};
const font_glyph_t glyph_111_16 = {111, 16, 9, 9, 9, 0, 9, font_111_16};

const unsigned char font_112_16[] = {
  0x3C,0xFF,0xFF,0x8B,0xDD,0xFB,0xC3,0x2A,0x00,0x3C,0xFF,0xFF,0xFF,0xFF,0xFF,0xFF,
  0xE1,0x09,0x3C,0xFF,0xFF,0xA7,0x10,0x87,0xFF,0xFF,0x57,0x3C,0xFF,0xFF,0x6A,0x00,
  0x1F,0xFF,0xFF,0x88,0x3C,0xFF,0xFF,0x68,0x00,0x0E,0xFF,0xFF,0x96,0x3C,0xFF,0xFF,
  0x6A,0x00,0x20,0xFF,0xFF,0x86,0x3C,0xFF,0xFF,0xAC,0x10,0x88,0xFF,0xFF,0x50,0x3C,
  0xFF,0xFF,0xFF,0xFF,0xFF,0xFF,0xDA,0x06,0x3C,0xFF,0xFF,0xA9,0xDD,0xFB,0xBF,0x24,
  0x00,0x3C,0xFF,0xFF,0x68,0x00,0x00,0x00,0x00,0x00,0x3C,0xFF,0xFF,0x68,0x00,0x00,
  0x00,0x00,0x00,0x3C,0xFF,0xFF,0x68,0x00,0x00,0x00,0x00,0x00,
};
const font_glyph_t glyph_112_16 = {112, 16, 9, 12, 9, 0, 9, font_112_16};

const unsigned char font_113_16[] = {
  0x00,0x29,0xC2,0xFB,0xDD,0x66,0xFF,0xFF,0x40,0x07,0xDE,0xFF,0xFF,0xFF,0xFF,0xFF,
  0xFF,0x40,0x51,0xFF,0xFF,0x8B,0x10,0xA6,0xFF,0xFF,0x40,0x84,0xFF,0xFF,0x1F,0x00,
  0x66,0xFF,0xFF,0x40,0x92,0xFF,0xFF,0x0E,0x00,0x64,0xFF,0xFF,0x40,0x82,0xFF,0xFF,
  0x1F,0x00,0x65,0xFF,0xFF,0x40,0x4D,0xFF,0xFF,0x89,0x10,0xAA,0xFF,0xFF,0x40,0x05,
  0xD9,0xFF,0xFF,0xFF,0xFF,0xFF,0xFF,0x40,0x00,0x23,0xBE,0xFB,0xDD,0xA6,0xFF,0xFF,
  0x40,0x00,0x00,0x00,0x00,0x00,0x64,0xFF,0xFF,0x40,0x00,0x00,0x00,0x00,0x00,0x64,
  0xFF,0xFF,0x40,0x00,0x00,0x00,0x00,0x00,0x64,0xFF,0xFF,0x40,
};
const font_glyph_t glyph_113_16 = {113, 16, 9, 12, 9, 0, 9, font_113_16};

const unsigned char font_114_16[] = {
  0x3C,0xFF,0xFF,0x72,0xD9,0xE0,0x3C,0xFF,0xFF,0xFB,0xFF,0xE1,0x3C,0xFF,0xFF,0xEA,
  0x87,0x6D,0x3C,0xFF,0xFF,0x79,0x00,0x00,0x3C,0xFF,0xFF,0x68,0x00,0x00,0x3C,0xFF,
  0xFF,0x68,0x00,0x00,0x3C,0xFF,0xFF,0x68,0x00,0x00,0x3C,0xFF,0xFF,0x68,0x00,0x00,
  0x3C,0xFF,0xFF,0x68,0x00,0x00,
};
const font_glyph_t glyph_114_16 = {114, 16, 6, 9, 6, 0, 9, font_114_16};

const unsigned char font_115_16[] = {
  0x00,0x36,0xBD,0xF5,0xF9,0xCF,0x5F,0x00,0x20,0xF6,0xFF,0xE0,0xD7,0xFF,0xFF,0x5C,
  0x6B,0xFF,0xFF,0x1A,0x04,0xB8,0xC0,0x82,0x4D,0xFF,0xFF,0xC6,0x6D,0x2A,0x00,0x00,
  0x01,0x8F,0xFD,0xFF,0xFF,0xFF,0xBB,0x13,0x00,0x00,0x20,0x6C,0xB9,0xFF,0xFF,0x92,
  0x93,0xE0,0xC0,0x03,0x01,0xE5,0xFF,0xB2,0x40,0xFC,0xFF,0xDE,0xD6,0xFF,0xFF,0x5C,
  0x00,0x43,0xC3,0xF8,0xF9,0xCA,0x5A,0x00,
};
const font_glyph_t glyph_115_16 = {115, 16, 8, 9, 8, 0, 9, font_115_16};

const unsigned char font_116_16[] = {
  0x00,0xD4,0xFF,0xD0,0x00,0x00,0x00,0xD4,0xFF,0xD0,0x00,0x00,0xE4,0xFF,0xFF,0xFF,
  0xFF,0x34,0xBD,0xFA,0xFF,0xF9,0xD4,0x2B,0x00,0xD4,0xFF,0xD0,0x00,0x00,0x00,0xD4,
  0xFF,0xD0,0x00,0x00,0x00,0xD4,0xFF,0xD0,0x00,0x00,0x00,0xD4,0xFF,0xD0,0x00,0x00,
  0x00,0xD1,0xFF,0xE5,0x19,0x08,0x00,0xA6,0xFF,0xFF,0xFF,0x54,0x00,0x1E,0xBF,0xF9,
  0xF0,0x44,
};
const font_glyph_t glyph_116_16 = {116, 16, 6, 11, 6, 0, 11, font_116_16};

const unsigned char font_117_16[] = {
  0x4C,0xFF,0xFF,0x54,0x00,0x50,0xFF,0xFF,0x54,0x4C,0xFF,0xFF,0x54,0x00,0x50,0xFF,
  0xFF,0x54,0x4C,0xFF,0xFF,0x54,0x00,0x50,0xFF,0xFF,0x54,0x4C,0xFF,0xFF,0x54,0x00,
  0x50,0xFF,0xFF,0x54,0x4C,0xFF,0xFF,0x54,0x00,0x50,0xFF,0xFF,0x54,0x4B,0xFF,0xFF,
  0x54,0x00,0x50,0xFF,0xFF,0x54,0x3A,0xFF,0xFF,0x91,0x0F,0x92,0xFF,0xFF,0x54,0x09,
  0xED,0xFF,0xFF,0xFF,0xFF,0xFF,0xFF,0x54,0x00,0x40,0xD3,0xFC,0xD4,0x6B,0xFF,0xFF,
  0x54,
};
const font_glyph_t glyph_117_16 = {117, 16, 9, 9, 9, 0, 9, font_117_16};

const unsigned char font_118_16[] = {
  0xD2,0xFF,0xED,0x01,0x00,0xAB,0xFF,0xFE,0x18,0x82,0xFF,0xFF,0x28,0x00,0xE6,0xFF,
  0xC6,0x00,0x35,0xFF,0xFF,0x65,0x22,0xFF,0xFF,0x77,0x00,0x01,0xE5,0xFF,0x9F,0x5E,
  0xFF,0xFF,0x2A,0x00,0x00,0x99,0xFF,0xDB,0x9A,0xFF,0xDA,0x00,0x00,0x00,0x4A,0xFF,
  0xFF,0xE6,0xFF,0x8B,0x00,0x00,0x00,0x07,0xF5,0xFF,0xFF,0xFF,0x3E,0x00,0x00,0x00,
  0x00,0xAE,0xFF,0xFF,0xEB,0x03,0x00,0x00,0x00,0x00,0x5F,0xFF,0xFF,0x9F,0x00,0x00,
  0x00,
};
const font_glyph_t glyph_118_16 = {118, 16, 9, 9, 8, 0, 9, font_118_16};

const unsigned char font_119_16[] = {
  0xB7,0xFF,0xC8,0x00,0x40,0xFF,0xD8,0x00,0x30,0xFF,0xFF,0x50,0x7E,0xFF,0xEF,0x00,
  0x80,0xFF,0xFF,0x18,0x58,0xFF,0xFF,0x18,0x45,0xFF,0xFF,0x16,0xBF,0xFF,0xFF,0x57,
  0x82,0xFF,0xDE,0x00,0x0F,0xFE,0xFF,0x44,0xF6,0xF8,0xFF,0x97,0xAA,0xFF,0xA6,0x00,
  0x00,0xD3,0xFF,0xA2,0xFF,0x9B,0xF4,0xD7,0xD2,0xFF,0x6E,0x00,0x00,0x9B,0xFF,0xF8,
  0xFF,0x52,0xB5,0xFF,0xFB,0xFF,0x36,0x00,0x00,0x62,0xFF,0xFF,0xFD,0x11,0x74,0xFF,
  0xFF,0xF7,0x06,0x00,0x00,0x29,0xFF,0xFF,0xCB,0x00,0x30,0xFF,0xFF,0xC4,0x00,0x00,
  0x00,0x01,0xEF,0xFF,0x86,0x00,0x02,0xEB,0xFF,0x8C,0x00,0x00,
};
const font_glyph_t glyph_119_16 = {119, 16, 12, 9, 12, 0, 9, font_119_16};

const unsigned char font_120_16[] = {
  0x88,0xFF,0xFF,0x39,0x03,0xD9,0xFF,0xDC,0x04,0x13,0xF2,0xFF,0xB3,0x58,0xFF,0xFF,
  0x5E,0x00,0x00,0x84,0xFF,0xFF,0xE5,0xFF,0xD9,0x03,0x00,0x00,0x12,0xF2,0xFF,0xFF,
  0xFF,0x5C,0x00,0x00,0x00,0x00,0xB3,0xFF,0xFF,0xFC,0x0F,0x00,0x00,0x00,0x24,0xFC,
  0xFF,0xFF,0xFF,0x78,0x00,0x00,0x00,0xA3,0xFF,0xFA,0xCF,0xFF,0xEE,0x0E,0x00,0x27,
  0xFD,0xFF,0x9A,0x41,0xFF,0xFF,0x7C,0x00,0xA7,0xFF,0xFB,0x21,0x00,0xC4,0xFF,0xF0,
  0x10,
};
const font_glyph_t glyph_120_16 = {120, 16, 9, 9, 8, 0, 9, font_120_16};

const unsigned char font_121_16[] = {
  0x01,0xDF,0xFF,0xEA,0x02,0x00,0x9E,0xFF,0xFF,0x2F,0x00,0x88,0xFF,0xFF,0x34,0x01,
  0xE7,0xFF,0xD6,0x00,0x00,0x30,0xFF,0xFF,0x7A,0x31,0xFF,0xFF,0x7E,0x00,0x00,0x00,
  0xD9,0xFF,0xC2,0x7C,0xFF,0xFF,0x25,0x00,0x00,0x00,0x82,0xFF,0xFC,0xD2,0xFF,0xCC,
  0x00,0x00,0x00,0x00,0x2A,0xFF,0xFF,0xFF,0xFF,0x72,0x00,0x00,0x00,0x00,0x00,0xD2,
  0xFF,0xFF,0xFE,0x1C,0x00,0x00,0x00,0x00,0x00,0x7A,0xFF,0xFF,0xC2,0x00,0x00,0x00,
  0x00,0x00,0x00,0x31,0xFF,0xFF,0x68,0x00,0x00,0x00,0x00,0x00,0x0E,0x85,0xFF,0xFB,
  0x14,0x00,0x00,0x00,0x00,0x00,0xEC,0xFF,0xFF,0xA6,0x00,0x00,0x00,0x00,0x00,0x00,
  0xDD,0xF9,0xB2,0x14,0x00,0x00,0x00,0x00,
};
const font_glyph_t glyph_121_16 = {121, 16, 10, 12, 8, -1, 9, font_121_16};

const unsigned char font_122_16[] = {
  0x50,0xFF,0xFF,0xFF,0xFF,0xFF,0xFF,0xA0,0x50,0xFF,0xFF,0xFF,0xFF,0xFF,0xFF,0x82,
  0x03,0x08,0x08,0x17,0xE5,0xFF,0xD6,0x09,0x00,0x00,0x00,0xA5,0xFF,0xFA,0x32,0x00,
  0x00,0x00,0x59,0xFF,0xFF,0x79,0x00,0x00,0x00,0x1C,0xEF,0xFF,0xC4,0x03,0x00,0x00,
  0x02,0xBE,0xFF,0xF4,0x29,0x08,0x08,0x06,0x5F,0xFF,0xFF,0xFF,0xFF,0xFF,0xFF,0xB4,
  0x78,0xFF,0xFF,0xFF,0xFF,0xFF,0xFF,0xB4,
};
const font_glyph_t glyph_122_16 = {122, 16, 8, 9, 8, 0, 9, font_122_16};

const unsigned char font_123_16[] = {
  0x00,0x00,0x1E,0xAE,0x8D,0x00,0x0B,0xDE,0xFF,0x94,0x00,0x51,0xFF,0xF9,0x09,0x00,
  0x6B,0xFF,0xE2,0x00,0x00,0x6C,0xFF,0xE0,0x00,0x00,0x90,0xFF,0xCA,0x00,0x93,0xFE,
  0xF8,0x4A,0x00,0xB7,0xFF,0xD8,0x1C,0x00,0x0A,0xB9,0xFF,0xA5,0x00,0x00,0x6F,0xFF,
  0xDC,0x00,0x00,0x6C,0xFF,0xE0,0x00,0x00,0x68,0xFF,0xE3,0x00,0x00,0x40,0xFF,0xFB,
  0x0D,0x00,0x02,0xCB,0xFF,0x9C,0x00,0x00,0x14,0xA2,0x8C,
};
const font_glyph_t glyph_123_16 = {123, 16, 5, 15, 5, 0, 12, font_123_16};

const unsigned char font_124_16[] = {
  0xA4,0xC8,0xA4,0xC8,0xA4,0xC8,0xA4,0xC8,0xA4,0xC8,0xA4,0xC8,0xA4,0xC8,0xA4,0xC8,
  0xA4,0xC8,0xA4,0xC8,0xA4,0xC8,0xA4,0xC8,0xA4,0xC8,0xA4,0xC8,
};
const font_glyph_t glyph_124_16 = {124, 16, 2, 14, 4, 1, 12, font_124_16};

const unsigned char font_125_16[] = {
  0x5A,0xC5,0x3B,0x00,0x00,0x5E,0xFF,0xF8,0x2B,0x00,0x00,0xC6,0xFF,0x8A,0x00,0x00,
  0xA9,0xFF,0xA3,0x00,0x00,0xA8,0xFF,0xA4,0x00,0x00,0x91,0xFF,0xC9,0x01,0x00,0x23,
  0xE8,0xFF,0xCF,0x00,0x07,0xB3,0xFF,0xF5,0x00,0x6D,0xFF,0xE2,0x17,0x00,0xA4,0xFF,
  0xA8,0x00,0x00,0xA8,0xFF,0xA4,0x00,0x00,0xAB,0xFF,0xA0,0x00,0x00,0xCF,0xFF,0x78,
  0x00,0x63,0xFF,0xED,0x18,0x00,0x5A,0xC0,0x2C,0x00,0x00,
};
const font_glyph_t glyph_125_16 = {125, 16, 5, 15, 5, 0, 12, font_125_16};

const unsigned char font_126_16[] = {
  0x00,0x24,0xCE,0xFA,0xA3,0x0A,0x00,0x8F,0xFF,0x56,0x00,0xC6,0xFF,0xFF,0xFF,0xB7,
  0x1B,0xD7,0xFF,0x31,0x1D,0xFF,0xE8,0x1C,0xA0,0xFF,0xFF,0xFF,0xDA,0x02,0x3C,0xFB,
  0xA6,0x00,0x04,0x93,0xF8,0xD7,0x2F,0x00,
};
const font_glyph_t glyph_126_16 = {126, 16, 10, 4, 10, 0, 7, font_126_16};

const unsigned char font_1040_16[] = {
  0x00,0x00,0x00,0x00,0x0E,0xF7,0xFF,0xE6,0x03,0x00,0x00,0x00,0x00,0x00,0x00,0x00,
  0x5E,0xFF,0xFF,0xFF,0x42,0x00,0x00,0x00,0x00,0x00,0x00,0x00,0xB8,0xFF,0xFF,0xFF,
  0x9B,0x00,0x00,0x00,0x00,0x00,0x00,0x16,0xFC,0xFF,0xE7,0xFF,0xEF,0x07,0x00,0x00,
  0x00,0x00,0x00,0x6A,0xFF,0xFF,0x5B,0xFF,0xFF,0x4F,0x00,0x00,0x00,0x00,0x00,0xC4,
  0xFF,0xD4,0x03,0xEC,0xFF,0xA9,0x00,0x00,0x00,0x00,0x1D,0xFF,0xFF,0x89,0x00,0xA4,
  0xFF,0xF6,0x0C,0x00,0x00,0x00,0x76,0xFF,0xFF,0x5E,0x20,0x71,0xFF,0xFF,0x5B,0x00,
  0x00,0x00,0xD0,0xFF,0xFF,0xFF,0xFF,0xFF,0xFF,0xFF,0xB6,0x00,0x00,0x29,0xFF,0xFF,
  0xFF,0xFF,0xFF,0xFF,0xFF,0xFF,0xFC,0x14,0x00,0x82,0xFF,0xFF,0x5D,0x00,0x00,0x00,
  0x74,0xFF,0xFF,0x6A,0x00,0xDB,0xFF,0xFD,0x14,0x00,0x00,0x00,0x2A,0xFF,0xFF,0xC3,
  
};
const font_glyph_t glyph_1040_16 = {1040, 16, 12, 12, 11, -1, 12, font_1040_16};

const unsigned char font_1041_16[] = {
  0x40,0xFF,0xFF,0xFF,0xFF,0xFF,0xFF,0xFF,0x8C,0x00,0x40,0xFF,0xFF,0xFF,0xFF,0xFF,
  0xFF,0xFF,0x8C,0x00,0x40,0xFF,0xFF,0xC4,0x1C,0x1C,0x1C,0x1C,0x0F,0x00,0x40,0xFF,
  0xFF,0xC4,0x1C,0x15,0x01,0x00,0x00,0x00,0x40,0xFF,0xFF,0xFF,0xFF,0xFF,0xED,0x90,
  0x0D,0x00,0x40,0xFF,0xFF,0xFF,0xFF,0xFF,0xFF,0xFF,0xC6,0x04,0x40,0xFF,0xFF,0xBC,
  0x00,0x14,0xB1,0xFF,0xFF,0x57,0x40,0xFF,0xFF,0xBC,0x00,0x00,0x37,0xFF,0xFF,0x8D,
  0x40,0xFF,0xFF,0xBC,0x00,0x00,0x43,0xFF,0xFF,0x86,0x40,0xFF,0xFF,0xC4,0x1C,0x30,
  0xCB,0xFF,0xFF,0x44,0x40,0xFF,0xFF,0xFF,0xFF,0xFF,0xFF,0xFF,0xA8,0x00,0x40,0xFF,
  0xFF,0xFF,0xFF,0xF9,0xD2,0x6C,0x02,0x00,
};
const font_glyph_t glyph_1041_16 = {1041, 16, 10, 12, 10, 0, 12, font_1041_16};

const unsigned char font_1042_16[] = {
  0x20,0xFF,0xFF,0xFF,0xFF,0xF9,0xDA,0x90,0x15,0x00,0x20,0xFF,0xFF,0xFF,0xFF,0xFF,
  0xFF,0xFF,0xD8,0x09,0x20,0xFF,0xFF,0xA7,0x1C,0x2E,0xBB,0xFF,0xFF,0x53,0x20,0xFF,
  0xFF,0x9C,0x00,0x00,0x53,0xFF,0xFF,0x6C,0x20,0xFF,0xFF,0x9C,0x00,0x00,0x89,0xFF,
  0xFF,0x3D,0x20,0xFF,0xFF,0xF3,0xD8,0xE7,0xFF,0xFF,0x98,0x00,0x20,0xFF,0xFF,0xFF,
  0xFF,0xFF,0xFF,0xFF,0xAE,0x0A,0x20,0xFF,0xFF,0x9C,0x00,0x03,0x69,0xFF,0xFF,0x78,
  0x20,0xFF,0xFF,0x9C,0x00,0x00,0x13,0xFF,0xFF,0xA8,0x20,0xFF,0xFF,0xAA,0x1C,0x20,
  0x85,0xFF,0xFF,0x90,0x20,0xFF,0xFF,0xFF,0xFF,0xFF,0xFF,0xFF,0xF8,0x2C,0x20,0xFF,
  0xFF,0xFF,0xFF,0xFF,0xEC,0xB3,0x36,0x00,
};
const font_glyph_t glyph_1042_16 = {1042, 16, 10, 12, 10, 0, 12, font_1042_16};

const unsigned char font_1043_16[] = {
  0x24,0xFF,0xFF,0xFF,0xFF,0xFF,0xFF,0xFF,0x88,0x24,0xFF,0xFF,0xFF,0xFF,0xFF,0xFF,
  0xFF,0x88,0x24,0xFF,0xFF,0xA3,0x1C,0x1C,0x1C,0x1C,0x0F,0x24,0xFF,0xFF,0x98,0x00,
  0x00,0x00,0x00,0x00,0x24,0xFF,0xFF,0x98,0x00,0x00,0x00,0x00,0x00,0x24,0xFF,0xFF,
  0x98,0x00,0x00,0x00,0x00,0x00,0x24,0xFF,0xFF,0x98,0x00,0x00,0x00,0x00,0x00,0x24,
  0xFF,0xFF,0x98,0x00,0x00,0x00,0x00,0x00,0x24,0xFF,0xFF,0x98,0x00,0x00,0x00,0x00,
  0x00,0x24,0xFF,0xFF,0x98,0x00,0x00,0x00,0x00,0x00,0x24,0xFF,0xFF,0x98,0x00,0x00,
  0x00,0x00,0x00,0x24,0xFF,0xFF,0x98,0x00,0x00,0x00,0x00,0x00,
};
const font_glyph_t glyph_1043_16 = {1043, 16, 9, 12, 9, 0, 12, font_1043_16};

const unsigned char font_1044_16[] = {
  0x00,0x00,0x32,0xFF,0xFF,0xFF,0xFF,0xFF,0xFF,0xFF,0x94,0x00,0x00,0x00,0x42,0xFF,
  0xFF,0xFF,0xFF,0xFF,0xFF,0xFF,0x94,0x00,0x00,0x00,0x55,0xFF,0xFF,0x7C,0x1C,0x40,
  0xFF,0xFF,0x94,0x00,0x00,0x00,0x66,0xFF,0xFF,0x59,0x00,0x24,0xFF,0xFF,0x94,0x00,
  0x00,0x00,0x77,0xFF,0xFF,0x46,0x00,0x24,0xFF,0xFF,0x94,0x00,0x00,0x00,0x8B,0xFF,
  0xFF,0x33,0x00,0x24,0xFF,0xFF,0x94,0x00,0x00,0x00,0xA5,0xFF,0xFF,0x13,0x00,0x24,
  0xFF,0xFF,0x94,0x00,0x00,0x00,0xD2,0xFF,0xE2,0x00,0x00,0x24,0xFF,0xFF,0x94,0x00,
  0x00,0x21,0xFF,0xFF,0x98,0x00,0x00,0x24,0xFF,0xFF,0x94,0x00,0x2B,0xB4,0xFF,0xFF,
  0x47,0x1C,0x1C,0x40,0xFF,0xFF,0xA2,0x16,0xDA,0xFF,0xFF,0xFF,0xFF,0xFF,0xFF,0xFF,
  0xFF,0xFF,0xFF,0xC3,0xD1,0xFF,0xFF,0xFF,0xFF,0xFF,0xFF,0xFF,0xFF,0xFF,0xFF,0xB6,
  0xC8,0xFF,0xD8,0x00,0x00,0x00,0x00,0x00,0x00,0xF4,0xFF,0xA6,0xBE,0xFF,0xD8,0x00,
  0x00,0x00,0x00,0x00,0x00,0xF4,0xFF,0x9A,0xB5,0xFF,0xD8,0x00,0x00,0x00,0x00,0x00,
  0x00,0xF4,0xFF,0x8A,
};
const font_glyph_t glyph_1044_16 = {1044, 16, 12, 15, 12, 0, 12, font_1044_16};

const unsigned char font_1045_16[] = {
  0x20,0xFF,0xFF,0xFF,0xFF,0xFF,0xFF,0xFF,0xB8,0x20,0xFF,0xFF,0xFF,0xFF,0xFF,0xFF,
  0xFF,0xB8,0x20,0xFF,0xFF,0xAA,0x1C,0x1C,0x1C,0x1C,0x14,0x20,0xFF,0xFF,0x9C,0x00,
  0x00,0x00,0x00,0x00,0x20,0xFF,0xFF,0xA0,0x08,0x08,0x08,0x07,0x00,0x20,0xFF,0xFF,
  0xFF,0xFF,0xFF,0xFF,0xEC,0x00,0x20,0xFF,0xFF,0xFF,0xFF,0xFF,0xFF,0xEC,0x00,0x20,
  0xFF,0xFF,0x9C,0x00,0x00,0x00,0x00,0x00,0x20,0xFF,0xFF,0x9C,0x00,0x00,0x00,0x00,
  0x00,0x20,0xFF,0xFF,0xAA,0x1C,0x1C,0x1C,0x1C,0x14,0x20,0xFF,0xFF,0xFF,0xFF,0xFF,
  0xFF,0xFF,0xB4,0x20,0xFF,0xFF,0xFF,0xFF,0xFF,0xFF,0xFF,0xB4,
};
const font_glyph_t glyph_1045_16 = {1045, 16, 9, 12, 9, 0, 12, font_1045_16};

const unsigned char font_1046_16[] = {
  0x89,0xFF,0xFF,0xDC,0x02,0x00,0x00,0xE8,0xFF,0xD4,0x00,0x00,0x11,0xF6,0xFF,0xFF,
  0x5A,0x0F,0xEB,0xFF,0xFF,0x4A,0x00,0x00,0xE8,0xFF,0xD4,0x00,0x00,0x70,0xFF,0xFF,
  0xCC,0x01,0x00,0x6A,0xFF,0xFF,0xB4,0x00,0x00,0xE8,0xFF,0xD4,0x00,0x01,0xD6,0xFF,
  0xFF,0x41,0x00,0x00,0x04,0xD6,0xFF,0xFE,0x23,0x00,0xE8,0xFF,0xD4,0x00,0x3E,0xFF,
  0xFF,0xB6,0x00,0x00,0x00,0x00,0x4A,0xFF,0xFF,0x8D,0x00,0xE8,0xFF,0xD4,0x00,0xA6,
  0xFF,0xFD,0x2D,0x00,0x00,0x00,0x00,0x00,0xBA,0xFF,0xEF,0x78,0xF4,0xFF,0xEA,0x79,
  0xF9,0xFF,0x9E,0x00,0x00,0x00,0x00,0x00,0x00,0xA4,0xFF,0xFF,0xFF,0xFF,0xFF,0xFF,
  0xFF,0xFF,0xFF,0x8D,0x00,0x00,0x00,0x00,0x00,0x3C,0xFF,0xFF,0xFF,0xFF,0xFF,0xFF,
  0xFF,0xFF,0xFF,0xFF,0xFA,0x27,0x00,0x00,0x00,0x03,0xD1,0xFF,0xFF,0x5A,0x00,0xE8,
  0xFF,0xD4,0x00,0x75,0xFF,0xFF,0xB6,0x00,0x00,0x00,0x6C,0xFF,0xFF,0xD1,0x02,0x00,
  0xE8,0xFF,0xD4,0x00,0x0B,0xE8,0xFF,0xFF,0x49,0x00,0x15,0xEF,0xFF,0xFF,0x4B,0x00,
  0x00,0xE8,0xFF,0xD4,0x00,0x00,0x71,0xFF,0xFF,0xD9,0x05,0x9D,0xFF,0xFF,0xC3,0x00,
  0x00,0x00,0xE8,0xFF,0xD4,0x00,0x00,0x09,0xE7,0xFF,0xFF,0x72,
};
const font_glyph_t glyph_1046_16 = {1046, 16, 17, 12, 17, 0, 12, font_1046_16};

const unsigned char font_1047_16[] = {
  0x00,0x0C,0x82,0xD8,0xFA,0xF5,0xCB,0x69,0x02,0x00,0x05,0xC9,0xFF,0xFF,0xFF,0xFF,
  0xFF,0xFF,0x94,0x00,0x47,0xFF,0xFF,0xAD,0x27,0x3D,0xE6,0xFF,0xFC,0x0E,0x00,0x00,
  0x00,0x00,0x00,0x00,0xA0,0xFF,0xFF,0x23,0x00,0x00,0x00,0x04,0x08,0x24,0xE0,0xFF,
  0xDD,0x03,0x00,0x00,0x00,0x7C,0xFF,0xFF,0xFF,0xDE,0x2D,0x00,0x00,0x00,0x00,0x7C,
  0xFF,0xFF,0xFF,0xF5,0x63,0x00,0x00,0x00,0x00,0x00,0x00,0x13,0xBE,0xFF,0xFC,0x1F,
  0x00,0x00,0x00,0x00,0x00,0x00,0x73,0xFF,0xFF,0x50,0x74,0xFF,0xFF,0x98,0x26,0x36,
  0xD2,0xFF,0xFF,0x32,0x18,0xE5,0xFF,0xFF,0xFF,0xFF,0xFF,0xFF,0xB0,0x00,0x00,0x18,
  0x91,0xDC,0xFA,0xF5,0xCC,0x71,0x05,0x00,
};
const font_glyph_t glyph_1047_16 = {1047, 16, 10, 12, 10, 0, 12, font_1047_16};

const unsigned char font_1048_16[] = {
  0x48,0xFF,0xFF,0x74,0x00,0x00,0x00,0xB9,0xFF,0xFF,0x48,0x48,0xFF,0xFF,0x74,0x00,
  0x00,0x44,0xFF,0xFF,0xFF,0x48,0x48,0xFF,0xFF,0x74,0x00,0x01,0xCD,0xFF,0xFF,0xFF,
  0x48,0x48,0xFF,0xFF,0x74,0x00,0x58,0xFF,0xFF,0xFF,0xFF,0x48,0x48,0xFF,0xFF,0x74,
  0x06,0xDD,0xFF,0xEA,0xFF,0xFF,0x48,0x48,0xFF,0xFF,0x74,0x6D,0xFF,0xEB,0x82,0xFF,
  0xFF,0x48,0x48,0xFF,0xFF,0x81,0xEA,0xFF,0x6E,0x74,0xFF,0xFF,0x48,0x48,0xFF,0xFF,
  0xE9,0xFF,0xDE,0x06,0x74,0xFF,0xFF,0x48,0x48,0xFF,0xFF,0xFF,0xFF,0x59,0x00,0x74,
  0xFF,0xFF,0x48,0x48,0xFF,0xFF,0xFF,0xCE,0x01,0x00,0x74,0xFF,0xFF,0x48,0x48,0xFF,
  0xFF,0xFF,0x44,0x00,0x00,0x74,0xFF,0xFF,0x48,0x48,0xFF,0xFF,0xB9,0x00,0x00,0x00,
  0x74,0xFF,0xFF,0x48,
};
const font_glyph_t glyph_1048_16 = {1048, 16, 11, 12, 11, 0, 12, font_1048_16};

const unsigned char font_1049_16[] = {
  0x00,0x00,0x44,0xFF,0xC5,0x6B,0xC0,0xFF,0x50,0x00,0x00,0x00,0x00,0x00,0x79,0xE3,
  0xFE,0xE4,0x7E,0x01,0x00,0x00,0x00,0x00,0x00,0x00,0x00,0x00,0x00,0x00,0x00,0x00,
  0x00,0x48,0xFF,0xFF,0x74,0x00,0x00,0x00,0xB9,0xFF,0xFF,0x48,0x48,0xFF,0xFF,0x74,
  0x00,0x00,0x44,0xFF,0xFF,0xFF,0x48,0x48,0xFF,0xFF,0x74,0x00,0x01,0xCD,0xFF,0xFF,
  0xFF,0x48,0x48,0xFF,0xFF,0x74,0x00,0x58,0xFF,0xFF,0xFF,0xFF,0x48,0x48,0xFF,0xFF,
  0x74,0x06,0xDD,0xFF,0xEA,0xFF,0xFF,0x48,0x48,0xFF,0xFF,0x74,0x6D,0xFF,0xEB,0x82,
  0xFF,0xFF,0x48,0x48,0xFF,0xFF,0x81,0xEA,0xFF,0x6E,0x74,0xFF,0xFF,0x48,0x48,0xFF,
  0xFF,0xE9,0xFF,0xDE,0x06,0x74,0xFF,0xFF,0x48,0x48,0xFF,0xFF,0xFF,0xFF,0x59,0x00,
  0x74,0xFF,0xFF,0x48,0x48,0xFF,0xFF,0xFF,0xCE,0x01,0x00,0x74,0xFF,0xFF,0x48,0x48,
  0xFF,0xFF,0xFF,0x44,0x00,0x00,0x74,0xFF,0xFF,0x48,0x48,0xFF,0xFF,0xB9,0x00,0x00,
  0x00,0x74,0xFF,0xFF,0x48,
};
const font_glyph_t glyph_1049_16 = {1049, 16, 11, 15, 11, 0, 15, font_1049_16};

const unsigned char font_1050_16[] = {
  0x24,0xFF,0xFF,0x98,0x00,0x00,0x66,0xFF,0xFF,0xD8,0x05,0x24,0xFF,0xFF,0x98,0x00,
  0x04,0xDE,0xFF,0xFF,0x48,0x00,0x24,0xFF,0xFF,0x98,0x00,0x5E,0xFF,0xFF,0xB2,0x00,
  0x00,0x24,0xFF,0xFF,0x98,0x02,0xD8,0xFF,0xF9,0x24,0x00,0x00,0x24,0xFF,0xFF,0xCB,
  0x99,0xFF,0xFF,0x87,0x00,0x00,0x00,0x24,0xFF,0xFF,0xFF,0xFF,0xFF,0xFF,0x28,0x00,
  0x00,0x00,0x24,0xFF,0xFF,0xFF,0xFF,0xFF,0xFF,0x9C,0x00,0x00,0x00,0x24,0xFF,0xFF,
  0x98,0x04,0xDD,0xFF,0xFC,0x28,0x00,0x00,0x24,0xFF,0xFF,0x98,0x00,0x64,0xFF,0xFF,
  0xAD,0x00,0x00,0x24,0xFF,0xFF,0x98,0x00,0x06,0xE2,0xFF,0xFF,0x36,0x00,0x24,0xFF,
  0xFF,0x98,0x00,0x00,0x6C,0xFF,0xFF,0xBE,0x00,0x24,0xFF,0xFF,0x98,0x00,0x00,0x08,
  0xE7,0xFF,0xFF,0x47,
};
const font_glyph_t glyph_1050_16 = {1050, 16, 11, 12, 10, 0, 12, font_1050_16};

const unsigned char font_1051_16[] = {
  0x00,0x00,0x80,0xFF,0xFF,0xFF,0xFF,0xFF,0xFF,0xFF,0x70,0x00,0x00,0x85,0xFF,0xFF,
  0xFF,0xFF,0xFF,0xFF,0xFF,0x70,0x00,0x00,0x8E,0xFF,0xFF,0x3D,0x1C,0x61,0xFF,0xFF,
  0x70,0x00,0x00,0x96,0xFF,0xFF,0x14,0x00,0x4C,0xFF,0xFF,0x70,0x00,0x00,0x9E,0xFF,
  0xFF,0x08,0x00,0x4C,0xFF,0xFF,0x70,0x00,0x00,0xA8,0xFF,0xFB,0x00,0x00,0x4C,0xFF,
  0xFF,0x70,0x00,0x00,0xB7,0xFF,0xEE,0x00,0x00,0x4C,0xFF,0xFF,0x70,0x00,0x00,0xD6,
  0xFF,0xD7,0x00,0x00,0x4C,0xFF,0xFF,0x70,0x00,0x13,0xFD,0xFF,0xB0,0x00,0x00,0x4C,
  0xFF,0xFF,0x70,0x1D,0xA5,0xFF,0xFF,0x6D,0x00,0x00,0x4C,0xFF,0xFF,0x70,0xB4,0xFF,
  0xFF,0xE9,0x10,0x00,0x00,0x4C,0xFF,0xFF,0x70,0xB4,0xF5,0xBD,0x2D,0x00,0x00,0x00,
  0x4C,0xFF,0xFF,0x70,
};
const font_glyph_t glyph_1051_16 = {1051, 16, 11, 12, 11, 0, 12, font_1051_16};

const unsigned char font_1052_16[] = {
  0x20,0xFF,0xFF,0xFF,0x9F,0x00,0x00,0x00,0x00,0x9A,0xFF,0xFF,0xFF,0x24,0x20,0xFF,
  0xFF,0xFF,0xEB,0x02,0x00,0x00,0x02,0xE8,0xFF,0xFF,0xFF,0x24,0x20,0xFF,0xFF,0xFF,
  0xFF,0x3A,0x00,0x00,0x38,0xFF,0xFF,0xFF,0xFF,0x24,0x20,0xFF,0xFF,0xF6,0xFF,0x87,
  0x00,0x00,0x86,0xFF,0xF6,0xFF,0xFF,0x24,0x20,0xFF,0xFF,0xB7,0xFF,0xD6,0x00,0x00,
  0xD4,0xFF,0xB7,0xFF,0xFF,0x24,0x20,0xFF,0xFF,0x7A,0xF5,0xFF,0x23,0x22,0xFF,0xF7,
  0x7A,0xFF,0xFF,0x24,0x20,0xFF,0xFF,0x7C,0xAE,0xFF,0x71,0x70,0xFF,0xAE,0x7B,0xFF,
  0xFF,0x24,0x20,0xFF,0xFF,0x88,0x5A,0xFF,0xBE,0xBE,0xFF,0x5C,0x87,0xFF,0xFF,0x24,
  0x20,0xFF,0xFF,0x94,0x0F,0xF9,0xFC,0xFC,0xFA,0x10,0x94,0xFF,0xFF,0x24,0x20,0xFF,
  0xFF,0x9C,0x00,0xB6,0xFF,0xFF,0xB6,0x00,0x9C,0xFF,0xFF,0x24,0x20,0xFF,0xFF,0x9C,
  0x00,0x64,0xFF,0xFF,0x64,0x00,0x9C,0xFF,0xFF,0x24,0x20,0xFF,0xFF,0x9C,0x00,0x15,
  0xFD,0xFD,0x15,0x00,0x9C,0xFF,0xFF,0x24,
};
const font_glyph_t glyph_1052_16 = {1052, 16, 14, 12, 14, 0, 12, font_1052_16};

const unsigned char font_1053_16[] = {
  0x20,0xFF,0xFF,0x9C,0x00,0x00,0x00,0x5C,0xFF,0xFF,0x60,0x20,0xFF,0xFF,0x9C,0x00,
  0x00,0x00,0x5C,0xFF,0xFF,0x60,0x20,0xFF,0xFF,0x9C,0x00,0x00,0x00,0x5C,0xFF,0xFF,
  0x60,0x20,0xFF,0xFF,0x9C,0x00,0x00,0x00,0x5C,0xFF,0xFF,0x60,0x20,0xFF,0xFF,0xAA,
  0x1C,0x1C,0x1C,0x71,0xFF,0xFF,0x60,0x20,0xFF,0xFF,0xFF,0xFF,0xFF,0xFF,0xFF,0xFF,
  0xFF,0x60,0x20,0xFF,0xFF,0xFF,0xFF,0xFF,0xFF,0xFF,0xFF,0xFF,0x60,0x20,0xFF,0xFF,
  0x9C,0x00,0x00,0x00,0x5C,0xFF,0xFF,0x60,0x20,0xFF,0xFF,0x9C,0x00,0x00,0x00,0x5C,
  0xFF,0xFF,0x60,0x20,0xFF,0xFF,0x9C,0x00,0x00,0x00,0x5C,0xFF,0xFF,0x60,0x20,0xFF,
  0xFF,0x9C,0x00,0x00,0x00,0x5C,0xFF,0xFF,0x60,0x20,0xFF,0xFF,0x9C,0x00,0x00,0x00,
  0x5C,0xFF,0xFF,0x60,
};
const font_glyph_t glyph_1053_16 = {1053, 16, 11, 12, 11, 0, 12, font_1053_16};

const unsigned char font_1054_16[] = {
  0x00,0x00,0x15,0x94,0xE4,0xFE,0xE7,0x98,0x18,0x00,0x00,0x00,0x1D,0xE1,0xFF,0xFF,
  0xFF,0xFF,0xFF,0xE5,0x21,0x00,0x00,0xB3,0xFF,0xFF,0x79,0x2C,0x76,0xFF,0xFF,0xBE,
  0x00,0x21,0xFF,0xFF,0xB3,0x00,0x00,0x00,0xA9,0xFF,0xFF,0x2B,0x5B,0xFF,0xFF,0x70,
  0x00,0x00,0x00,0x63,0xFF,0xFF,0x66,0x71,0xFF,0xFF,0x5B,0x00,0x00,0x00,0x4B,0xFF,
  0xFF,0x7D,0x71,0xFF,0xFF,0x5B,0x00,0x00,0x00,0x4B,0xFF,0xFF,0x7D,0x5B,0xFF,0xFF,
  0x72,0x00,0x00,0x00,0x64,0xFF,0xFF,0x66,0x21,0xFF,0xFF,0xB6,0x00,0x00,0x00,0xAC,
  0xFF,0xFF,0x2B,0x00,0xB3,0xFF,0xFF,0x7A,0x2C,0x74,0xFF,0xFF,0xBF,0x00,0x00,0x1B,
  0xE1,0xFF,0xFF,0xFF,0xFF,0xFF,0xE5,0x21,0x00,0x00,0x00,0x15,0x94,0xE4,0xFE,0xE8,
  0x98,0x18,0x00,0x00,
};
const font_glyph_t glyph_1054_16 = {1054, 16, 11, 12, 11, 0, 12, font_1054_16};

const unsigned char font_1055_16[] = {
  0x24,0xFF,0xFF,0xFF,0xFF,0xFF,0xFF,0xFF,0xFF,0xFF,0x6C,0x24,0xFF,0xFF,0xFF,0xFF,
  0xFF,0xFF,0xFF,0xFF,0xFF,0x6C,0x24,0xFF,0xFF,0xA3,0x1C,0x1C,0x1C,0x67,0xFF,0xFF,
  0x6C,0x24,0xFF,0xFF,0x98,0x00,0x00,0x00,0x54,0xFF,0xFF,0x6C,0x24,0xFF,0xFF,0x98,
  0x00,0x00,0x00,0x54,0xFF,0xFF,0x6C,0x24,0xFF,0xFF,0x98,0x00,0x00,0x00,0x54,0xFF,
  0xFF,0x6C,0x24,0xFF,0xFF,0x98,0x00,0x00,0x00,0x54,0xFF,0xFF,0x6C,0x24,0xFF,0xFF,
  0x98,0x00,0x00,0x00,0x54,0xFF,0xFF,0x6C,0x24,0xFF,0xFF,0x98,0x00,0x00,0x00,0x54,
  0xFF,0xFF,0x6C,0x24,0xFF,0xFF,0x98,0x00,0x00,0x00,0x54,0xFF,0xFF,0x6C,0x24,0xFF,
  0xFF,0x98,0x00,0x00,0x00,0x54,0xFF,0xFF,0x6C,0x24,0xFF,0xFF,0x98,0x00,0x00,0x00,
  0x54,0xFF,0xFF,0x6C,
};
const font_glyph_t glyph_1055_16 = {1055, 16, 11, 12, 11, 0, 12, font_1055_16};

const unsigned char font_1056_16[] = {
  0x20,0xFF,0xFF,0xFF,0xFF,0xFD,0xE4,0x94,0x14,0x00,0x20,0xFF,0xFF,0xFF,0xFF,0xFF,
  0xFF,0xFF,0xDA,0x10,0x20,0xFF,0xFF,0xA7,0x1C,0x21,0x96,0xFF,0xFF,0x81,0x20,0xFF,
  0xFF,0x9C,0x00,0x00,0x0D,0xFE,0xFF,0xC2,0x20,0xFF,0xFF,0x9C,0x00,0x00,0x06,0xFB,
  0xFF,0xC8,0x20,0xFF,0xFF,0xAC,0x20,0x25,0x8D,0xFF,0xFF,0x91,0x20,0xFF,0xFF,0xFF,
  0xFF,0xFF,0xFF,0xFF,0xE8,0x1B,0x20,0xFF,0xFF,0xFF,0xFF,0xFE,0xE6,0x9E,0x1D,0x00,
  0x20,0xFF,0xFF,0x9C,0x00,0x00,0x00,0x00,0x00,0x00,0x20,0xFF,0xFF,0x9C,0x00,0x00,
  0x00,0x00,0x00,0x00,0x20,0xFF,0xFF,0x9C,0x00,0x00,0x00,0x00,0x00,0x00,0x20,0xFF,
  0xFF,0x9C,0x00,0x00,0x00,0x00,0x00,0x00,
};
const font_glyph_t glyph_1056_16 = {1056, 16, 10, 12, 10, 0, 12, font_1056_16};

const unsigned char font_1057_16[] = {
  0x00,0x00,0x23,0xA6,0xED,0xFC,0xE5,0x9E,0x1F,0x00,0x00,0x00,0x2A,0xEE,0xFF,0xFF,
  0xFF,0xFF,0xFF,0xEC,0x25,0x00,0x00,0xC2,0xFF,0xFA,0x61,0x2C,0x69,0xFC,0xFF,0xB4,
  0x00,0x27,0xFF,0xFF,0x9E,0x00,0x00,0x00,0xB8,0xFF,0xFA,0x07,0x5E,0xFF,0xFF,0x65,
  0x00,0x00,0x00,0x00,0x00,0x00,0x00,0x72,0xFF,0xFF,0x55,0x00,0x00,0x00,0x00,0x00,
  0x00,0x00,0x72,0xFF,0xFF,0x55,0x00,0x00,0x00,0x00,0x00,0x00,0x00,0x5F,0xFF,0xFF,
  0x63,0x00,0x00,0x00,0x00,0x00,0x00,0x00,0x2B,0xFF,0xFF,0x97,0x00,0x00,0x00,0xBE,
  0xFF,0xFC,0x06,0x00,0xCB,0xFF,0xF7,0x5D,0x2E,0x72,0xFD,0xFF,0xB9,0x00,0x00,0x30,
  0xF2,0xFF,0xFF,0xFF,0xFF,0xFF,0xEE,0x2A,0x00,0x00,0x00,0x27,0xA9,0xED,0xFD,0xE6,
  0x9E,0x21,0x00,0x00,
};
const font_glyph_t glyph_1057_16 = {1057, 16, 11, 12, 11, 0, 12, font_1057_16};

const unsigned char font_1058_16[] = {
  0xB4,0xFF,0xFF,0xFF,0xFF,0xFF,0xFF,0xFF,0xFF,0xCC,0xB4,0xFF,0xFF,0xFF,0xFF,0xFF,
  0xFF,0xFF,0xFF,0xCC,0x14,0x1C,0x1C,0x71,0xFF,0xFF,0x75,0x1C,0x1C,0x16,0x00,0x00,
  0x00,0x5C,0xFF,0xFF,0x60,0x00,0x00,0x00,0x00,0x00,0x00,0x5C,0xFF,0xFF,0x60,0x00,
  0x00,0x00,0x00,0x00,0x00,0x5C,0xFF,0xFF,0x60,0x00,0x00,0x00,0x00,0x00,0x00,0x5C,
  0xFF,0xFF,0x60,0x00,0x00,0x00,0x00,0x00,0x00,0x5C,0xFF,0xFF,0x60,0x00,0x00,0x00,
  0x00,0x00,0x00,0x5C,0xFF,0xFF,0x60,0x00,0x00,0x00,0x00,0x00,0x00,0x5C,0xFF,0xFF,
  0x60,0x00,0x00,0x00,0x00,0x00,0x00,0x5C,0xFF,0xFF,0x60,0x00,0x00,0x00,0x00,0x00,
  0x00,0x5C,0xFF,0xFF,0x60,0x00,0x00,0x00,
};
const font_glyph_t glyph_1058_16 = {1058, 16, 10, 12, 10, 0, 12, font_1058_16};

const unsigned char font_1059_16[] = {
  0xB8,0xFF,0xFF,0x2F,0x00,0x00,0x0F,0xF8,0xFF,0xDB,0x01,0x3B,0xFF,0xFF,0xA1,0x00,
  0x00,0x64,0xFF,0xFF,0x73,0x00,0x00,0xBC,0xFF,0xFB,0x1B,0x00,0xC1,0xFF,0xF8,0x12,
  0x00,0x00,0x3C,0xFF,0xFF,0x89,0x20,0xFF,0xFF,0xA1,0x00,0x00,0x00,0x00,0xBC,0xFF,
  0xF1,0x89,0xFF,0xFF,0x39,0x00,0x00,0x00,0x00,0x40,0xFF,0xFF,0xFF,0xFF,0xCF,0x00,
  0x00,0x00,0x00,0x00,0x00,0xC0,0xFF,0xFF,0xFF,0x67,0x00,0x00,0x00,0x00,0x00,0x00,
  0x40,0xFF,0xFF,0xF2,0x0C,0x00,0x00,0x00,0x00,0x00,0x00,0x02,0xF5,0xFF,0x95,0x00,
  0x00,0x00,0x00,0x00,0x00,0x21,0x75,0xFF,0xFE,0x29,0x00,0x00,0x00,0x00,0x00,0x00,
  0xF9,0xFF,0xFF,0x9D,0x00,0x00,0x00,0x00,0x00,0x00,0x00,0xF2,0xEF,0x94,0x08,0x00,
  0x00,0x00,0x00,0x00,
};
const font_glyph_t glyph_1059_16 = {1059, 16, 11, 12, 10, 0, 12, font_1059_16};

const unsigned char font_1060_16[] = {
  0x00,0x00,0x00,0x00,0x00,0x94,0xFF,0xFF,0x0C,0x00,0x00,0x00,0x00,0x00,0x00,0x2A,
  0xA9,0xEE,0xFF,0xFF,0xFF,0xFB,0xD1,0x69,0x02,0x00,0x00,0x3D,0xF6,0xFF,0xFF,0xFF,
  0xFF,0xFF,0xFF,0xFF,0xFF,0xA6,0x01,0x04,0xDF,0xFF,0xF1,0x63,0xAD,0xFF,0xFF,0x4D,
  0xB8,0xFF,0xFF,0x56,0x44,0xFF,0xFF,0x6A,0x00,0x94,0xFF,0xFF,0x0C,0x0B,0xEE,0xFF,
  0xB5,0x71,0xFF,0xFF,0x27,0x00,0x94,0xFF,0xFF,0x0C,0x00,0xB8,0xFF,0xE0,0x73,0xFF,
  0xFF,0x24,0x00,0x94,0xFF,0xFF,0x0C,0x00,0xB3,0xFF,0xE2,0x4D,0xFF,0xFF,0x62,0x00,
  0x94,0xFF,0xFF,0x0C,0x09,0xE9,0xFF,0xBA,0x08,0xE8,0xFF,0xEE,0x63,0xAD,0xFF,0xFF,
  0x4C,0xB3,0xFF,0xFF,0x5E,0x00,0x48,0xF9,0xFF,0xFF,0xFF,0xFF,0xFF,0xFF,0xFF,0xFF,
  0xB0,0x02,0x00,0x00,0x2F,0xAE,0xEF,0xFF,0xFF,0xFF,0xFB,0xD3,0x6F,0x03,0x00,0x00,
  0x00,0x00,0x00,0x00,0x94,0xFF,0xFF,0x0C,0x00,0x00,0x00,0x00,
};
const font_glyph_t glyph_1060_16 = {1060, 16, 13, 12, 13, 0, 12, font_1060_16};

const unsigned char font_1061_16[] = {
  0x9C,0xFF,0xFF,0x7C,0x00,0x00,0x44,0xFF,0xFF,0xD1,0x02,0x1C,0xF7,0xFF,0xEA,0x09,
  0x00,0xBC,0xFF,0xFF,0x4B,0x00,0x00,0x8B,0xFF,0xFF,0x6B,0x33,0xFF,0xFF,0xC2,0x00,
  0x00,0x00,0x12,0xF0,0xFF,0xDE,0xAE,0xFF,0xFF,0x3A,0x00,0x00,0x00,0x00,0x7A,0xFF,
  0xFF,0xFF,0xFF,0xB2,0x00,0x00,0x00,0x00,0x00,0x0A,0xE7,0xFF,0xFF,0xFE,0x2C,0x00,
  0x00,0x00,0x00,0x00,0x11,0xEF,0xFF,0xFF,0xFF,0x39,0x00,0x00,0x00,0x00,0x00,0x8B,
  0xFF,0xFF,0xFF,0xFF,0xC2,0x00,0x00,0x00,0x00,0x1C,0xF7,0xFF,0xD7,0xA2,0xFF,0xFF,
  0x4C,0x00,0x00,0x00,0x9F,0xFF,0xFF,0x60,0x28,0xFE,0xFF,0xD4,0x03,0x00,0x2B,0xFD,
  0xFF,0xE2,0x05,0x00,0xAF,0xFF,0xFF,0x60,0x00,0xB3,0xFF,0xFF,0x6F,0x00,0x00,0x34,
  0xFF,0xFF,0xE1,0x09,
};
const font_glyph_t glyph_1061_16 = {1061, 16, 11, 12, 10, 0, 12, font_1061_16};

const unsigned char font_1062_16[] = {
  0x54,0xFF,0xFF,0x68,0x00,0x00,0x00,0x80,0xFF,0xFF,0x40,0x00,0x54,0xFF,0xFF,0x68,
  0x00,0x00,0x00,0x80,0xFF,0xFF,0x40,0x00,0x54,0xFF,0xFF,0x68,0x00,0x00,0x00,0x80,
  0xFF,0xFF,0x40,0x00,0x54,0xFF,0xFF,0x68,0x00,0x00,0x00,0x80,0xFF,0xFF,0x40,0x00,
  0x54,0xFF,0xFF,0x68,0x00,0x00,0x00,0x80,0xFF,0xFF,0x40,0x00,0x54,0xFF,0xFF,0x68,
  0x00,0x00,0x00,0x80,0xFF,0xFF,0x40,0x00,0x54,0xFF,0xFF,0x68,0x00,0x00,0x00,0x80,
  0xFF,0xFF,0x40,0x00,0x54,0xFF,0xFF,0x68,0x00,0x00,0x00,0x80,0xFF,0xFF,0x40,0x00,
  0x54,0xFF,0xFF,0x68,0x00,0x00,0x00,0x80,0xFF,0xFF,0x40,0x00,0x54,0xFF,0xFF,0x79,
  0x1C,0x1C,0x1C,0x8E,0xFF,0xFF,0x52,0x18,0x54,0xFF,0xFF,0xFF,0xFF,0xFF,0xFF,0xFF,
  0xFF,0xFF,0xFF,0xF8,0x54,0xFF,0xFF,0xFF,0xFF,0xFF,0xFF,0xFF,0xFF,0xFF,0xFF,0xF0,
  0x00,0x00,0x00,0x00,0x00,0x00,0x00,0x00,0x00,0xC4,0xFF,0xE8,0x00,0x00,0x00,0x00,
  0x00,0x00,0x00,0x00,0x00,0xC4,0xFF,0xE0,0x00,0x00,0x00,0x00,0x00,0x00,0x00,0x00,
  0x00,0xC4,0xFF,0xD8,
};
const font_glyph_t glyph_1062_16 = {1062, 16, 12, 15, 12, 0, 12, font_1062_16};

const unsigned char font_1063_16[] = {
  0xF4,0xFF,0xCC,0x00,0x00,0x00,0x64,0xFF,0xFF,0x58,0xF4,0xFF,0xCC,0x00,0x00,0x00,
  0x64,0xFF,0xFF,0x58,0xF4,0xFF,0xCC,0x00,0x00,0x00,0x64,0xFF,0xFF,0x58,0xF4,0xFF,
  0xCC,0x00,0x00,0x00,0x64,0xFF,0xFF,0x58,0xE6,0xFF,0xDB,0x00,0x00,0x00,0x64,0xFF,
  0xFF,0x58,0xA9,0xFF,0xFF,0x73,0x23,0x25,0x88,0xFF,0xFF,0x58,0x26,0xEE,0xFF,0xFF,
  0xFF,0xFF,0xFF,0xFF,0xFF,0x58,0x00,0x21,0x9C,0xE2,0xFD,0xF4,0xEE,0xFF,0xFF,0x58,
  0x00,0x00,0x00,0x00,0x00,0x00,0x64,0xFF,0xFF,0x58,0x00,0x00,0x00,0x00,0x00,0x00,
  0x64,0xFF,0xFF,0x58,0x00,0x00,0x00,0x00,0x00,0x00,0x64,0xFF,0xFF,0x58,0x00,0x00,
  0x00,0x00,0x00,0x00,0x64,0xFF,0xFF,0x58,
};
const font_glyph_t glyph_1063_16 = {1063, 16, 10, 12, 11, 1, 12, font_1063_16};

const unsigned char font_1064_16[] = {
  0x30,0xFF,0xFF,0x90,0x00,0x00,0x9C,0xFF,0xFF,0x20,0x00,0x14,0xFF,0xFF,0xA8,0x30,
  0xFF,0xFF,0x90,0x00,0x00,0x9C,0xFF,0xFF,0x20,0x00,0x14,0xFF,0xFF,0xA8,0x30,0xFF,
  0xFF,0x90,0x00,0x00,0x9C,0xFF,0xFF,0x20,0x00,0x14,0xFF,0xFF,0xA8,0x30,0xFF,0xFF,
  0x90,0x00,0x00,0x9C,0xFF,0xFF,0x20,0x00,0x14,0xFF,0xFF,0xA8,0x30,0xFF,0xFF,0x90,
  0x00,0x00,0x9C,0xFF,0xFF,0x20,0x00,0x14,0xFF,0xFF,0xA8,0x30,0xFF,0xFF,0x90,0x00,
  0x00,0x9C,0xFF,0xFF,0x20,0x00,0x14,0xFF,0xFF,0xA8,0x30,0xFF,0xFF,0x90,0x00,0x00,
  0x9C,0xFF,0xFF,0x20,0x00,0x14,0xFF,0xFF,0xA8,0x30,0xFF,0xFF,0x90,0x00,0x00,0x9C,
  0xFF,0xFF,0x20,0x00,0x14,0xFF,0xFF,0xA8,0x30,0xFF,0xFF,0x90,0x00,0x00,0x9C,0xFF,
  0xFF,0x20,0x00,0x14,0xFF,0xFF,0xA8,0x30,0xFF,0xFF,0x9C,0x1C,0x1C,0xA7,0xFF,0xFF,
  0x39,0x1C,0x2E,0xFF,0xFF,0xA8,0x30,0xFF,0xFF,0xFF,0xFF,0xFF,0xFF,0xFF,0xFF,0xFF,
  0xFF,0xFF,0xFF,0xFF,0xA8,0x30,0xFF,0xFF,0xFF,0xFF,0xFF,0xFF,0xFF,0xFF,0xFF,0xFF,
  0xFF,0xFF,0xFF,0xA8,
};
const font_glyph_t glyph_1064_16 = {1064, 16, 15, 12, 15, 0, 12, font_1064_16};

const unsigned char font_1065_16[] = {
  0x30,0xFF,0xFF,0x90,0x00,0x00,0x9C,0xFF,0xFF,0x20,0x00,0x14,0xFF,0xFF,0xA8,0x00,
  0x00,0x30,0xFF,0xFF,0x90,0x00,0x00,0x9C,0xFF,0xFF,0x20,0x00,0x14,0xFF,0xFF,0xA8,
  0x00,0x00,0x30,0xFF,0xFF,0x90,0x00,0x00,0x9C,0xFF,0xFF,0x20,0x00,0x14,0xFF,0xFF,
  0xA8,0x00,0x00,0x30,0xFF,0xFF,0x90,0x00,0x00,0x9C,0xFF,0xFF,0x20,0x00,0x14,0xFF,
  0xFF,0xA8,0x00,0x00,0x30,0xFF,0xFF,0x90,0x00,0x00,0x9C,0xFF,0xFF,0x20,0x00,0x14,
  0xFF,0xFF,0xA8,0x00,0x00,0x30,0xFF,0xFF,0x90,0x00,0x00,0x9C,0xFF,0xFF,0x20,0x00,
  0x14,0xFF,0xFF,0xA8,0x00,0x00,0x30,0xFF,0xFF,0x90,0x00,0x00,0x9C,0xFF,0xFF,0x20,
  0x00,0x14,0xFF,0xFF,0xA8,0x00,0x00,0x30,0xFF,0xFF,0x90,0x00,0x00,0x9C,0xFF,0xFF,
  0x20,0x00,0x14,0xFF,0xFF,0xA8,0x00,0x00,0x30,0xFF,0xFF,0x90,0x00,0x00,0x9C,0xFF,
  0xFF,0x20,0x00,0x14,0xFF,0xFF,0xA8,0x00,0x00,0x30,0xFF,0xFF,0x9C,0x1C,0x1C,0xA7,
  0xFF,0xFF,0x39,0x1C,0x2E,0xFF,0xFF,0xAC,0x08,0x03,0x30,0xFF,0xFF,0xFF,0xFF,0xFF,
  0xFF,0xFF,0xFF,0xFF,0xFF,0xFF,0xFF,0xFF,0xFF,0xFF,0x50,0x30,0xFF,0xFF,0xFF,0xFF,
  0xFF,0xFF,0xFF,0xFF,0xFF,0xFF,0xFF,0xFF,0xFF,0xFF,0xFF,0x48,0x00,0x00,0x00,0x00,
  0x00,0x00,0x00,0x00,0x00,0x00,0x00,0x00,0x00,0x4C,0xFF,0xFF,0x40,0x00,0x00,0x00,
  0x00,0x00,0x00,0x00,0x00,0x00,0x00,0x00,0x00,0x00,0x4C,0xFF,0xFF,0x38,0x00,0x00,
  0x00,0x00,0x00,0x00,0x00,0x00,0x00,0x00,0x00,0x00,0x00,0x4C,0xFF,0xFF,0x30,
};
const font_glyph_t glyph_1065_16 = {1065, 16, 17, 15, 17, 0, 12, font_1065_16};

const unsigned char font_1066_16[] = {
  0xC8,0xFF,0xFF,0xFF,0xFF,0xFF,0x1C,0x00,0x00,0x00,0x00,0x00,0x00,0xC8,0xFF,0xFF,
  0xFF,0xFF,0xFF,0x1C,0x00,0x00,0x00,0x00,0x00,0x00,0x06,0x08,0x08,0xA8,0xFF,0xFF,
  0x1C,0x00,0x00,0x00,0x00,0x00,0x00,0x00,0x00,0x00,0xA4,0xFF,0xFF,0x38,0x1B,0x09,
  0x00,0x00,0x00,0x00,0x00,0x00,0x00,0xA4,0xFF,0xFF,0xFF,0xFF,0xFE,0xC4,0x40,0x00,
  0x00,0x00,0x00,0x00,0xA4,0xFF,0xFF,0xFF,0xFF,0xFF,0xFF,0xFC,0x48,0x00,0x00,0x00,
  0x00,0xA4,0xFF,0xFF,0x1C,0x04,0x4D,0xFB,0xFF,0xD1,0x00,0x00,0x00,0x00,0xA4,0xFF,
  0xFF,0x1C,0x00,0x00,0xBD,0xFF,0xFF,0x09,0x00,0x00,0x00,0xA4,0xFF,0xFF,0x1C,0x00,
  0x00,0xCA,0xFF,0xFD,0x05,0x00,0x00,0x00,0xA4,0xFF,0xFF,0x35,0x1E,0x71,0xFF,0xFF,
  0xC0,0x00,0x00,0x00,0x00,0xA4,0xFF,0xFF,0xFF,0xFF,0xFF,0xFF,0xF2,0x31,0x00,0x00,
  0x00,0x00,0xA4,0xFF,0xFF,0xFF,0xFF,0xEA,0xA3,0x25,0x00,0x00,
};
const font_glyph_t glyph_1066_16 = {1066, 16, 13, 12, 12, 0, 12, font_1066_16};

const unsigned char font_1067_16[] = {
  0x24,0xFF,0xFF,0x9C,0x00,0x00,0x00,0x00,0x00,0x00,0x9C,0xFF,0xFF,0x20,0x24,0xFF,
  0xFF,0x9C,0x00,0x00,0x00,0x00,0x00,0x00,0x9C,0xFF,0xFF,0x20,0x24,0xFF,0xFF,0x9C,
  0x00,0x00,0x00,0x00,0x00,0x00,0x9C,0xFF,0xFF,0x20,0x24,0xFF,0xFF,0xAA,0x1C,0x15,
  0x01,0x00,0x00,0x00,0x9C,0xFF,0xFF,0x20,0x24,0xFF,0xFF,0xFF,0xFF,0xFF,0xED,0x8E,
  0x0C,0x00,0x9C,0xFF,0xFF,0x20,0x24,0xFF,0xFF,0xFF,0xFF,0xFF,0xFF,0xFF,0xC3,0x03,
  0x9C,0xFF,0xFF,0x20,0x24,0xFF,0xFF,0x9C,0x00,0x16,0xB4,0xFF,0xFF,0x53,0x9C,0xFF,
  0xFF,0x20,0x24,0xFF,0xFF,0x9C,0x00,0x00,0x3B,0xFF,0xFF,0x88,0x9C,0xFF,0xFF,0x20,
  0x24,0xFF,0xFF,0x9C,0x00,0x00,0x47,0xFF,0xFF,0x82,0x9C,0xFF,0xFF,0x20,0x24,0xFF,
  0xFF,0xA7,0x1C,0x31,0xCE,0xFF,0xFF,0x40,0x9C,0xFF,0xFF,0x20,0x24,0xFF,0xFF,0xFF,
  0xFF,0xFF,0xFF,0xFF,0xA3,0x00,0x9C,0xFF,0xFF,0x20,0x24,0xFF,0xFF,0xFF,0xFF,0xF9,
  0xD0,0x67,0x02,0x00,0x9C,0xFF,0xFF,0x20,
};
const font_glyph_t glyph_1067_16 = {1067, 16, 14, 12, 14, 0, 12, font_1067_16};

const unsigned char font_1068_16[] = {
  0x20,0xFF,0xFF,0xA0,0x00,0x00,0x00,0x00,0x00,0x00,0x20,0xFF,0xFF,0xA0,0x00,0x00,
  0x00,0x00,0x00,0x00,0x20,0xFF,0xFF,0xA0,0x00,0x00,0x00,0x00,0x00,0x00,0x20,0xFF,
  0xFF,0xAE,0x1C,0x15,0x01,0x00,0x00,0x00,0x20,0xFF,0xFF,0xFF,0xFF,0xFF,0xED,0x90,
  0x0D,0x00,0x20,0xFF,0xFF,0xFF,0xFF,0xFF,0xFF,0xFF,0xC6,0x04,0x20,0xFF,0xFF,0xA0,
  0x00,0x14,0xB1,0xFF,0xFF,0x57,0x20,0xFF,0xFF,0xA0,0x00,0x00,0x37,0xFF,0xFF,0x8D,
  0x20,0xFF,0xFF,0xA0,0x00,0x00,0x43,0xFF,0xFF,0x86,0x20,0xFF,0xFF,0xAB,0x1C,0x30,
  0xCB,0xFF,0xFF,0x44,0x20,0xFF,0xFF,0xFF,0xFF,0xFF,0xFF,0xFF,0xA8,0x00,0x20,0xFF,
  0xFF,0xFF,0xFF,0xF9,0xD2,0x6C,0x02,0x00,
};
const font_glyph_t glyph_1068_16 = {1068, 16, 10, 12, 10, 0, 12, font_1068_16};

const unsigned char font_1069_16[] = {
  0x00,0x0D,0x86,0xDA,0xFB,0xF3,0xBA,0x3E,0x00,0x00,0x0B,0xD0,0xFF,0xFF,0xFF,0xFF,
  0xFF,0xFC,0x51,0x00,0x7C,0xFF,0xFF,0x88,0x24,0x3C,0xDF,0xFF,0xEC,0x0D,0xCB,0xFF,
  0xEE,0x02,0x00,0x00,0x5C,0xFF,0xFF,0x5D,0x00,0x00,0x00,0x07,0x1C,0x1C,0x3F,0xFF,
  0xFF,0x92,0x00,0x00,0x00,0x3C,0xFF,0xFF,0xFF,0xFF,0xFF,0xA6,0x00,0x00,0x00,0x3C,
  0xFF,0xFF,0xFF,0xFF,0xFF,0xA6,0x00,0x00,0x00,0x00,0x00,0x00,0x21,0xFF,0xFF,0x93,
  0xCA,0xFF,0xF2,0x04,0x00,0x00,0x55,0xFF,0xFF,0x61,0x81,0xFF,0xFF,0x93,0x26,0x3C,
  0xDB,0xFF,0xF1,0x10,0x0E,0xD3,0xFF,0xFF,0xFF,0xFF,0xFF,0xFE,0x5A,0x00,0x00,0x0E,
  0x86,0xDA,0xFC,0xF3,0xBD,0x41,0x00,0x00,
};
const font_glyph_t glyph_1069_16 = {1069, 16, 10, 12, 10, 0, 12, font_1069_16};

const unsigned char font_1070_16[] = {
  0x08,0xFF,0xFF,0xB4,0x00,0x00,0x05,0x75,0xD6,0xFC,0xF1,0xB3,0x37,0x00,0x00,0x08,
  0xFF,0xFF,0xB4,0x00,0x04,0xB7,0xFF,0xFF,0xFF,0xFF,0xFF,0xFB,0x51,0x00,0x08,0xFF,
  0xFF,0xB4,0x00,0x6F,0xFF,0xFF,0xAA,0x30,0x50,0xEB,0xFF,0xF0,0x12,0x08,0xFF,0xFF,
  0xB4,0x00,0xDB,0xFF,0xED,0x09,0x00,0x00,0x66,0xFF,0xFF,0x6F,0x08,0xFF,0xFF,0xB8,
  0x1F,0xFF,0xFF,0xB5,0x00,0x00,0x00,0x1F,0xFF,0xFF,0xAA,0x08,0xFF,0xFF,0xFF,0xFF,
  0xFF,0xFF,0x9F,0x00,0x00,0x00,0x07,0xFF,0xFF,0xC1,0x08,0xFF,0xFF,0xFF,0xFF,0xFF,
  0xFF,0x9F,0x00,0x00,0x00,0x07,0xFF,0xFF,0xC1,0x08,0xFF,0xFF,0xB4,0x17,0xFF,0xFF,
  0xB5,0x00,0x00,0x00,0x20,0xFF,0xFF,0xAA,0x08,0xFF,0xFF,0xB4,0x00,0xDB,0xFF,0xF0,
  0x0B,0x00,0x00,0x68,0xFF,0xFF,0x6F,0x08,0xFF,0xFF,0xB4,0x00,0x6E,0xFF,0xFF,0xAE,
  0x31,0x4E,0xEB,0xFF,0xF0,0x12,0x08,0xFF,0xFF,0xB4,0x00,0x04,0xB5,0xFF,0xFF,0xFF,
  0xFF,0xFF,0xFB,0x51,0x00,0x08,0xFF,0xFF,0xB4,0x00,0x00,0x04,0x73,0xD5,0xFC,0xF2,
  0xB5,0x37,0x00,0x00,
};
const font_glyph_t glyph_1070_16 = {1070, 16, 15, 12, 16, 0, 12, font_1070_16};

const unsigned char font_1071_16[] = {
  0x00,0x00,0x39,0xB6,0xF0,0xFF,0xFF,0xFF,0xFF,0x84,0x00,0x3C,0xFA,0xFF,0xFF,0xFF,
  0xFF,0xFF,0xFF,0x84,0x00,0xB7,0xFF,0xFF,0x69,0x1D,0x51,0xFF,0xFF,0x84,0x00,0xE3,
  0xFF,0xE3,0x00,0x00,0x3C,0xFF,0xFF,0x84,0x00,0xD9,0xFF,0xDB,0x00,0x00,0x3C,0xFF,
  0xFF,0x84,0x00,0x95,0xFF,0xFE,0x3B,0x00,0x3C,0xFF,0xFF,0x84,0x00,0x13,0xD3,0xFF,
  0xFF,0xF6,0xF7,0xFF,0xFF,0x84,0x00,0x00,0x96,0xFF,0xFF,0xFF,0xFF,0xFF,0xFF,0x84,
  0x00,0x17,0xF7,0xFF,0xEA,0x09,0x3C,0xFF,0xFF,0x84,0x00,0x88,0xFF,0xFF,0x79,0x00,
  0x3C,0xFF,0xFF,0x84,0x10,0xF2,0xFF,0xEF,0x0E,0x00,0x3C,0xFF,0xFF,0x84,0x7B,0xFF,
  0xFF,0x82,0x00,0x00,0x3C,0xFF,0xFF,0x84,
};
const font_glyph_t glyph_1071_16 = {1071, 16, 10, 12, 9, -1, 12, font_1071_16};

const unsigned char font_1072_16[] = {
  0x00,0x2D,0xB2,0xEF,0xFC,0xD5,0x63,0x00,0x00,0x1D,0xF1,0xFF,0xF3,0xE8,0xFF,0xFF,
  0x5A,0x00,0x4D,0xC0,0xC0,0x36,0x0A,0xF1,0xFF,0xB7,0x00,0x00,0x00,0x00,0x00,0x00,
  0xDC,0xFF,0xC8,0x00,0x00,0x61,0xCA,0xF5,0xFF,0xFF,0xFF,0xC8,0x00,0x5A,0xFF,0xFF,
  0xA4,0x69,0xEE,0xFF,0xC8,0x00,0x9E,0xFF,0xFF,0x13,0x0E,0xF1,0xFF,0xC8,0x00,0x6D,
  0xFF,0xFF,0xF1,0xF5,0xFF,0xFF,0xCF,0x00,0x02,0x82,0xEA,0xF9,0xAE,0xB8,0xFF,0xF6,
  0x0B,
};
const font_glyph_t glyph_1072_16 = {1072, 16, 9, 9, 9, 0, 9, font_1072_16};

const unsigned char font_1073_16[] = {
  0x00,0x00,0x00,0x00,0x12,0x7E,0xFF,0xEA,0x00,0x00,0x00,0x2A,0xBB,0xFE,0xFF,0xFF,
  0x96,0x00,0x00,0x22,0xED,0xFF,0xF4,0xBC,0x67,0x04,0x00,0x00,0xA8,0xFF,0x97,0x09,
  0x00,0x00,0x00,0x00,0x0A,0xF9,0xF6,0x99,0xEC,0xFB,0xC8,0x3B,0x00,0x39,0xFF,0xFF,
  0xFF,0xFF,0xFF,0xFF,0xF7,0x26,0x58,0xFF,0xFF,0xAD,0x11,0x51,0xFF,0xFF,0x92,0x71,
  0xFF,0xFF,0x4A,0x00,0x00,0xE2,0xFF,0xC0,0x53,0xFF,0xFF,0x4A,0x00,0x00,0xE2,0xFF,
  0xC1,0x17,0xFB,0xFF,0xAD,0x15,0x52,0xFF,0xFF,0x8B,0x00,0x85,0xFF,0xFF,0xFF,0xFF,
  0xFF,0xEB,0x1B,0x00,0x01,0x6B,0xD8,0xFD,0xEF,0xAB,0x25,0x00,
};
const font_glyph_t glyph_1073_16 = {1073, 16, 9, 12, 9, 0, 12, font_1073_16};

const unsigned char font_1074_16[] = {
  0x14,0xFF,0xFF,0xFF,0xFF,0xEF,0xB8,0x32,0x00,0x14,0xFF,0xFF,0xFF,0xFF,0xFF,0xFF,
  0xE8,0x06,0x14,0xFF,0xFF,0x92,0x06,0x9D,0xFF,0xFF,0x1A,0x14,0xFF,0xFF,0xE4,0xC0,
  0xE7,0xFF,0x92,0x00,0x14,0xFF,0xFF,0xFF,0xFF,0xFF,0xF1,0x88,0x05,0x14,0xFF,0xFF,
  0x90,0x00,0x24,0xFF,0xFF,0x79,0x14,0xFF,0xFF,0x92,0x04,0x27,0xFF,0xFF,0xA0,0x14,
  0xFF,0xFF,0xFF,0xFF,0xFF,0xFF,0xFF,0x5F,0x14,0xFF,0xFF,0xFF,0xFF,0xFA,0xD7,0x71,
  0x01,
};
const font_glyph_t glyph_1074_16 = {1074, 16, 9, 9, 9, 0, 9, font_1074_16};

const unsigned char font_1075_16[] = {
  0x4C,0xFF,0xFF,0xFF,0xFF,0xFF,0xA8,0x4C,0xFF,0xFF,0xFF,0xFF,0xFF,0xA8,0x4C,0xFF,
  0xFF,0x59,0x08,0x08,0x05,0x4C,0xFF,0xFF,0x54,0x00,0x00,0x00,0x4C,0xFF,0xFF,0x54,
  0x00,0x00,0x00,0x4C,0xFF,0xFF,0x54,0x00,0x00,0x00,0x4C,0xFF,0xFF,0x54,0x00,0x00,
  0x00,0x4C,0xFF,0xFF,0x54,0x00,0x00,0x00,0x4C,0xFF,0xFF,0x54,0x00,0x00,0x00,
};
const font_glyph_t glyph_1075_16 = {1075, 16, 7, 9, 7, 0, 9, font_1075_16};

const unsigned char font_1076_16[] = {
  0x00,0x00,0xB6,0xFF,0xFF,0xFF,0xFF,0xFF,0xE0,0x00,0x00,0x00,0x00,0xBA,0xFF,0xFF,
  0xFF,0xFF,0xFF,0xE0,0x00,0x00,0x00,0x00,0xBF,0xFF,0xE6,0x08,0xC2,0xFF,0xE0,0x00,
  0x00,0x00,0x00,0xC3,0xFF,0xDB,0x00,0xC0,0xFF,0xE0,0x00,0x00,0x00,0x00,0xD5,0xFF,
  0xBF,0x00,0xC0,0xFF,0xE0,0x00,0x00,0x00,0x1A,0xFD,0xFF,0x88,0x00,0xC0,0xFF,0xE0,
  0x00,0x00,0x07,0xAC,0xFF,0xFF,0x33,0x08,0xC2,0xFF,0xE2,0x08,0x01,0xC8,0xFF,0xFF,
  0xFF,0xFF,0xFF,0xFF,0xFF,0xFF,0xFF,0x24,0xC8,0xFF,0xFF,0xFF,0xFF,0xFF,0xFF,0xFF,
  0xFF,0xFF,0x24,0xC8,0xFF,0xEC,0x00,0x00,0x00,0x00,0x80,0xFF,0xFF,0x24,0xC8,0xFF,
  0xEC,0x00,0x00,0x00,0x00,0x80,0xFF,0xFF,0x24,0xC8,0xFF,0xEC,0x00,0x00,0x00,0x00,
  0x80,0xFF,0xFF,0x24,
};
const font_glyph_t glyph_1076_16 = {1076, 16, 11, 12, 10, 0, 9, font_1076_16};

const unsigned char font_1077_16[] = {
  0x00,0x05,0x7E,0xE0,0xFD,0xE7,0x8D,0x09,0x00,0x00,0x9D,0xFF,0xFF,0xFF,0xFF,0xFF,
  0xAF,0x00,0x29,0xFF,0xFF,0x9E,0x10,0x75,0xFF,0xFF,0x2C,0x6E,0xFF,0xFF,0xBD,0xA4,
  0xB4,0xFF,0xFF,0x5D,0x83,0xFF,0xFF,0xFF,0xFF,0xFF,0xFF,0xFF,0x64,0x73,0xFF,0xFF,
  0x39,0x00,0x00,0x00,0x00,0x00,0x2C,0xFF,0xFF,0xC0,0x21,0x19,0x80,0x53,0x00,0x00,
  0x8E,0xFF,0xFF,0xFF,0xFF,0xFF,0xEC,0x09,0x00,0x00,0x63,0xD2,0xFB,0xF2,0xB2,0x2E,
  0x00,
};
const font_glyph_t glyph_1077_16 = {1077, 16, 9, 9, 9, 0, 9, font_1077_16};

const unsigned char font_1078_16[] = {
  0x67,0xFF,0xFF,0xCE,0x00,0x0C,0xFF,0xFF,0x94,0x00,0x43,0xFF,0xFF,0xE4,0x0D,0x02,
  0xC7,0xFF,0xFF,0x43,0x0C,0xFF,0xFF,0x94,0x00,0xB8,0xFF,0xFF,0x56,0x00,0x00,0x31,
  0xFD,0xFF,0xB8,0x0C,0xFF,0xFF,0x94,0x2C,0xFF,0xFF,0xBA,0x00,0x00,0x00,0x00,0x92,
  0xFF,0xFF,0x89,0xFF,0xFF,0xC8,0xBE,0xFF,0xF9,0x25,0x00,0x00,0x00,0x00,0x32,0xFF,
  0xFF,0xFF,0xFF,0xFF,0xFF,0xFF,0xFF,0xC9,0x00,0x00,0x00,0x00,0x00,0xAA,0xFF,0xFF,
  0xFF,0xFF,0xFF,0xFF,0xFF,0xFF,0xFF,0x4E,0x00,0x00,0x00,0x3B,0xFF,0xFF,0xBA,0x0C,
  0xFF,0xFF,0x94,0x30,0xFF,0xFF,0xD8,0x04,0x00,0x01,0xC6,0xFF,0xFF,0x3F,0x0C,0xFF,
  0xFF,0x94,0x00,0xB3,0xFF,0xFF,0x68,0x00,0x56,0xFF,0xFF,0xC5,0x00,0x0C,0xFF,0xFF,
  0x94,0x00,0x3A,0xFF,0xFF,0xE9,0x0D,
};
const font_glyph_t glyph_1078_16 = {1078, 16, 15, 9, 14, 0, 9, font_1078_16};

const unsigned char font_1079_16[] = {
  0x00,0x25,0xB1,0xF2,0xFA,0xD8,0x7C,0x05,0x10,0xE8,0xFF,0xFC,0xED,0xFF,0xFF,0x85,
  0x56,0xFF,0xFF,0x61,0x04,0xEE,0xFF,0xBC,0x00,0x00,0x00,0x7C,0x9A,0xFF,0xFE,0x5B,
  0x00,0x00,0x00,0xF5,0xFF,0xFF,0xDB,0x25,0x00,0x00,0x00,0x00,0x10,0xDB,0xFF,0xC0,
  0x7B,0xFF,0xFF,0x43,0x03,0xD3,0xFF,0xE1,0x26,0xF6,0xFF,0xFB,0xED,0xFF,0xFF,0x8D,
  0x00,0x34,0xB8,0xF4,0xFA,0xD4,0x75,0x03,
};
const font_glyph_t glyph_1079_16 = {1079, 16, 8, 9, 8, 0, 9, font_1079_16};

const unsigned char font_1080_16[] = {
  0x4C,0xFF,0xFF,0x58,0x00,0x8E,0xFF,0xFF,0x4C,0x4C,0xFF,0xFF,0x58,0x0E,0xF1,0xFF,
  0xFF,0x4C,0x4C,0xFF,0xFF,0x58,0x72,0xFF,0xFF,0xFF,0x4C,0x4C,0xFF,0xFF,0x5C,0xDF,
  0xFD,0xFF,0xFF,0x4C,0x4C,0xFF,0xFF,0xAE,0xFF,0xAC,0xFF,0xFF,0x4C,0x4C,0xFF,0xFF,
  0xFD,0xE2,0x58,0xFF,0xFF,0x4C,0x4C,0xFF,0xFF,0xFF,0x75,0x54,0xFF,0xFF,0x4C,0x4C,
  0xFF,0xFF,0xF3,0x0F,0x54,0xFF,0xFF,0x4C,0x4C,0xFF,0xFF,0x90,0x00,0x54,0xFF,0xFF,
  0x4C,
};
const font_glyph_t glyph_1080_16 = {1080, 16, 9, 9, 9, 0, 9, font_1080_16};

const unsigned char font_1081_16[] = {
  0x00,0x38,0xFF,0xCD,0x6C,0xBA,0xFF,0x5C,0x00,0x00,0x00,0x70,0xE0,0xFC,0xE7,0x84,
  0x03,0x00,0x00,0x00,0x00,0x00,0x00,0x00,0x00,0x00,0x00,0x4C,0xFF,0xFF,0x58,0x00,
  0x8E,0xFF,0xFF,0x4C,0x4C,0xFF,0xFF,0x58,0x0E,0xF1,0xFF,0xFF,0x4C,0x4C,0xFF,0xFF,
  0x58,0x72,0xFF,0xFF,0xFF,0x4C,0x4C,0xFF,0xFF,0x5C,0xDF,0xFD,0xFF,0xFF,0x4C,0x4C,
  0xFF,0xFF,0xAE,0xFF,0xAC,0xFF,0xFF,0x4C,0x4C,0xFF,0xFF,0xFD,0xE2,0x58,0xFF,0xFF,
  0x4C,0x4C,0xFF,0xFF,0xFF,0x75,0x54,0xFF,0xFF,0x4C,0x4C,0xFF,0xFF,0xF3,0x0F,0x54,
  0xFF,0xFF,0x4C,0x4C,0xFF,0xFF,0x90,0x00,0x54,0xFF,0xFF,0x4C,
};
const font_glyph_t glyph_1081_16 = {1081, 16, 9, 12, 9, 0, 12, font_1081_16};

const unsigned char font_1082_16[] = {
  0x14,0xFF,0xFF,0x90,0x00,0x88,0xFF,0xFF,0xBE,0x00,0x14,0xFF,0xFF,0x90,0x03,0xE5,
  0xFF,0xFD,0x2D,0x00,0x14,0xFF,0xFF,0x90,0x48,0xFF,0xFF,0x96,0x00,0x00,0x14,0xFF,
  0xFF,0xC6,0xC5,0xFF,0xEF,0x13,0x00,0x00,0x14,0xFF,0xFF,0xFF,0xFF,0xFF,0xB0,0x00,
  0x00,0x00,0x14,0xFF,0xFF,0xFF,0xFF,0xFF,0xFF,0x39,0x00,0x00,0x14,0xFF,0xFF,0x90,
  0x6B,0xFF,0xFF,0xCE,0x02,0x00,0x14,0xFF,0xFF,0x90,0x0B,0xED,0xFF,0xFF,0x66,0x00,
  0x14,0xFF,0xFF,0x90,0x00,0x83,0xFF,0xFF,0xEB,0x11,
};
const font_glyph_t glyph_1082_16 = {1082, 16, 10, 9, 9, 0, 9, font_1082_16};

const unsigned char font_1083_16[] = {
  0x00,0x65,0xFF,0xFF,0xFF,0xFF,0xFF,0xFF,0x4C,0x00,0x70,0xFF,0xFF,0xFF,0xFF,0xFF,
  0xFF,0x4C,0x00,0x79,0xFF,0xFF,0x1B,0x5A,0xFF,0xFF,0x4C,0x00,0x84,0xFF,0xFF,0x06,
  0x54,0xFF,0xFF,0x4C,0x00,0x91,0xFF,0xFA,0x00,0x54,0xFF,0xFF,0x4C,0x00,0xB1,0xFF,
  0xE2,0x00,0x54,0xFF,0xFF,0x4C,0x23,0xF2,0xFF,0xB4,0x00,0x54,0xFF,0xFF,0x4C,0xE9,
  0xFF,0xFF,0x57,0x00,0x54,0xFF,0xFF,0x4C,0xE3,0xEF,0x81,0x01,0x00,0x54,0xFF,0xFF,
  0x4C,
};
const font_glyph_t glyph_1083_16 = {1083, 16, 9, 9, 9, 0, 9, font_1083_16};

const unsigned char font_1084_16[] = {
  0x14,0xFF,0xFF,0xFF,0x52,0x00,0x00,0x36,0xFF,0xFF,0xFF,0x44,0x14,0xFF,0xFF,0xFF,
  0xA3,0x00,0x00,0x88,0xFF,0xFF,0xFF,0x44,0x14,0xFF,0xFF,0xFF,0xF0,0x06,0x00,0xDA,
  0xFF,0xFF,0xFF,0x44,0x14,0xFF,0xFF,0xFF,0xFF,0x46,0x2E,0xFF,0xFF,0xFF,0xFF,0x44,
  0x14,0xFF,0xFF,0xE9,0xFF,0x99,0x80,0xFF,0xD6,0xFF,0xFF,0x44,0x14,0xFF,0xFF,0x9D,
  0xF7,0xE8,0xD4,0xFF,0x7F,0xFF,0xFF,0x44,0x14,0xFF,0xFF,0x90,0xAE,0xFF,0xFF,0xC6,
  0x60,0xFF,0xFF,0x44,0x14,0xFF,0xFF,0x90,0x57,0xFF,0xFF,0x6F,0x60,0xFF,0xFF,0x44,
  0x14,0xFF,0xFF,0x90,0x0B,0xF5,0xFE,0x1A,0x60,0xFF,0xFF,0x44,
};
const font_glyph_t glyph_1084_16 = {1084, 16, 12, 9, 12, 0, 9, font_1084_16};

const unsigned char font_1085_16[] = {
  0x4C,0xFF,0xFF,0x54,0x00,0x5C,0xFF,0xFF,0x48,0x4C,0xFF,0xFF,0x54,0x00,0x5C,0xFF,
  0xFF,0x48,0x4C,0xFF,0xFF,0x54,0x00,0x5C,0xFF,0xFF,0x48,0x4C,0xFF,0xFF,0x57,0x04,
  0x5F,0xFF,0xFF,0x48,0x4C,0xFF,0xFF,0xFF,0xFF,0xFF,0xFF,0xFF,0x48,0x4C,0xFF,0xFF,
  0xFF,0xFF,0xFF,0xFF,0xFF,0x48,0x4C,0xFF,0xFF,0x54,0x00,0x5C,0xFF,0xFF,0x48,0x4C,
  0xFF,0xFF,0x54,0x00,0x5C,0xFF,0xFF,0x48,0x4C,0xFF,0xFF,0x54,0x00,0x5C,0xFF,0xFF,
  0x48,
};
const font_glyph_t glyph_1085_16 = {1085, 16, 9, 9, 9, 0, 9, font_1085_16};

const unsigned char font_1086_16[] = {
  0x00,0x08,0x87,0xE3,0xFE,0xE2,0x85,0x08,0x00,0x00,0xAF,0xFF,0xFF,0xFF,0xFF,0xFF,
  0xAF,0x00,0x3C,0xFF,0xFF,0x92,0x11,0x95,0xFF,0xFF,0x3C,0x80,0xFF,0xFF,0x22,0x00,
  0x26,0xFF,0xFF,0x80,0x92,0xFF,0xFF,0x0E,0x00,0x12,0xFF,0xFF,0x92,0x80,0xFF,0xFF,
  0x21,0x00,0x25,0xFF,0xFF,0x80,0x3C,0xFF,0xFF,0x8F,0x10,0x93,0xFF,0xFF,0x3C,0x00,
  0xB1,0xFF,0xFF,0xFF,0xFF,0xFF,0xB1,0x00,0x00,0x09,0x89,0xE4,0xFE,0xE5,0x89,0x09,
  0x00,
};
const font_glyph_t glyph_1086_16 = {1086, 16, 9, 9, 9, 0, 9, font_1086_16};

const unsigned char font_1087_16[] = {
  0x4C,0xFF,0xFF,0xFF,0xFF,0xFF,0xFF,0xFF,0x4C,0x4C,0xFF,0xFF,0xFF,0xFF,0xFF,0xFF,
  0xFF,0x4C,0x4C,0xFF,0xFF,0x5A,0x08,0x5E,0xFF,0xFF,0x4C,0x4C,0xFF,0xFF,0x54,0x00,
  0x58,0xFF,0xFF,0x4C,0x4C,0xFF,0xFF,0x54,0x00,0x58,0xFF,0xFF,0x4C,0x4C,0xFF,0xFF,
  0x54,0x00,0x58,0xFF,0xFF,0x4C,0x4C,0xFF,0xFF,0x54,0x00,0x58,0xFF,0xFF,0x4C,0x4C,
  0xFF,0xFF,0x54,0x00,0x58,0xFF,0xFF,0x4C,0x4C,0xFF,0xFF,0x54,0x00,0x58,0xFF,0xFF,
  0x4C,
};
const font_glyph_t glyph_1087_16 = {1087, 16, 9, 9, 9, 0, 9, font_1087_16};

const unsigned char font_1088_16[] = {
  0x3C,0xFF,0xFF,0x8B,0xDD,0xFB,0xC3,0x2A,0x00,0x3C,0xFF,0xFF,0xFF,0xFF,0xFF,0xFF,
  0xE1,0x09,0x3C,0xFF,0xFF,0xA7,0x10,0x87,0xFF,0xFF,0x57,0x3C,0xFF,0xFF,0x6A,0x00,
  0x1F,0xFF,0xFF,0x88,0x3C,0xFF,0xFF,0x68,0x00,0x0E,0xFF,0xFF,0x96,0x3C,0xFF,0xFF,
  0x6A,0x00,0x20,0xFF,0xFF,0x86,0x3C,0xFF,0xFF,0xAC,0x10,0x88,0xFF,0xFF,0x50,0x3C,
  0xFF,0xFF,0xFF,0xFF,0xFF,0xFF,0xDA,0x06,0x3C,0xFF,0xFF,0xA9,0xDD,0xFB,0xBF,0x24,
  0x00,0x3C,0xFF,0xFF,0x68,0x00,0x00,0x00,0x00,0x00,0x3C,0xFF,0xFF,0x68,0x00,0x00,
  0x00,0x00,0x00,0x3C,0xFF,0xFF,0x68,0x00,0x00,0x00,0x00,0x00,
};
const font_glyph_t glyph_1088_16 = {1088, 16, 9, 12, 9, 0, 9, font_1088_16};

const unsigned char font_1089_16[] = {
  0x00,0x0D,0x94,0xEA,0xFC,0xDA,0x6C,0x00,0x01,0xBF,0xFF,0xFF,0xFF,0xFF,0xFF,0x6E,
  0x44,0xFF,0xFF,0x78,0x16,0xC9,0xFF,0xD8,0x80,0xFF,0xFF,0x1C,0x00,0x36,0x64,0x5E,
  0x92,0xFF,0xFF,0x0D,0x00,0x00,0x00,0x00,0x80,0xFF,0xFF,0x1A,0x00,0x18,0x2C,0x2A,
  0x44,0xFF,0xFF,0x79,0x14,0xC1,0xFF,0xDF,0x01,0xBF,0xFF,0xFF,0xFF,0xFF,0xFF,0x72,
  0x00,0x0D,0x94,0xE8,0xFC,0xD9,0x6A,0x00,
};
const font_glyph_t glyph_1089_16 = {1089, 16, 8, 9, 8, 0, 9, font_1089_16};

const unsigned char font_1090_16[] = {
  0xC8,0xFF,0xFF,0xFF,0xFF,0xFF,0xFF,0xFF,0x28,0xC8,0xFF,0xFF,0xFF,0xFF,0xFF,0xFF,
  0xFF,0x28,0x03,0x04,0x2C,0xFF,0xFF,0x7F,0x04,0x04,0x01,0x00,0x00,0x28,0xFF,0xFF,
  0x7C,0x00,0x00,0x00,0x00,0x00,0x28,0xFF,0xFF,0x7C,0x00,0x00,0x00,0x00,0x00,0x28,
  0xFF,0xFF,0x7C,0x00,0x00,0x00,0x00,0x00,0x28,0xFF,0xFF,0x7C,0x00,0x00,0x00,0x00,
  0x00,0x28,0xFF,0xFF,0x7C,0x00,0x00,0x00,0x00,0x00,0x28,0xFF,0xFF,0x7C,0x00,0x00,
  0x00,
};
const font_glyph_t glyph_1090_16 = {1090, 16, 9, 9, 8, 0, 9, font_1090_16};

const unsigned char font_1091_16[] = {
  0x01,0xDF,0xFF,0xEA,0x02,0x00,0x9E,0xFF,0xFF,0x2F,0x00,0x88,0xFF,0xFF,0x34,0x01,
  0xE7,0xFF,0xD6,0x00,0x00,0x30,0xFF,0xFF,0x7A,0x31,0xFF,0xFF,0x7E,0x00,0x00,0x00,
  0xD9,0xFF,0xC2,0x7C,0xFF,0xFF,0x25,0x00,0x00,0x00,0x82,0xFF,0xFC,0xD2,0xFF,0xCC,
  0x00,0x00,0x00,0x00,0x2A,0xFF,0xFF,0xFF,0xFF,0x72,0x00,0x00,0x00,0x00,0x00,0xD2,
  0xFF,0xFF,0xFE,0x1C,0x00,0x00,0x00,0x00,0x00,0x7A,0xFF,0xFF,0xC2,0x00,0x00,0x00,
  0x00,0x00,0x00,0x31,0xFF,0xFF,0x68,0x00,0x00,0x00,0x00,0x00,0x0E,0x85,0xFF,0xFB,
  0x14,0x00,0x00,0x00,0x00,0x00,0xEC,0xFF,0xFF,0xA6,0x00,0x00,0x00,0x00,0x00,0x00,
  0xDD,0xF9,0xB2,0x14,0x00,0x00,0x00,0x00,
};
const font_glyph_t glyph_1091_16 = {1091, 16, 10, 12, 8, -1, 9, font_1091_16};

const unsigned char font_1092_16[] = {
  0x00,0x00,0x00,0x00,0x70,0xFF,0xFF,0x34,0x00,0x00,0x00,0x00,0x00,0x00,0x00,0x00,
  0x70,0xFF,0xFF,0x34,0x00,0x00,0x00,0x00,0x00,0x00,0x00,0x00,0x70,0xFF,0xFF,0x34,
  0x00,0x00,0x00,0x00,0x00,0x28,0xC4,0xFB,0xF2,0xFF,0xFF,0xF2,0xF6,0xA5,0x0D,0x00,
  0x06,0xDC,0xFF,0xFF,0xFF,0xFF,0xFF,0xFF,0xFF,0xFF,0xA2,0x00,0x4E,0xFF,0xFF,0x85,
  0x7A,0xFF,0xFF,0x44,0xBD,0xFF,0xFC,0x12,0x81,0xFF,0xFF,0x22,0x70,0xFF,0xFF,0x34,
  0x67,0xFF,0xFF,0x41,0x92,0xFF,0xFF,0x0F,0x70,0xFF,0xFF,0x34,0x51,0xFF,0xFF,0x52,
  0x85,0xFF,0xFF,0x1B,0x70,0xFF,0xFF,0x34,0x5E,0xFF,0xFF,0x45,0x56,0xFF,0xFF,0x7A,
  0x7C,0xFF,0xFF,0x43,0xB3,0xFF,0xFE,0x17,0x09,0xE2,0xFF,0xFF,0xFF,0xFF,0xFF,0xFF,
  0xFF,0xFF,0xAB,0x00,0x00,0x2D,0xCA,0xFC,0xF2,0xFF,0xFF,0xF2,0xF8,0xAB,0x11,0x00,
  0x00,0x00,0x00,0x00,0x70,0xFF,0xFF,0x34,0x00,0x00,0x00,0x00,0x00,0x00,0x00,0x00,
  0x70,0xFF,0xFF,0x34,0x00,0x00,0x00,0x00,0x00,0x00,0x00,0x00,0x70,0xFF,0xFF,0x34,
  0x00,0x00,0x00,0x00,
};
const font_glyph_t glyph_1092_16 = {1092, 16, 12, 15, 12, 0, 12, font_1092_16};

const unsigned char font_1093_16[] = {
  0x88,0xFF,0xFF,0x39,0x03,0xD9,0xFF,0xDC,0x04,0x13,0xF2,0xFF,0xB3,0x58,0xFF,0xFF,
  0x5E,0x00,0x00,0x84,0xFF,0xFF,0xE5,0xFF,0xD9,0x03,0x00,0x00,0x12,0xF2,0xFF,0xFF,
  0xFF,0x5C,0x00,0x00,0x00,0x00,0xB3,0xFF,0xFF,0xFC,0x0F,0x00,0x00,0x00,0x24,0xFC,
  0xFF,0xFF,0xFF,0x78,0x00,0x00,0x00,0xA3,0xFF,0xFA,0xCF,0xFF,0xEE,0x0E,0x00,0x27,
  0xFD,0xFF,0x9A,0x41,0xFF,0xFF,0x7C,0x00,0xA7,0xFF,0xFB,0x21,0x00,0xC4,0xFF,0xF0,
  0x10,
};
const font_glyph_t glyph_1093_16 = {1093, 16, 9, 9, 8, 0, 9, font_1093_16};

const unsigned char font_1094_16[] = {
  0x4C,0xFF,0xFF,0x54,0x00,0x58,0xFF,0xFF,0x4C,0x00,0x4C,0xFF,0xFF,0x54,0x00,0x58,
  0xFF,0xFF,0x4C,0x00,0x4C,0xFF,0xFF,0x54,0x00,0x58,0xFF,0xFF,0x4C,0x00,0x4C,0xFF,
  0xFF,0x54,0x00,0x58,0xFF,0xFF,0x4C,0x00,0x4C,0xFF,0xFF,0x54,0x00,0x58,0xFF,0xFF,
  0x4C,0x00,0x4C,0xFF,0xFF,0x54,0x00,0x58,0xFF,0xFF,0x4C,0x00,0x4C,0xFF,0xFF,0x59,
  0x08,0x5D,0xFF,0xFF,0x4F,0x03,0x4C,0xFF,0xFF,0xFF,0xFF,0xFF,0xFF,0xFF,0xFF,0xAC,
  0x4C,0xFF,0xFF,0xFF,0xFF,0xFF,0xFF,0xFF,0xFF,0xA4,0x00,0x00,0x00,0x00,0x00,0x00,
  0x00,0xF0,0xFF,0x9C,0x00,0x00,0x00,0x00,0x00,0x00,0x00,0xF0,0xFF,0x94,0x00,0x00,
  0x00,0x00,0x00,0x00,0x00,0xF0,0xFF,0x8C,
};
const font_glyph_t glyph_1094_16 = {1094, 16, 10, 12, 10, 0, 9, font_1094_16};

const unsigned char font_1095_16[] = {
  0x5C,0xFF,0xFF,0x44,0x00,0x64,0xFF,0xFF,0x40,0x5C,0xFF,0xFF,0x44,0x00,0x64,0xFF,
  0xFF,0x40,0x5C,0xFF,0xFF,0x45,0x00,0x64,0xFF,0xFF,0x40,0x48,0xFF,0xFF,0x84,0x0E,
  0x74,0xFF,0xFF,0x40,0x08,0xDC,0xFF,0xFF,0xFF,0xFF,0xFF,0xFF,0x40,0x00,0x1C,0x9E,
  0xE5,0xFD,0xFC,0xFF,0xFF,0x40,0x00,0x00,0x00,0x00,0x00,0x64,0xFF,0xFF,0x40,0x00,
  0x00,0x00,0x00,0x00,0x64,0xFF,0xFF,0x40,0x00,0x00,0x00,0x00,0x00,0x64,0xFF,0xFF,
  0x40,
};
const font_glyph_t glyph_1095_16 = {1095, 16, 9, 9, 9, 0, 9, font_1095_16};

const unsigned char font_1096_16[] = {
  0x4C,0xFF,0xFF,0x54,0x00,0xB0,0xFF,0xF4,0x00,0x10,0xFF,0xFF,0x90,0x4C,0xFF,0xFF,
  0x54,0x00,0xB0,0xFF,0xF4,0x00,0x10,0xFF,0xFF,0x90,0x4C,0xFF,0xFF,0x54,0x00,0xB0,
  0xFF,0xF4,0x00,0x10,0xFF,0xFF,0x90,0x4C,0xFF,0xFF,0x54,0x00,0xB0,0xFF,0xF4,0x00,
  0x10,0xFF,0xFF,0x90,0x4C,0xFF,0xFF,0x54,0x00,0xB0,0xFF,0xF4,0x00,0x10,0xFF,0xFF,
  0x90,0x4C,0xFF,0xFF,0x54,0x00,0xB0,0xFF,0xF4,0x00,0x10,0xFF,0xFF,0x90,0x4C,0xFF,
  0xFF,0x59,0x08,0xB3,0xFF,0xF4,0x08,0x18,0xFF,0xFF,0x90,0x4C,0xFF,0xFF,0xFF,0xFF,
  0xFF,0xFF,0xFF,0xFF,0xFF,0xFF,0xFF,0x90,0x4C,0xFF,0xFF,0xFF,0xFF,0xFF,0xFF,0xFF,
  0xFF,0xFF,0xFF,0xFF,0x90,
};
const font_glyph_t glyph_1096_16 = {1096, 16, 13, 9, 13, 0, 9, font_1096_16};

const unsigned char font_1097_16[] = {
  0x4C,0xFF,0xFF,0x58,0x00,0xAC,0xFF,0xF8,0x00,0x10,0xFF,0xFF,0x94,0x00,0x00,0x4C,
  0xFF,0xFF,0x58,0x00,0xAC,0xFF,0xF8,0x00,0x10,0xFF,0xFF,0x94,0x00,0x00,0x4C,0xFF,
  0xFF,0x58,0x00,0xAC,0xFF,0xF8,0x00,0x10,0xFF,0xFF,0x94,0x00,0x00,0x4C,0xFF,0xFF,
  0x58,0x00,0xAC,0xFF,0xF8,0x00,0x10,0xFF,0xFF,0x94,0x00,0x00,0x4C,0xFF,0xFF,0x58,
  0x00,0xAC,0xFF,0xF8,0x00,0x10,0xFF,0xFF,0x94,0x00,0x00,0x4C,0xFF,0xFF,0x58,0x00,
  0xAC,0xFF,0xF8,0x00,0x10,0xFF,0xFF,0x94,0x00,0x00,0x4C,0xFF,0xFF,0x5D,0x08,0xAF,
  0xFF,0xF8,0x08,0x18,0xFF,0xFF,0x96,0x04,0x02,0x4C,0xFF,0xFF,0xFF,0xFF,0xFF,0xFF,
  0xFF,0xFF,0xFF,0xFF,0xFF,0xFF,0xFF,0x80,0x4C,0xFF,0xFF,0xFF,0xFF,0xFF,0xFF,0xFF,
  0xFF,0xFF,0xFF,0xFF,0xFF,0xFF,0x78,0x00,0x00,0x00,0x00,0x00,0x00,0x00,0x00,0x00,
  0x00,0x00,0x20,0xFF,0xFF,0x70,0x00,0x00,0x00,0x00,0x00,0x00,0x00,0x00,0x00,0x00,
  0x00,0x20,0xFF,0xFF,0x68,0x00,0x00,0x00,0x00,0x00,0x00,0x00,0x00,0x00,0x00,0x00,
  0x20,0xFF,0xFF,0x60,
};
const font_glyph_t glyph_1097_16 = {1097, 16, 15, 12, 15, 0, 9, font_1097_16};

const unsigned char font_1098_16[] = {
  0xB8,0xFF,0xFF,0xFF,0xFF,0x50,0x00,0x00,0x00,0x00,0x00,0xB8,0xFF,0xFF,0xFF,0xFF,
  0x50,0x00,0x00,0x00,0x00,0x00,0x06,0x08,0x5A,0xFF,0xFF,0xFF,0xFF,0xED,0xA6,0x1D,
  0x00,0x00,0x00,0x54,0xFF,0xFF,0xFF,0xFF,0xFF,0xFF,0xE0,0x0E,0x00,0x00,0x54,0xFF,
  0xFF,0x56,0x0A,0x71,0xFF,0xFF,0x65,0x00,0x00,0x54,0xFF,0xFF,0x50,0x00,0x1A,0xFF,
  0xFF,0x88,0x00,0x00,0x54,0xFF,0xFF,0x53,0x06,0x6E,0xFF,0xFF,0x69,0x00,0x00,0x54,
  0xFF,0xFF,0xFF,0xFF,0xFF,0xFF,0xE2,0x0E,0x00,0x00,0x54,0xFF,0xFF,0xFF,0xFF,0xED,
  0xA4,0x1D,0x00,
};
const font_glyph_t glyph_1098_16 = {1098, 16, 11, 9, 11, 0, 9, font_1098_16};

const unsigned char font_1099_16[] = {
  0x14,0xFF,0xFF,0x90,0x00,0x00,0x00,0x00,0x00,0x00,0xF0,0xFF,0xB4,0x14,0xFF,0xFF,
  0x90,0x00,0x00,0x00,0x00,0x00,0x00,0xF0,0xFF,0xB4,0x14,0xFF,0xFF,0xFF,0xFF,0xF5,
  0xBF,0x3D,0x00,0x00,0xF0,0xFF,0xB4,0x14,0xFF,0xFF,0xFF,0xFF,0xFF,0xFF,0xFA,0x37,
  0x00,0xF0,0xFF,0xB4,0x14,0xFF,0xFF,0x94,0x08,0x38,0xF9,0xFF,0xAA,0x00,0xF0,0xFF,
  0xB4,0x14,0xFF,0xFF,0x90,0x00,0x00,0xD6,0xFF,0xCC,0x00,0xF0,0xFF,0xB4,0x14,0xFF,
  0xFF,0x92,0x04,0x35,0xF9,0xFF,0xAD,0x00,0xF0,0xFF,0xB4,0x14,0xFF,0xFF,0xFF,0xFF,
  0xFF,0xFF,0xFA,0x39,0x00,0xF0,0xFF,0xB4,0x14,0xFF,0xFF,0xFF,0xFF,0xF7,0xBD,0x3B,
  0x00,0x00,0xF0,0xFF,0xB4,
};
const font_glyph_t glyph_1099_16 = {1099, 16, 13, 9, 14, 0, 9, font_1099_16};

const unsigned char font_1100_16[] = {
  0x14,0xFF,0xFF,0x90,0x00,0x00,0x00,0x00,0x00,0x14,0xFF,0xFF,0x90,0x00,0x00,0x00,
  0x00,0x00,0x14,0xFF,0xFF,0xFF,0xFF,0xF5,0xBF,0x3D,0x00,0x14,0xFF,0xFF,0xFF,0xFF,
  0xFF,0xFF,0xFA,0x37,0x14,0xFF,0xFF,0x94,0x08,0x38,0xF9,0xFF,0xAA,0x14,0xFF,0xFF,
  0x90,0x00,0x00,0xD6,0xFF,0xCC,0x14,0xFF,0xFF,0x92,0x04,0x35,0xF9,0xFF,0xAD,0x14,
  0xFF,0xFF,0xFF,0xFF,0xFF,0xFF,0xFA,0x39,0x14,0xFF,0xFF,0xFF,0xFF,0xF7,0xBD,0x3B,
  0x00,
};
const font_glyph_t glyph_1100_16 = {1100, 16, 9, 9, 9, 0, 9, font_1100_16};

const unsigned char font_1101_16[] = {
  0x00,0x46,0xC7,0xF9,0xF3,0xB5,0x29,0x00,0x38,0xFC,0xFF,0xFF,0xFF,0xFF,0xEE,0x1F,
  0x96,0xFF,0xEE,0x1F,0x3F,0xFC,0xFF,0x95,0x00,0x00,0x00,0x44,0x6C,0xE8,0xFF,0xD4,
  0x00,0x00,0x00,0xA0,0xFF,0xFF,0xFF,0xE6,0x00,0x00,0x00,0x00,0x00,0xD0,0xFF,0xD4,
  0x98,0xFF,0xEE,0x20,0x3F,0xFD,0xFF,0x95,0x3F,0xFE,0xFF,0xFF,0xFF,0xFF,0xEE,0x20,
  0x00,0x50,0xCD,0xF9,0xF5,0xB5,0x2A,0x00,
};
const font_glyph_t glyph_1101_16 = {1101, 16, 8, 9, 8, 0, 9, font_1101_16};

const unsigned char font_1102_16[] = {
  0x08,0xFF,0xFF,0x9C,0x00,0x0D,0x90,0xE8,0xFD,0xDF,0x7C,0x04,0x00,0x08,0xFF,0xFF,
  0x9C,0x03,0xC1,0xFF,0xFF,0xFF,0xFF,0xFF,0xA0,0x00,0x08,0xFF,0xFF,0xA0,0x56,0xFF,
  0xFF,0x83,0x12,0xA3,0xFF,0xFF,0x2C,0x08,0xFF,0xFF,0xFF,0xFF,0xFF,0xFF,0x12,0x00,
  0x36,0xFF,0xFF,0x6C,0x08,0xFF,0xFF,0xFF,0xFF,0xFF,0xFE,0x00,0x00,0x22,0xFF,0xFF,
  0x7E,0x08,0xFF,0xFF,0x9C,0x94,0xFF,0xFF,0x11,0x00,0x35,0xFF,0xFF,0x6C,0x08,0xFF,
  0xFF,0x9C,0x52,0xFF,0xFF,0x81,0x11,0xA1,0xFF,0xFF,0x2C,0x08,0xFF,0xFF,0x9C,0x03,
  0xC2,0xFF,0xFF,0xFF,0xFF,0xFF,0xA2,0x00,0x08,0xFF,0xFF,0x9C,0x00,0x0D,0x92,0xE8,
  0xFE,0xE0,0x7F,0x05,0x00,
};
const font_glyph_t glyph_1102_16 = {1102, 16, 13, 9, 13, 0, 9, font_1102_16};

const unsigned char font_1103_16[] = {
  0x00,0x24,0xAD,0xED,0xFF,0xFF,0xFF,0xFF,0x18,0x16,0xEA,0xFF,0xFF,0xFF,0xFF,0xFF,
  0xFF,0x18,0x6D,0xFF,0xFF,0x6D,0x05,0x8A,0xFF,0xFF,0x18,0x73,0xFF,0xFF,0x3A,0x00,
  0x88,0xFF,0xFF,0x18,0x1E,0xF0,0xFF,0xEC,0xBA,0xDF,0xFF,0xFF,0x18,0x00,0x2F,0xFF,
  0xFF,0xFF,0xFF,0xFF,0xFF,0x18,0x00,0x63,0xFF,0xFF,0x3D,0x88,0xFF,0xFF,0x18,0x05,
  0xDF,0xFF,0xBC,0x00,0x88,0xFF,0xFF,0x18,0x67,0xFF,0xFF,0x39,0x00,0x88,0xFF,0xFF,
  0x18,
};
const font_glyph_t glyph_1103_16 = {1103, 16, 9, 9, 9, 0, 9, font_1103_16};

const unsigned char font_33_24[] = {
  0xA7,0xFF,0xFF,0xFF,0x86,0x9B,0xFF,0xFF,0xFF,0x7B,0x8F,0xFF,0xFF,0xFF,0x6F,0x84,
  0xFF,0xFF,0xFF,0x63,0x78,0xFF,0xFF,0xFF,0x58,0x6C,0xFF,0xFF,0xFF,0x4C,0x61,0xFF,
  0xFF,0xFF,0x40,0x55,0xFF,0xFF,0xFF,0x35,0x49,0xFF,0xFF,0xFF,0x29,0x3E,0xFF,0xFF,
  0xFF,0x1D,0x32,0xFF,0xFF,0xFF,0x12,0x00,0x00,0x00,0x00,0x00,0x00,0x00,0x00,0x00,
  0x00,0x2A,0xD0,0xFB,0xBB,0x12,0xB0,0xFF,0xFF,0xFF,0x81,0xB0,0xFF,0xFF,0xFF,0x81,
  0x2B,0xD1,0xFB,0xBC,0x12,
};
const font_glyph_t glyph_33_24 = {33, 24, 5, 17, 7, 1, 17, font_33_24};

const unsigned char font_34_24[] = {
  0xB0,0xFF,0xFF,0x00,0x90,0xFF,0xFF,0x1C,0xB0,0xFF,0xFF,0x00,0x90,0xFF,0xFF,0x1B,
  0xB0,0xFF,0xEE,0x00,0x90,0xFF,0xFF,0x0A,0xB0,0xFF,0xD4,0x00,0x90,0xFF,0xF0,0x00,
  0xB0,0xFF,0xBC,0x00,0x90,0xFF,0xD8,0x00,0xB0,0xFF,0xA4,0x00,0x90,0xFF,0xC0,0x00,
  0xB0,0xFF,0x8C,0x00,0x90,0xFF,0xA8,0x00,
};
const font_glyph_t glyph_34_24 = {34, 24, 8, 7, 8, 0, 18, font_34_24};

const unsigned char font_35_24[] = {
  0x00,0x00,0x00,0x00,0x19,0xFF,0xFF,0x37,0x00,0xE1,0xFF,0x73,0x00,0x00,0x00,0x00,
  0x00,0x00,0x43,0xFF,0xFF,0x0E,0x0D,0xFF,0xFF,0x48,0x00,0x00,0x00,0x00,0x00,0x00,
  0x6E,0xFF,0xE3,0x00,0x36,0xFF,0xFF,0x1E,0x00,0x00,0x00,0x00,0x00,0x00,0x98,0xFF,
  0xB8,0x00,0x60,0xFF,0xF3,0x01,0x00,0x00,0x00,0x1C,0x24,0x24,0xCC,0xFF,0xA1,0x24,
  0x9D,0xFF,0xD4,0x24,0x24,0x10,0x00,0xC4,0xFF,0xFF,0xFF,0xFF,0xFF,0xFF,0xFF,0xFF,
  0xFF,0xFF,0xFF,0x70,0x00,0xC4,0xFF,0xFF,0xFF,0xFF,0xFF,0xFF,0xFF,0xFF,0xFF,0xFF,
  0xFF,0x70,0x00,0x00,0x00,0x41,0xFF,0xFF,0x10,0x0B,0xFE,0xFF,0x4B,0x00,0x00,0x00,
  0x00,0x00,0x00,0x6C,0xFF,0xE6,0x00,0x34,0xFF,0xFF,0x20,0x00,0x00,0x00,0x00,0x00,
  0x00,0x97,0xFF,0xBC,0x00,0x5F,0xFF,0xF4,0x01,0x00,0x00,0x00,0xA4,0xFF,0xFF,0xFF,
  0xFF,0xFF,0xFF,0xFF,0xFF,0xFF,0xFF,0xFF,0x8C,0x00,0xA4,0xFF,0xFF,0xFF,0xFF,0xFF,
  0xFF,0xFF,0xFF,0xFF,0xFF,0xFF,0x8C,0x00,0x17,0x24,0x39,0xFF,0xFF,0x58,0x24,0xE6,
  0xFF,0x89,0x24,0x24,0x14,0x00,0x00,0x00,0x40,0xFF,0xFF,0x14,0x0A,0xFE,0xFF,0x4C,
  0x00,0x00,0x00,0x00,0x00,0x00,0x6B,0xFF,0xE9,0x00,0x33,0xFF,0xFF,0x21,0x00,0x00,
  0x00,0x00,0x00,0x00,0x94,0xFF,0xBF,0x00,0x5C,0xFF,0xF6,0x02,0x00,0x00,0x00,0x00,
  0x00,0x00,0xBF,0xFF,0x95,0x00,0x88,0xFF,0xCD,0x00,0x00,0x00,0x00,0x00,
};
const font_glyph_t glyph_35_24 = {35, 24, 14, 17, 14, 0, 17, font_35_24};

const unsigned char font_36_24[] = {
  0x00,0x00,0x00,0x00,0x00,0x00,0x80,0xFF,0x60,0x00,0x00,0x00,0x00,0x00,0x00,0x00,
  0x00,0x00,0x00,0x80,0xFF,0x60,0x00,0x00,0x00,0x00,0x00,0x00,0x00,0x10,0x7E,0xCF,
  0xF8,0xFF,0xEB,0x9A,0x24,0x00,0x00,0x00,0x00,0x29,0xE3,0xFF,0xFF,0xFF,0xFF,0xFF,
  0xFF,0xF5,0x4A,0x00,0x00,0x03,0xD5,0xFF,0xFF,0xFF,0xFF,0xFF,0xFF,0xFF,0xFF,0xF2,
  0x1C,0x00,0x3E,0xFF,0xFF,0xFF,0xE4,0x25,0x0D,0xB3,0xFF,0xFF,0xFF,0x88,0x00,0x60,
  0xFF,0xFF,0xFF,0x98,0x00,0x00,0x30,0xFF,0xFF,0xFF,0xCF,0x00,0x51,0xFF,0xFF,0xFF,
  0xC1,0x00,0x00,0x07,0xFF,0xFF,0xFF,0xEE,0x00,0x14,0xF7,0xFF,0xFF,0xFF,0xAA,0x22,
  0x00,0x00,0x00,0x00,0x00,0x00,0x00,0x6B,0xFF,0xFF,0xFF,0xFF,0xFD,0xAE,0x35,0x00,
  0x00,0x00,0x00,0x00,0x00,0x57,0xE7,0xFF,0xFF,0xFF,0xFF,0xFF,0xA7,0x12,0x00,0x00,
  0x00,0x00,0x00,0x0A,0x6D,0xDA,0xFF,0xFF,0xFF,0xFF,0xD2,0x0E,0x00,0x00,0x00,0x00,
  0x00,0x00,0x01,0x50,0xE4,0xFF,0xFF,0xFF,0x84,0x03,0xFF,0xFF,0xFF,0xF3,0x00,0x00,
  0x00,0x42,0xFF,0xFF,0xFF,0xCC,0x00,0xE4,0xFF,0xFF,0xFF,0x27,0x00,0x00,0x1C,0xFF,
  0xFF,0xFF,0xDC,0x00,0x9F,0xFF,0xFF,0xFF,0xC1,0x20,0x0A,0x8C,0xFF,0xFF,0xFF,0xBC,
  0x00,0x26,0xF7,0xFF,0xFF,0xFF,0xFF,0xFF,0xFF,0xFF,0xFF,0xFF,0x5B,0x00,0x00,0x4B,
  0xF2,0xFF,0xFF,0xFF,0xFF,0xFF,0xFF,0xFF,0x94,0x00,0x00,0x00,0x00,0x1A,0x88,0xD1,
  0xFB,0xFF,0xEA,0xAD,0x47,0x00,0x00,0x00,0x00,0x00,0x00,0x00,0x00,0xBC,0xFF,0x24,
  0x00,0x00,0x00,0x00,0x00,0x00,0x00,0x00,0x00,0x00,0xBC,0xFF,0x24,0x00,0x00,0x00,
  0x00,
};
const font_glyph_t glyph_36_24 = {36, 24, 13, 21, 14, 0, 19, font_36_24};

const unsigned char font_37_24[] = {
  0x00,0x56,0xCF,0xFA,0xF3,0xB8,0x2D,0x00,0x00,0x00,0x00,0x00,0x00,0x00,0x00,0x00,
  0x54,0xFF,0xFF,0xFF,0xFF,0xFF,0xF0,0x1D,0x00,0x00,0x00,0x13,0x00,0x00,0x00,0x00,
  0xC9,0xFF,0xE6,0x3D,0x5F,0xFF,0xFF,0x81,0x00,0x00,0x5A,0xF7,0x83,0x00,0x00,0x00,
  0xED,0xFF,0x9D,0x00,0x00,0xE5,0xFF,0xA5,0x00,0x15,0xEC,0xFF,0x68,0x00,0x00,0x00,
  0xED,0xFF,0x9D,0x00,0x00,0xE5,0xFF,0xA5,0x00,0xA7,0xFF,0xC1,0x01,0x00,0x00,0x00,
  0xC9,0xFF,0xE6,0x3C,0x5F,0xFF,0xFF,0x81,0x4F,0xFF,0xF6,0x24,0x00,0x00,0x00,0x00,
  0x51,0xFF,0xFF,0xFF,0xFF,0xFF,0xF0,0x2D,0xE5,0xFF,0x75,0x00,0x00,0x00,0x00,0x00,
  0x00,0x53,0xCF,0xFA,0xF4,0xBA,0x2F,0x9A,0xFF,0xCC,0x03,0x00,0x00,0x00,0x00,0x00,
  0x00,0x00,0x00,0x00,0x00,0x00,0x43,0xFF,0xFB,0x2E,0x00,0x00,0x00,0x00,0x00,0x00,
  0x00,0x00,0x00,0x00,0x00,0x0B,0xDD,0xFF,0x82,0x44,0xC5,0xF8,0xF7,0xC3,0x3E,0x00,
  0x00,0x00,0x00,0x00,0x00,0x8F,0xFF,0xD5,0x42,0xFC,0xFF,0xFF,0xFF,0xFF,0xF9,0x30,
  0x00,0x00,0x00,0x00,0x38,0xFD,0xFD,0x38,0xAD,0xFF,0xF4,0x46,0x4D,0xFA,0xFF,0x9D,
  0x00,0x00,0x00,0x06,0xD4,0xFF,0x90,0x00,0xD1,0xFF,0xB9,0x00,0x00,0xC9,0xFF,0xC1,
  0x00,0x00,0x00,0x82,0xFF,0xDF,0x0B,0x00,0xD1,0xFF,0xBA,0x00,0x00,0xC7,0xFF,0xC1,
  0x00,0x00,0x0D,0xE2,0xFF,0x45,0x00,0x00,0xAD,0xFF,0xF8,0x4E,0x3F,0xF4,0xFF,0x9D,
  0x00,0x00,0x00,0x09,0x49,0x00,0x00,0x00,0x3B,0xFC,0xFF,0xFF,0xFF,0xFF,0xF9,0x30,
  0x00,0x00,0x00,0x00,0x00,0x00,0x00,0x00,0x00,0x43,0xC4,0xF8,0xF8,0xC4,0x3F,0x00,
  
};
const font_glyph_t glyph_37_24 = {37, 24, 16, 17, 18, 1, 17, font_37_24};

const unsigned char font_38_24[] = {
  0x00,0x00,0x00,0x04,0x70,0xD0,0xF9,0xF8,0xCA,0x5B,0x00,0x00,0x00,0x00,0x00,0x00,
  0x00,0x00,0x03,0xB6,0xFF,0xFF,0xFF,0xFF,0xFF,0xFF,0x86,0x00,0x00,0x00,0x00,0x00,
  0x00,0x00,0x63,0xFF,0xFF,0xFF,0xFF,0xFF,0xFF,0xFF,0xFE,0x2A,0x00,0x00,0x00,0x00,
  0x00,0x00,0xB5,0xFF,0xFF,0xE2,0x2A,0x2E,0xED,0xFF,0xFF,0x6E,0x00,0x00,0x00,0x00,
  0x00,0x00,0xCD,0xFF,0xFF,0xA0,0x00,0x00,0xBF,0xFF,0xFF,0x69,0x00,0x00,0x00,0x00,
  0x00,0x00,0xAA,0xFF,0xFF,0xE1,0x08,0x4F,0xFB,0xFF,0xFA,0x20,0x00,0x00,0x00,0x00,
  0x00,0x00,0x4B,0xFF,0xFF,0xFF,0xDE,0xFF,0xFF,0xFF,0x72,0x00,0x00,0x00,0x00,0x00,
  0x00,0x00,0x00,0xB8,0xFF,0xFF,0xFF,0xFF,0xF5,0x64,0x00,0x00,0x00,0x00,0x00,0x00,
  0x00,0x00,0x22,0xD1,0xFF,0xFF,0xFF,0xFF,0x79,0x00,0x00,0x93,0xFF,0xFF,0xBC,0x00,
  0x00,0x30,0xEB,0xFF,0xFF,0xFF,0xFF,0xFF,0xF9,0x40,0x00,0xB6,0xFF,0xFF,0xAB,0x00,
  0x05,0xDA,0xFF,0xFF,0xF8,0x7D,0xFF,0xFF,0xFF,0xEF,0x38,0xF5,0xFF,0xFF,0x82,0x00,
  0x40,0xFF,0xFF,0xFF,0xB1,0x00,0x78,0xFF,0xFF,0xFF,0xFC,0xFF,0xFF,0xFF,0x42,0x00,
  0x54,0xFF,0xFF,0xFF,0xB4,0x00,0x00,0x95,0xFF,0xFF,0xFF,0xFF,0xFF,0xDA,0x02,0x00,
  0x30,0xFF,0xFF,0xFF,0xFD,0x63,0x11,0x31,0xED,0xFF,0xFF,0xFF,0xFF,0x4D,0x00,0x00,
  0x00,0xC9,0xFF,0xFF,0xFF,0xFF,0xFF,0xFF,0xFF,0xFF,0xFF,0xFF,0xFF,0x99,0x00,0x00,
  0x00,0x22,0xDE,0xFF,0xFF,0xFF,0xFF,0xFF,0xFF,0xFF,0xFF,0xFF,0xFF,0xFF,0x78,0x00,
  0x00,0x00,0x0F,0x7D,0xCF,0xF5,0xFE,0xEA,0xB8,0x5F,0x2A,0xEC,0xFF,0xFF,0xFF,0x59,
  
};
const font_glyph_t glyph_38_24 = {38, 24, 16, 17, 16, 0, 17, font_38_24};

const unsigned char font_39_24[] = {
  0x7C,0xFF,0xFF,0x54,0x7C,0xFF,0xFF,0x54,0x7C,0xFF,0xFF,0x49,0x7C,0xFF,0xFF,0x36,
  0x7C,0xFF,0xFF,0x22,0x7C,0xFF,0xFF,0x0E,0x7C,0xFF,0xFA,0x00,
};
const font_glyph_t glyph_39_24 = {39, 24, 4, 7, 4, 0, 18, font_39_24};

const unsigned char font_40_24[] = {
  0x00,0x00,0x00,0x00,0x0E,0x9B,0x70,0x00,0x00,0x00,0x16,0xD3,0xFF,0xD4,0x00,0x00,
  0x04,0xC5,0xFF,0xFF,0x64,0x00,0x00,0x79,0xFF,0xFF,0x92,0x00,0x00,0x13,0xF2,0xFF,
  0xEE,0x0E,0x00,0x00,0x77,0xFF,0xFF,0x8C,0x00,0x00,0x00,0xD0,0xFF,0xFF,0x37,0x00,
  0x00,0x17,0xFF,0xFF,0xF4,0x03,0x00,0x00,0x4D,0xFF,0xFF,0xCA,0x00,0x00,0x00,0x72,
  0xFF,0xFF,0xAC,0x00,0x00,0x00,0x88,0xFF,0xFF,0x9A,0x00,0x00,0x00,0x92,0xFF,0xFF,
  0x91,0x00,0x00,0x00,0x92,0xFF,0xFF,0x91,0x00,0x00,0x00,0x88,0xFF,0xFF,0x9A,0x00,
  0x00,0x00,0x72,0xFF,0xFF,0xAC,0x00,0x00,0x00,0x4D,0xFF,0xFF,0xCA,0x00,0x00,0x00,
  0x17,0xFF,0xFF,0xF4,0x03,0x00,0x00,0x00,0xD0,0xFF,0xFF,0x37,0x00,0x00,0x00,0x77,
  0xFF,0xFF,0x8C,0x00,0x00,0x00,0x13,0xF2,0xFF,0xEE,0x0E,0x00,0x00,0x00,0x79,0xFF,
  0xFF,0x91,0x00,0x00,0x00,0x04,0xC5,0xFF,0xFF,0x64,0x00,0x00,0x00,0x16,0xD3,0xFF,
  0xD4,0x00,0x00,0x00,0x00,0x0E,0x9B,0x70,
};
const font_glyph_t glyph_40_24 = {40, 24, 7, 24, 8, 1, 19, font_40_24};

const unsigned char font_41_24[] = {
  0x08,0xCD,0x4D,0x00,0x00,0x00,0x00,0x00,0x5A,0xFF,0xFF,0x76,0x00,0x00,0x00,0x00,
  0x16,0xD5,0xFF,0xFF,0x5C,0x00,0x00,0x00,0x00,0x23,0xF4,0xFF,0xF4,0x1F,0x00,0x00,
  0x00,0x00,0x81,0xFF,0xFF,0xA5,0x00,0x00,0x00,0x00,0x15,0xFB,0xFF,0xFD,0x21,0x00,
  0x00,0x00,0x00,0xBD,0xFF,0xFF,0x7E,0x00,0x00,0x00,0x00,0x7E,0xFF,0xFF,0xCB,0x00,
  0x00,0x00,0x00,0x4E,0xFF,0xFF,0xFD,0x0B,0x00,0x00,0x00,0x30,0xFF,0xFF,0xFF,0x31,
  0x00,0x00,0x00,0x1E,0xFF,0xFF,0xFF,0x4A,0x00,0x00,0x00,0x16,0xFF,0xFF,0xFF,0x56,
  0x00,0x00,0x00,0x16,0xFF,0xFF,0xFF,0x56,0x00,0x00,0x00,0x1E,0xFF,0xFF,0xFF,0x4A,
  0x00,0x00,0x00,0x30,0xFF,0xFF,0xFF,0x31,0x00,0x00,0x00,0x4E,0xFF,0xFF,0xFD,0x0B,
  0x00,0x00,0x00,0x7E,0xFF,0xFF,0xCB,0x00,0x00,0x00,0x00,0xBD,0xFF,0xFF,0x7E,0x00,
  0x00,0x00,0x15,0xFB,0xFF,0xFD,0x21,0x00,0x00,0x00,0x81,0xFF,0xFF,0xA5,0x00,0x00,
  0x00,0x23,0xF4,0xFF,0xF4,0x1F,0x00,0x00,0x16,0xD5,0xFF,0xFF,0x5C,0x00,0x00,0x00,
  0x5A,0xFF,0xFF,0x76,0x00,0x00,0x00,0x00,0x08,0xCD,0x4D,0x00,0x00,0x00,0x00,0x00,
  
};
const font_glyph_t glyph_41_24 = {41, 24, 8, 24, 8, 0, 19, font_41_24};

const unsigned char font_42_24[] = {
  0x00,0x00,0x00,0x00,0x6E,0xFF,0xFA,0x00,0x00,0x00,0x00,0x00,0x00,0x00,0x00,0x00,
  0x5D,0xFF,0xE7,0x00,0x00,0x00,0x00,0x00,0x07,0x69,0x0E,0x00,0x4A,0xFF,0xD5,0x00,
  0x00,0x23,0x30,0x00,0x4E,0xFF,0xF4,0x9A,0x69,0xFF,0xC5,0x4E,0xB9,0xFE,0xB2,0x00,
  0x68,0xE8,0xFF,0xFF,0xFF,0xFF,0xFF,0xFF,0xFF,0xFF,0xD9,0x04,0x00,0x01,0x2B,0x76,
  0xFD,0xFF,0xFF,0xC1,0x64,0x24,0x00,0x00,0x00,0x00,0x02,0xAA,0xFF,0xF3,0xFF,0xD9,
  0x13,0x00,0x00,0x00,0x00,0x00,0x8C,0xFF,0xF6,0x2B,0xD2,0xFF,0xC2,0x07,0x00,0x00,
  0x00,0x40,0xFF,0xFF,0x6E,0x00,0x34,0xFC,0xFF,0x88,0x00,0x00,0x00,0x00,0x47,0xA0,
  0x02,0x00,0x00,0x84,0x8B,0x0A,0x00,0x00,
};
const font_glyph_t glyph_42_24 = {42, 24, 12, 10, 11, 0, 17, font_42_24};

const unsigned char font_43_24[] = {
  0x00,0x00,0x00,0x00,0x74,0xFF,0xFF,0xFF,0x3C,0x00,0x00,0x00,0x00,0x00,0x00,0x00,
  0x00,0x74,0xFF,0xFF,0xFF,0x3C,0x00,0x00,0x00,0x00,0x00,0x00,0x00,0x00,0x74,0xFF,
  0xFF,0xFF,0x3C,0x00,0x00,0x00,0x00,0x2F,0x64,0x64,0x64,0xAC,0xFF,0xFF,0xFF,0x89,
  0x64,0x64,0x64,0x16,0x78,0xFF,0xFF,0xFF,0xFF,0xFF,0xFF,0xFF,0xFF,0xFF,0xFF,0xFF,
  0x38,0x78,0xFF,0xFF,0xFF,0xFF,0xFF,0xFF,0xFF,0xFF,0xFF,0xFF,0xFF,0x38,0x78,0xFF,
  0xFF,0xFF,0xFF,0xFF,0xFF,0xFF,0xFF,0xFF,0xFF,0xFF,0x38,0x00,0x00,0x00,0x00,0x74,
  0xFF,0xFF,0xFF,0x3C,0x00,0x00,0x00,0x00,0x00,0x00,0x00,0x00,0x74,0xFF,0xFF,0xFF,
  0x3C,0x00,0x00,0x00,0x00,0x00,0x00,0x00,0x00,0x74,0xFF,0xFF,0xFF,0x3C,0x00,0x00,
  0x00,0x00,0x00,0x00,0x00,0x00,0x74,0xFF,0xFF,0xFF,0x3C,0x00,0x00,0x00,0x00,0x00,
  0x00,0x00,0x00,0x74,0xFF,0xFF,0xFF,0x3C,0x00,0x00,0x00,0x00,
};
const font_glyph_t glyph_43_24 = {43, 24, 13, 12, 13, 0, 13, font_43_24};

const unsigned char font_44_24[] = {
  0x00,0x3C,0xFF,0xFF,0xEE,0x00,0x3C,0xFF,0xFF,0xEC,0x00,0x3C,0xFF,0xFF,0xE7,0x00,
  0x47,0xFF,0xFF,0xD6,0x00,0x72,0xFF,0xFF,0xA1,0x00,0xCB,0xFF,0xFF,0x41,0x42,0xFF,
  0xFF,0xB8,0x00,0x12,0x81,0xD1,0x19,0x00,
};
const font_glyph_t glyph_44_24 = {44, 24, 5, 8, 6, 0, 3, font_44_24};

const unsigned char font_45_24[] = {
  0x04,0x10,0x10,0x10,0x10,0x10,0x10,0x0D,0x38,0xFF,0xFF,0xFF,0xFF,0xFF,0xFF,0xD4,
  0x38,0xFF,0xFF,0xFF,0xFF,0xFF,0xFF,0xD4,0x38,0xFF,0xFF,0xFF,0xFF,0xFF,0xFF,0xD4,
  
};
const font_glyph_t glyph_45_24 = {45, 24, 8, 4, 11, 1, 10, font_45_24};

const unsigned char font_46_24[] = {
  0x12,0xB2,0xEF,0xC1,0x1F,0x87,0xFF,0xFF,0xFF,0xA2,0x8A,0xFF,0xFF,0xFF,0xA7,0x15,
  0xBE,0xFB,0xCE,0x24,
};
const font_glyph_t glyph_46_24 = {46, 24, 5, 4, 7, 1, 4, font_46_24};

const unsigned char font_47_24[] = {
  0x00,0x00,0x00,0x00,0x00,0x00,0xAA,0xFF,0xFF,0x27,0x00,0x00,0x00,0x00,0x00,0x09,
  0xF4,0xFF,0xD3,0x00,0x00,0x00,0x00,0x00,0x00,0x51,0xFF,0xFF,0x80,0x00,0x00,0x00,
  0x00,0x00,0x00,0xA3,0xFF,0xFF,0x2D,0x00,0x00,0x00,0x00,0x00,0x06,0xF0,0xFF,0xDA,
  0x00,0x00,0x00,0x00,0x00,0x00,0x4A,0xFF,0xFF,0x86,0x00,0x00,0x00,0x00,0x00,0x00,
  0x9C,0xFF,0xFF,0x33,0x00,0x00,0x00,0x00,0x00,0x04,0xEB,0xFF,0xE1,0x01,0x00,0x00,
  0x00,0x00,0x00,0x42,0xFF,0xFF,0x8E,0x00,0x00,0x00,0x00,0x00,0x00,0x96,0xFF,0xFF,
  0x3A,0x00,0x00,0x00,0x00,0x00,0x02,0xE7,0xFF,0xE5,0x02,0x00,0x00,0x00,0x00,0x00,
  0x3C,0xFF,0xFF,0x94,0x00,0x00,0x00,0x00,0x00,0x00,0x8F,0xFF,0xFF,0x41,0x00,0x00,
  0x00,0x00,0x00,0x01,0xE1,0xFF,0xEB,0x03,0x00,0x00,0x00,0x00,0x00,0x36,0xFF,0xFF,
  0x9A,0x00,0x00,0x00,0x00,0x00,0x00,0x88,0xFF,0xFF,0x48,0x00,0x00,0x00,0x00,0x00,
  0x00,0xDA,0xFF,0xEF,0x06,0x00,0x00,0x00,0x00,0x00,0x2E,0xFF,0xFF,0xA2,0x00,0x00,
  0x00,0x00,0x00,0x00,
};
const font_glyph_t glyph_47_24 = {47, 24, 10, 18, 8, -1, 17, font_47_24};

const unsigned char font_48_24[] = {
  0x00,0x00,0x17,0x8C,0xD9,0xFA,0xF9,0xD4,0x83,0x10,0x00,0x00,0x00,0x31,0xEA,0xFF,
  0xFF,0xFF,0xFF,0xFF,0xFF,0xE1,0x22,0x00,0x0B,0xE2,0xFF,0xFF,0xFF,0xFF,0xFF,0xFF,
  0xFF,0xFF,0xD0,0x03,0x6C,0xFF,0xFF,0xFF,0xC1,0x22,0x28,0xD0,0xFF,0xFF,0xFF,0x53,
  0xB9,0xFF,0xFF,0xFF,0x34,0x00,0x00,0x4C,0xFF,0xFF,0xFF,0xA2,0xE5,0xFF,0xFF,0xFD,
  0x04,0x00,0x00,0x1A,0xFF,0xFF,0xFF,0xD0,0xF8,0xFF,0xFF,0xF5,0x00,0x00,0x00,0x0D,
  0xFF,0xFF,0xFF,0xE4,0xFC,0xFF,0xFF,0xF4,0x00,0x00,0x00,0x0C,0xFF,0xFF,0xFF,0xE8,
  0xFC,0xFF,0xFF,0xF4,0x00,0x00,0x00,0x0C,0xFF,0xFF,0xFF,0xE8,0xFC,0xFF,0xFF,0xF4,
  0x00,0x00,0x00,0x0C,0xFF,0xFF,0xFF,0xE8,0xF8,0xFF,0xFF,0xF5,0x00,0x00,0x00,0x0D,
  0xFF,0xFF,0xFF,0xE4,0xE4,0xFF,0xFF,0xFE,0x06,0x00,0x00,0x19,0xFF,0xFF,0xFF,0xD0,
  0xB6,0xFF,0xFF,0xFF,0x36,0x00,0x00,0x4A,0xFF,0xFF,0xFF,0xA3,0x67,0xFF,0xFF,0xFF,
  0xBF,0x1F,0x28,0xCF,0xFF,0xFF,0xFF,0x53,0x09,0xDD,0xFF,0xFF,0xFF,0xFF,0xFF,0xFF,
  0xFF,0xFF,0xD2,0x03,0x00,0x30,0xE9,0xFF,0xFF,0xFF,0xFF,0xFF,0xFF,0xE3,0x24,0x00,
  0x00,0x00,0x16,0x8C,0xD9,0xFA,0xF9,0xD4,0x83,0x11,0x00,0x00,
};
const font_glyph_t glyph_48_24 = {48, 24, 12, 17, 14, 1, 17, font_48_24};

const unsigned char font_49_24[] = {
  0x00,0x00,0x00,0x00,0x00,0x0A,0x56,0xAE,0xC3,0x00,0x00,0x06,0x4C,0xA5,0xF3,0xFF,
  0xFF,0xCC,0x05,0x9C,0xEE,0xFF,0xFF,0xFF,0xFF,0xFF,0xCC,0x0C,0xFF,0xFF,0xFF,0xFF,
  0xFF,0xFF,0xFF,0xCC,0x0C,0xFF,0xFF,0xD4,0xA1,0xFF,0xFF,0xFF,0xCC,0x07,0x68,0x1E,
  0x00,0x28,0xFF,0xFF,0xFF,0xCC,0x00,0x00,0x00,0x00,0x28,0xFF,0xFF,0xFF,0xCC,0x00,
  0x00,0x00,0x00,0x28,0xFF,0xFF,0xFF,0xCC,0x00,0x00,0x00,0x00,0x28,0xFF,0xFF,0xFF,
  0xCC,0x00,0x00,0x00,0x00,0x28,0xFF,0xFF,0xFF,0xCC,0x00,0x00,0x00,0x00,0x28,0xFF,
  0xFF,0xFF,0xCC,0x00,0x00,0x00,0x00,0x28,0xFF,0xFF,0xFF,0xCC,0x00,0x00,0x00,0x00,
  0x28,0xFF,0xFF,0xFF,0xCC,0x00,0x00,0x00,0x00,0x28,0xFF,0xFF,0xFF,0xCC,0x00,0x00,
  0x00,0x00,0x28,0xFF,0xFF,0xFF,0xCC,0x00,0x00,0x00,0x00,0x28,0xFF,0xFF,0xFF,0xCC,
  0x00,0x00,0x00,0x00,0x28,0xFF,0xFF,0xFF,0xCC,
};
const font_glyph_t glyph_49_24 = {49, 24, 9, 17, 14, 1, 17, font_49_24};

const unsigned char font_50_24[] = {
  0x00,0x00,0x00,0x22,0x97,0xDE,0xFB,0xF7,0xD9,0x97,0x27,0x00,0x00,0x00,0x00,0x57,
  0xF6,0xFF,0xFF,0xFF,0xFF,0xFF,0xFF,0xF8,0x4E,0x00,0x00,0x38,0xFB,0xFF,0xFF,0xFF,
  0xFF,0xFF,0xFF,0xFF,0xFF,0xF1,0x11,0x00,0xC4,0xFF,0xFF,0xFF,0x98,0x16,0x3B,0xEA,
  0xFF,0xFF,0xFF,0x5F,0x1C,0xFF,0xFF,0xFF,0xEC,0x06,0x00,0x00,0x88,0xFF,0xFF,0xFF,
  0x82,0x45,0xFF,0xFF,0xFF,0xB8,0x00,0x00,0x00,0x7C,0xFF,0xFF,0xFF,0x7A,0x00,0x00,
  0x00,0x00,0x00,0x00,0x00,0x01,0xCB,0xFF,0xFF,0xFF,0x3D,0x00,0x00,0x00,0x00,0x00,
  0x00,0x00,0x68,0xFF,0xFF,0xFF,0xC9,0x00,0x00,0x00,0x00,0x00,0x00,0x00,0x38,0xF8,
  0xFF,0xFF,0xF7,0x2E,0x00,0x00,0x00,0x00,0x00,0x00,0x32,0xEE,0xFF,0xFF,0xFE,0x57,
  0x00,0x00,0x00,0x00,0x00,0x00,0x2D,0xED,0xFF,0xFF,0xFF,0x68,0x00,0x00,0x00,0x00,
  0x00,0x00,0x2B,0xEA,0xFF,0xFF,0xFF,0x6C,0x00,0x00,0x00,0x00,0x00,0x00,0x26,0xE8,
  0xFF,0xFF,0xFF,0x86,0x00,0x00,0x00,0x00,0x00,0x00,0x24,0xE5,0xFF,0xFF,0xFF,0xAC,
  0x0D,0x0C,0x0C,0x0C,0x0C,0x0C,0x00,0xD9,0xFF,0xFF,0xFF,0xFF,0xFF,0xFF,0xFF,0xFF,
  0xFF,0xFF,0xF8,0x00,0xF0,0xFF,0xFF,0xFF,0xFF,0xFF,0xFF,0xFF,0xFF,0xFF,0xFF,0xF8,
  0x00,0xF0,0xFF,0xFF,0xFF,0xFF,0xFF,0xFF,0xFF,0xFF,0xFF,0xFF,0xF8,
};
const font_glyph_t glyph_50_24 = {50, 24, 13, 17, 14, 0, 17, font_50_24};

const unsigned char font_51_24[] = {
  0x00,0x00,0x00,0x44,0xAC,0xE8,0xFC,0xF4,0xCF,0x89,0x1D,0x00,0x00,0x00,0x02,0x99,
  0xFF,0xFF,0xFF,0xFF,0xFF,0xFF,0xFF,0xF5,0x4E,0x00,0x00,0x79,0xFF,0xFF,0xFF,0xFF,
  0xFF,0xFF,0xFF,0xFF,0xFF,0xF6,0x20,0x03,0xED,0xFF,0xFF,0xFF,0x88,0x18,0x2F,0xD3,
  0xFF,0xFF,0xFF,0x81,0x22,0xFF,0xFF,0xFF,0xDC,0x00,0x00,0x00,0x57,0xFF,0xFF,0xFF,
  0xAA,0x00,0x00,0x00,0x00,0x00,0x00,0x00,0x00,0x59,0xFF,0xFF,0xFF,0x9C,0x00,0x00,
  0x00,0x00,0x00,0x00,0x00,0x1B,0xCD,0xFF,0xFF,0xFF,0x3F,0x00,0x00,0x00,0x00,0x53,
  0xF0,0xF1,0xFF,0xFF,0xFF,0xFF,0x7A,0x00,0x00,0x00,0x00,0x00,0x6F,0xFF,0xFF,0xFF,
  0xFF,0xFF,0x9D,0x03,0x00,0x00,0x00,0x00,0x00,0x5A,0xFF,0xFF,0xFF,0xFF,0xFF,0xFF,
  0xC3,0x0D,0x00,0x00,0x00,0x00,0x00,0x00,0x01,0x1F,0xAA,0xFF,0xFF,0xFF,0x91,0x00,
  0x00,0x00,0x00,0x00,0x00,0x00,0x00,0x14,0xFF,0xFF,0xFF,0xE5,0x68,0xFF,0xFF,0xFF,
  0xA2,0x00,0x00,0x00,0x11,0xFF,0xFF,0xFF,0xF3,0x38,0xFF,0xFF,0xFF,0xFC,0x6B,0x14,
  0x29,0xB2,0xFF,0xFF,0xFF,0xC7,0x00,0xBE,0xFF,0xFF,0xFF,0xFF,0xFF,0xFF,0xFF,0xFF,
  0xFF,0xFF,0x51,0x00,0x15,0xC9,0xFF,0xFF,0xFF,0xFF,0xFF,0xFF,0xFF,0xFB,0x70,0x00,
  0x00,0x00,0x03,0x5D,0xB8,0xEB,0xFF,0xF5,0xD1,0x8D,0x24,0x00,0x00,
};
const font_glyph_t glyph_51_24 = {51, 24, 13, 17, 14, 0, 17, font_51_24};

const unsigned char font_52_24[] = {
  0x00,0x00,0x00,0x00,0x00,0x00,0x02,0xC5,0xFF,0xFF,0xFF,0x7C,0x00,0x00,0x00,0x00,
  0x00,0x00,0x00,0x00,0x6E,0xFF,0xFF,0xFF,0xFF,0x7C,0x00,0x00,0x00,0x00,0x00,0x00,
  0x00,0x1F,0xF3,0xFF,0xFF,0xFF,0xFF,0x7C,0x00,0x00,0x00,0x00,0x00,0x00,0x00,0xB9,
  0xFF,0xFF,0xFF,0xFF,0xFF,0x7C,0x00,0x00,0x00,0x00,0x00,0x00,0x5F,0xFF,0xFF,0xFF,
  0xFF,0xFF,0xFF,0x7C,0x00,0x00,0x00,0x00,0x00,0x18,0xED,0xFF,0xFD,0xAC,0xFF,0xFF,
  0xFF,0x7C,0x00,0x00,0x00,0x00,0x00,0xAB,0xFF,0xFF,0x95,0x78,0xFF,0xFF,0xFF,0x7C,
  0x00,0x00,0x00,0x00,0x52,0xFF,0xFF,0xE8,0x10,0x78,0xFF,0xFF,0xFF,0x7C,0x00,0x00,
  0x00,0x10,0xE8,0xFF,0xFF,0x5C,0x00,0x78,0xFF,0xFF,0xFF,0x7C,0x00,0x00,0x00,0x9E,
  0xFF,0xFF,0xC6,0x0D,0x0C,0x80,0xFF,0xFF,0xFF,0x83,0x0C,0x02,0x33,0xFF,0xFF,0xFF,
  0xFF,0xFF,0xFF,0xFF,0xFF,0xFF,0xFF,0xFF,0xFF,0x34,0x3A,0xFF,0xFF,0xFF,0xFF,0xFF,
  0xFF,0xFF,0xFF,0xFF,0xFF,0xFF,0xFF,0x34,0x20,0xFF,0xFF,0xFF,0xFF,0xFF,0xFF,0xFF,
  0xFF,0xFF,0xFF,0xFF,0xFF,0x34,0x00,0x00,0x00,0x00,0x00,0x00,0x00,0x78,0xFF,0xFF,
  0xFF,0x7C,0x00,0x00,0x00,0x00,0x00,0x00,0x00,0x00,0x00,0x78,0xFF,0xFF,0xFF,0x7C,
  0x00,0x00,0x00,0x00,0x00,0x00,0x00,0x00,0x00,0x78,0xFF,0xFF,0xFF,0x7C,0x00,0x00,
  0x00,0x00,0x00,0x00,0x00,0x00,0x00,0x78,0xFF,0xFF,0xFF,0x7C,0x00,0x00,
};
const font_glyph_t glyph_52_24 = {52, 24, 14, 17, 14, 0, 17, font_52_24};

const unsigned char font_53_24[] = {
  0x00,0x00,0xBC,0xFF,0xFF,0xFF,0xFF,0xFF,0xFF,0xFF,0xFF,0xFF,0x4C,0x00,0x00,0xD8,
  0xFF,0xFF,0xFF,0xFF,0xFF,0xFF,0xFF,0xFF,0xFF,0x4C,0x00,0x00,0xF7,0xFF,0xFF,0xFF,
  0xFF,0xFF,0xFF,0xFF,0xFF,0xFF,0x4C,0x00,0x14,0xFF,0xFF,0xFF,0x87,0x10,0x10,0x10,
  0x10,0x10,0x10,0x05,0x00,0x32,0xFF,0xFF,0xFF,0x64,0x00,0x00,0x00,0x00,0x00,0x00,
  0x00,0x00,0x50,0xFF,0xFF,0xFF,0x48,0x00,0x00,0x00,0x00,0x00,0x00,0x00,0x00,0x6D,
  0xFF,0xFF,0xFF,0xA7,0xDB,0xFC,0xF0,0xBD,0x4F,0x00,0x00,0x00,0x8C,0xFF,0xFF,0xFF,
  0xFF,0xFF,0xFF,0xFF,0xFF,0xFF,0x89,0x00,0x00,0xA1,0xFF,0xFF,0xFF,0xE3,0xC0,0xE3,
  0xFF,0xFF,0xFF,0xFF,0x3E,0x00,0x02,0x2C,0x67,0x72,0x03,0x00,0x03,0x9E,0xFF,0xFF,
  0xFF,0x9F,0x00,0x00,0x00,0x00,0x00,0x00,0x00,0x00,0x29,0xFF,0xFF,0xFF,0xD0,0x00,
  0x00,0x00,0x00,0x00,0x00,0x00,0x00,0x17,0xFF,0xFF,0xFF,0xDE,0x06,0xFE,0xFF,0xFF,
  0xFB,0x0C,0x00,0x00,0x3F,0xFF,0xFF,0xFF,0xC9,0x00,0xCC,0xFF,0xFF,0xFF,0xA5,0x1D,
  0x24,0xC6,0xFF,0xFF,0xFF,0x88,0x00,0x4A,0xFF,0xFF,0xFF,0xFF,0xFF,0xFF,0xFF,0xFF,
  0xFF,0xF2,0x1B,0x00,0x00,0x64,0xF9,0xFF,0xFF,0xFF,0xFF,0xFF,0xFF,0xF2,0x45,0x00,
  0x00,0x00,0x00,0x23,0x91,0xD9,0xFA,0xFA,0xDB,0x91,0x1E,0x00,0x00,
};
const font_glyph_t glyph_53_24 = {53, 24, 13, 17, 14, 0, 17, font_53_24};

const unsigned char font_54_24[] = {
  0x00,0x00,0x00,0x00,0x00,0x08,0x5F,0xB0,0xE3,0xFB,0x94,0x00,0x00,0x00,0x00,0x00,
  0x00,0x00,0x4D,0xE4,0xFF,0xFF,0xFF,0xFF,0x94,0x00,0x00,0x00,0x00,0x00,0x00,0x75,
  0xFF,0xFF,0xFF,0xFF,0xFF,0xFF,0x94,0x00,0x00,0x00,0x00,0x00,0x53,0xFF,0xFF,0xFF,
  0xFF,0xB7,0x5A,0x2B,0x11,0x00,0x00,0x00,0x00,0x0C,0xEA,0xFF,0xFF,0xFD,0x5B,0x00,
  0x00,0x00,0x00,0x00,0x00,0x00,0x00,0x6C,0xFF,0xFF,0xFF,0x8C,0x00,0x00,0x00,0x00,
  0x00,0x00,0x00,0x00,0x00,0xBB,0xFF,0xFF,0xFF,0x46,0xA3,0xEA,0xFD,0xE2,0x8E,0x10,
  0x00,0x00,0x00,0xEA,0xFF,0xFF,0xFF,0xF0,0xFF,0xFF,0xFF,0xFF,0xFF,0xD5,0x0F,0x00,
  0x01,0xFE,0xFF,0xFF,0xFF,0xFF,0xFF,0xFF,0xFF,0xFF,0xFF,0xFF,0x8F,0x00,0x04,0xFF,
  0xFF,0xFF,0xFF,0x99,0x1A,0x1A,0x9A,0xFF,0xFF,0xFF,0xF0,0x04,0x02,0xFF,0xFF,0xFF,
  0xFB,0x03,0x00,0x00,0x04,0xE6,0xFF,0xFF,0xFF,0x2A,0x00,0xF0,0xFF,0xFF,0xFA,0x01,
  0x00,0x00,0x00,0xC2,0xFF,0xFF,0xFF,0x3A,0x00,0xBC,0xFF,0xFF,0xFF,0x2D,0x00,0x00,
  0x04,0xE7,0xFF,0xFF,0xFF,0x23,0x00,0x61,0xFF,0xFF,0xFF,0xC4,0x29,0x1A,0x9C,0xFF,
  0xFF,0xFF,0xD9,0x00,0x00,0x04,0xCB,0xFF,0xFF,0xFF,0xFF,0xFF,0xFF,0xFF,0xFF,0xFF,
  0x54,0x00,0x00,0x00,0x1A,0xD1,0xFF,0xFF,0xFF,0xFF,0xFF,0xFF,0xFD,0x74,0x00,0x00,
  0x00,0x00,0x00,0x06,0x6D,0xC6,0xF3,0xFD,0xE4,0xA3,0x32,0x00,0x00,0x00,
};
const font_glyph_t glyph_54_24 = {54, 24, 14, 17, 14, 0, 17, font_54_24};

const unsigned char font_55_24[] = {
  0x64,0xFF,0xFF,0xFF,0xFF,0xFF,0xFF,0xFF,0xFF,0xFF,0xFF,0xFF,0xEC,0x64,0xFF,0xFF,
  0xFF,0xFF,0xFF,0xFF,0xFF,0xFF,0xFF,0xFF,0xFF,0xEC,0x64,0xFF,0xFF,0xFF,0xFF,0xFF,
  0xFF,0xFF,0xFF,0xFF,0xFF,0xFF,0xC1,0x05,0x0C,0x0C,0x0C,0x0C,0x0C,0x0C,0x0C,0x7D,
  0xFF,0xFF,0xFF,0x54,0x00,0x00,0x00,0x00,0x00,0x00,0x00,0x05,0xE5,0xFF,0xFF,0xE3,
  0x04,0x00,0x00,0x00,0x00,0x00,0x00,0x00,0x5F,0xFF,0xFF,0xFF,0x79,0x00,0x00,0x00,
  0x00,0x00,0x00,0x00,0x01,0xD4,0xFF,0xFF,0xF7,0x14,0x00,0x00,0x00,0x00,0x00,0x00,
  0x00,0x48,0xFF,0xFF,0xFF,0x9E,0x00,0x00,0x00,0x00,0x00,0x00,0x00,0x00,0xBE,0xFF,
  0xFF,0xFF,0x30,0x00,0x00,0x00,0x00,0x00,0x00,0x00,0x33,0xFF,0xFF,0xFF,0xC2,0x00,
  0x00,0x00,0x00,0x00,0x00,0x00,0x00,0xA7,0xFF,0xFF,0xFF,0x56,0x00,0x00,0x00,0x00,
  0x00,0x00,0x00,0x21,0xFC,0xFF,0xFF,0xE3,0x04,0x00,0x00,0x00,0x00,0x00,0x00,0x00,
  0x91,0xFF,0xFF,0xFF,0x7A,0x00,0x00,0x00,0x00,0x00,0x00,0x00,0x12,0xF5,0xFF,0xFF,
  0xF8,0x14,0x00,0x00,0x00,0x00,0x00,0x00,0x00,0x7C,0xFF,0xFF,0xFF,0x9E,0x00,0x00,
  0x00,0x00,0x00,0x00,0x00,0x08,0xEA,0xFF,0xFF,0xFF,0x31,0x00,0x00,0x00,0x00,0x00,
  0x00,0x00,0x65,0xFF,0xFF,0xFF,0xC2,0x00,0x00,0x00,0x00,0x00,0x00,
};
const font_glyph_t glyph_55_24 = {55, 24, 13, 17, 14, 0, 17, font_55_24};

const unsigned char font_56_24[] = {
  0x00,0x00,0x2A,0x9B,0xDD,0xFA,0xF9,0xD8,0x93,0x23,0x00,0x00,0x00,0x5D,0xFA,0xFF,
  0xFF,0xFF,0xFF,0xFF,0xFF,0xF6,0x4B,0x00,0x22,0xFA,0xFF,0xFF,0xFF,0xFF,0xFF,0xFF,
  0xFF,0xFF,0xF1,0x13,0x7C,0xFF,0xFF,0xFF,0xCC,0x22,0x28,0xD8,0xFF,0xFF,0xFF,0x64,
  0xA1,0xFF,0xFF,0xFF,0x63,0x00,0x00,0x74,0xFF,0xFF,0xFF,0x87,0x8F,0xFF,0xFF,0xFF,
  0x65,0x00,0x00,0x76,0xFF,0xFF,0xFF,0x77,0x3D,0xFF,0xFF,0xFF,0xD1,0x26,0x29,0xDB,
  0xFF,0xFF,0xFD,0x2A,0x00,0x88,0xFF,0xFF,0xFF,0xFF,0xFF,0xFF,0xFF,0xFF,0x76,0x00,
  0x00,0x0C,0xC9,0xFF,0xFF,0xFF,0xFF,0xFF,0xFF,0xB6,0x07,0x00,0x12,0xD3,0xFF,0xFF,
  0xFF,0xFF,0xFF,0xFF,0xFF,0xFF,0xC6,0x09,0x97,0xFF,0xFF,0xFF,0x98,0x12,0x16,0xAC,
  0xFF,0xFF,0xFF,0x81,0xEC,0xFF,0xFF,0xFC,0x09,0x00,0x00,0x22,0xFF,0xFF,0xFF,0xD3,
  0xFD,0xFF,0xFF,0xFD,0x0C,0x00,0x00,0x26,0xFF,0xFF,0xFF,0xE4,0xD9,0xFF,0xFF,0xFF,
  0xA3,0x1E,0x21,0xB3,0xFF,0xFF,0xFF,0xC1,0x74,0xFF,0xFF,0xFF,0xFF,0xFF,0xFF,0xFF,
  0xFF,0xFF,0xFF,0x5F,0x03,0xA0,0xFF,0xFF,0xFF,0xFF,0xFF,0xFF,0xFF,0xFF,0x90,0x00,
  0x00,0x00,0x46,0xA9,0xE2,0xFC,0xFA,0xDF,0xA6,0x40,0x00,0x00,
};
const font_glyph_t glyph_56_24 = {56, 24, 12, 17, 14, 1, 17, font_56_24};

const unsigned char font_57_24[] = {
  0x00,0x00,0x00,0x17,0x8B,0xDA,0xFB,0xF6,0xC7,0x66,0x03,0x00,0x00,0x00,0x00,0x3F,
  0xEE,0xFF,0xFF,0xFF,0xFF,0xFF,0xFF,0xC0,0x0D,0x00,0x00,0x21,0xF2,0xFF,0xFF,0xFF,
  0xFF,0xFF,0xFF,0xFF,0xFF,0xA8,0x00,0x00,0xA0,0xFF,0xFF,0xFF,0xBB,0x1E,0x32,0xDC,
  0xFF,0xFF,0xFF,0x35,0x00,0xF0,0xFF,0xFF,0xFF,0x1F,0x00,0x00,0x59,0xFF,0xFF,0xFF,
  0x8F,0x0D,0xFF,0xFF,0xFF,0xED,0x00,0x00,0x00,0x27,0xFF,0xFF,0xFF,0xC1,0x05,0xFE,
  0xFF,0xFF,0xFB,0x0A,0x00,0x00,0x1F,0xFF,0xFF,0xFF,0xD5,0x00,0xD0,0xFF,0xFF,0xFF,
  0x8A,0x02,0x01,0x80,0xFF,0xFF,0xFF,0xD8,0x00,0x6E,0xFF,0xFF,0xFF,0xFF,0xEB,0xE9,
  0xFF,0xFF,0xFF,0xFF,0xD4,0x00,0x04,0xB5,0xFF,0xFF,0xFF,0xFF,0xFF,0xFB,0xFF,0xFF,
  0xFF,0xC2,0x00,0x00,0x04,0x6E,0xCF,0xF9,0xF4,0xAD,0x5A,0xFF,0xFF,0xFF,0x98,0x00,
  0x00,0x00,0x00,0x00,0x00,0x00,0x00,0x80,0xFF,0xFF,0xFF,0x50,0x00,0x00,0x00,0x00,
  0x00,0x00,0x00,0x3A,0xF5,0xFF,0xFF,0xE0,0x05,0x00,0x00,0x00,0x14,0x36,0x57,0xA1,
  0xFB,0xFF,0xFF,0xFF,0x50,0x00,0x00,0x00,0x00,0x74,0xFF,0xFF,0xFF,0xFF,0xFF,0xFF,
  0x79,0x00,0x00,0x00,0x00,0x00,0x74,0xFF,0xFF,0xFF,0xFF,0xE6,0x54,0x00,0x00,0x00,
  0x00,0x00,0x00,0x74,0xFA,0xE1,0xB0,0x61,0x09,0x00,0x00,0x00,0x00,
};
const font_glyph_t glyph_57_24 = {57, 24, 13, 17, 14, 0, 17, font_57_24};

const unsigned char font_58_24[] = {
  0x10,0xB2,0xEE,0xC2,0x21,0x82,0xFF,0xFF,0xFF,0xA7,0x86,0xFF,0xFF,0xFF,0xAA,0x15,
  0xBD,0xFC,0xCF,0x26,0x00,0x00,0x00,0x00,0x00,0x00,0x00,0x00,0x00,0x00,0x00,0x00,
  0x00,0x00,0x00,0x00,0x00,0x00,0x00,0x00,0x00,0x00,0x00,0x00,0x00,0x10,0xB2,0xEE,
  0xC2,0x21,0x82,0xFF,0xFF,0xFF,0xA7,0x86,0xFF,0xFF,0xFF,0xAA,0x15,0xBD,0xFC,0xCF,
  0x26,
};
const font_glyph_t glyph_58_24 = {58, 24, 5, 13, 7, 1, 13, font_58_24};

const unsigned char font_59_24[] = {
  0x00,0x20,0xC1,0xEE,0xB2,0x11,0x00,0xA6,0xFF,0xFF,0xFF,0x82,0x00,0xAA,0xFF,0xFF,
  0xFF,0x86,0x00,0x25,0xCE,0xFC,0xBE,0x15,0x00,0x00,0x00,0x00,0x00,0x00,0x00,0x00,
  0x00,0x00,0x00,0x00,0x00,0x00,0x00,0x00,0x00,0x00,0x00,0x00,0x00,0x00,0x00,0x00,
  0x00,0x00,0x00,0x00,0x00,0x00,0x00,0x00,0x00,0x00,0x00,0x00,0x00,0x00,0xF0,0xFF,
  0xFF,0x3A,0x00,0x00,0xF0,0xFF,0xFF,0x38,0x00,0x00,0xF0,0xFF,0xFF,0x33,0x00,0x01,
  0xFA,0xFF,0xFF,0x22,0x00,0x26,0xFF,0xFF,0xEB,0x02,0x00,0x80,0xFF,0xFF,0x8C,0x00,
  0x0B,0xEC,0xFF,0xED,0x16,0x00,0x03,0x5C,0xD3,0x4A,0x00,0x00,
};
const font_glyph_t glyph_59_24 = {59, 24, 6, 18, 7, 0, 13, font_59_24};

const unsigned char font_60_24[] = {
  0x00,0x00,0x00,0x00,0x00,0x00,0x00,0x00,0x0B,0x68,0xBC,0x00,0x00,0x00,0x00,0x00,
  0x00,0x25,0x8F,0xF1,0xFF,0xE8,0x00,0x00,0x00,0x02,0x4C,0xB8,0xFE,0xFF,0xFF,0xFF,
  0xE8,0x00,0x11,0x73,0xDD,0xFF,0xFF,0xFF,0xFF,0xFF,0xFF,0xCB,0x57,0xF6,0xFF,0xFF,
  0xFF,0xFF,0xFF,0xEC,0x95,0x39,0x01,0x80,0xFF,0xFF,0xFF,0xF6,0xA9,0x4C,0x05,0x00,
  0x00,0x00,0x80,0xFF,0xFF,0xFF,0xF4,0xA4,0x49,0x04,0x00,0x00,0x00,0x57,0xF6,0xFF,
  0xFF,0xFF,0xFF,0xFF,0xEA,0x95,0x3B,0x01,0x00,0x11,0x73,0xDD,0xFF,0xFF,0xFF,0xFF,
  0xFF,0xFF,0xCF,0x00,0x00,0x00,0x02,0x4C,0xB9,0xFE,0xFF,0xFF,0xFF,0xE8,0x00,0x00,
  0x00,0x00,0x00,0x00,0x25,0x8F,0xF1,0xFF,0xE8,0x00,0x00,0x00,0x00,0x00,0x00,0x00,
  0x00,0x0B,0x68,0xBC,
};
const font_glyph_t glyph_60_24 = {60, 24, 11, 12, 12, 0, 13, font_60_24};

const unsigned char font_61_24[] = {
  0x06,0x0C,0x0C,0x0C,0x0C,0x0C,0x0C,0x0C,0x0C,0x0C,0x0C,0x04,0x80,0xFF,0xFF,0xFF,
  0xFF,0xFF,0xFF,0xFF,0xFF,0xFF,0xFF,0x5C,0x80,0xFF,0xFF,0xFF,0xFF,0xFF,0xFF,0xFF,
  0xFF,0xFF,0xFF,0x5C,0x80,0xFF,0xFF,0xFF,0xFF,0xFF,0xFF,0xFF,0xFF,0xFF,0xFF,0x5C,
  0x00,0x00,0x00,0x00,0x00,0x00,0x00,0x00,0x00,0x00,0x00,0x00,0x00,0x00,0x00,0x00,
  0x00,0x00,0x00,0x00,0x00,0x00,0x00,0x00,0x80,0xFF,0xFF,0xFF,0xFF,0xFF,0xFF,0xFF,
  0xFF,0xFF,0xFF,0x5C,0x80,0xFF,0xFF,0xFF,0xFF,0xFF,0xFF,0xFF,0xFF,0xFF,0xFF,0x5C,
  0x80,0xFF,0xFF,0xFF,0xFF,0xFF,0xFF,0xFF,0xFF,0xFF,0xFF,0x5C,0x06,0x0C,0x0C,0x0C,
  0x0C,0x0C,0x0C,0x0C,0x0C,0x0C,0x0C,0x04,
};
const font_glyph_t glyph_61_24 = {61, 24, 12, 10, 14, 1, 12, font_61_24};

const unsigned char font_62_24[] = {
  0x99,0x7D,0x17,0x00,0x00,0x00,0x00,0x00,0x00,0x00,0x00,0xB4,0xFF,0xF9,0xA3,0x38,
  0x00,0x00,0x00,0x00,0x00,0x00,0xB4,0xFF,0xFF,0xFF,0xFF,0xCC,0x5E,0x08,0x00,0x00,
  0x00,0x98,0xFF,0xFF,0xFF,0xFF,0xFF,0xFF,0xEA,0x85,0x1C,0x00,0x00,0x25,0x7F,0xDA,
  0xFF,0xFF,0xFF,0xFF,0xFF,0xFC,0x78,0x00,0x00,0x00,0x00,0x35,0x8E,0xE7,0xFF,0xFF,
  0xFF,0xB8,0x00,0x00,0x00,0x01,0x3D,0x9A,0xF0,0xFF,0xFF,0xFF,0xB8,0x00,0x28,0x84,
  0xDF,0xFF,0xFF,0xFF,0xFF,0xFF,0xFC,0x79,0x99,0xFF,0xFF,0xFF,0xFF,0xFF,0xFF,0xEA,
  0x85,0x1D,0x00,0xB4,0xFF,0xFF,0xFF,0xFF,0xCC,0x5E,0x08,0x00,0x00,0x00,0xB4,0xFF,
  0xFA,0xA3,0x39,0x00,0x00,0x00,0x00,0x00,0x00,0x99,0x7E,0x17,0x00,0x00,0x00,0x00,
  0x00,0x00,0x00,0x00,
};
const font_glyph_t glyph_62_24 = {62, 24, 11, 12, 12, 1, 13, font_62_24};

const unsigned char font_63_24[] = {
  0x00,0x00,0x2A,0x9B,0xDD,0xFA,0xFA,0xDE,0xA1,0x35,0x00,0x00,0x00,0x53,0xF9,0xFF,
  0xFF,0xFF,0xFF,0xFF,0xFF,0xFE,0x63,0x00,0x18,0xF4,0xFF,0xFF,0xFF,0xFF,0xFF,0xFF,
  0xFF,0xFF,0xF7,0x18,0x6E,0xFF,0xFF,0xFF,0xD5,0x27,0x28,0xDE,0xFF,0xFF,0xFF,0x58,
  0x99,0xFF,0xFF,0xFF,0x69,0x00,0x00,0x96,0xFF,0xFF,0xFF,0x67,0x00,0x00,0x00,0x00,
  0x00,0x00,0x04,0xD0,0xFF,0xFF,0xFF,0x34,0x00,0x00,0x00,0x00,0x00,0x08,0xA8,0xFF,
  0xFF,0xFF,0xA0,0x00,0x00,0x00,0x00,0x00,0x0B,0xC7,0xFF,0xFF,0xFF,0xA5,0x05,0x00,
  0x00,0x00,0x00,0x00,0x82,0xFF,0xFF,0xFF,0x8B,0x01,0x00,0x00,0x00,0x00,0x00,0x00,
  0xD4,0xFF,0xFF,0xB9,0x00,0x00,0x00,0x00,0x00,0x00,0x00,0x00,0xF2,0xFF,0xFF,0x71,
  0x00,0x00,0x00,0x00,0x00,0x00,0x00,0x00,0x00,0x00,0x00,0x00,0x00,0x00,0x00,0x00,
  0x00,0x00,0x00,0x00,0x00,0x00,0x00,0x00,0x00,0x00,0x00,0x00,0x00,0x00,0x00,0x05,
  0x9E,0xEF,0xD6,0x3E,0x00,0x00,0x00,0x00,0x00,0x00,0x00,0x5B,0xFF,0xFF,0xFF,0xD7,
  0x00,0x00,0x00,0x00,0x00,0x00,0x00,0x5E,0xFF,0xFF,0xFF,0xD9,0x00,0x00,0x00,0x00,
  0x00,0x00,0x00,0x07,0xA6,0xF7,0xE0,0x43,0x00,0x00,0x00,0x00,
};
const font_glyph_t glyph_63_24 = {63, 24, 12, 17, 12, 0, 17, font_63_24};

const unsigned char font_64_24[] = {
  0x00,0x00,0x00,0x00,0x00,0x00,0x03,0x50,0xA4,0xDA,0xF7,0xFE,0xF0,0xCE,0x8F,0x32,
  0x00,0x00,0x00,0x00,0x00,0x00,0x00,0x00,0x00,0x00,0x42,0xD8,0xFF,0xFF,0xFF,0xFF,
  0xFF,0xFF,0xFF,0xFF,0xFF,0xAE,0x16,0x00,0x00,0x00,0x00,0x00,0x00,0x00,0x75,0xFE,
  0xFF,0xF1,0x88,0x38,0x0F,0x06,0x1A,0x4C,0xA5,0xFD,0xFF,0xE0,0x1F,0x00,0x00,0x00,
  0x00,0x00,0x6C,0xFF,0xFF,0xBE,0x17,0x00,0x00,0x00,0x00,0x00,0x00,0x00,0x38,0xEA,
  0xFF,0xD1,0x07,0x00,0x00,0x00,0x30,0xFA,0xFF,0xC0,0x07,0x00,0x00,0x00,0x00,0x00,
  0x00,0x00,0x00,0x00,0x35,0xFB,0xFF,0x74,0x00,0x00,0x00,0xC1,0xFF,0xF0,0x18,0x00,
  0x00,0x0C,0x83,0xDF,0xFD,0xF0,0xB3,0x33,0x00,0x00,0x9B,0xFF,0xE3,0x02,0x00,0x37,
  0xFF,0xFF,0x7C,0x00,0x00,0x14,0xD2,0xFF,0xFF,0xFF,0xFF,0xFF,0xFD,0x31,0x00,0x38,
  0xFF,0xFF,0x34,0x00,0x92,0xFF,0xFC,0x15,0x00,0x00,0xB3,0xFF,0xFF,0x9E,0x48,0xA4,
  0xFF,0xFF,0x2A,0x00,0x03,0xF6,0xFF,0x69,0x00,0xD6,0xFF,0xC4,0x00,0x00,0x40,0xFF,
  0xFF,0xAD,0x00,0x00,0x90,0xFF,0xFF,0x14,0x00,0x00,0xD7,0xFF,0x87,0x09,0xFE,0xFF,
  0x8E,0x00,0x00,0xA3,0xFF,0xFF,0x3E,0x00,0x00,0xA5,0xFF,0xFD,0x02,0x00,0x00,0xCA,
  0xFF,0x92,0x25,0xFF,0xFF,0x6B,0x00,0x00,0xE7,0xFF,0xFA,0x05,0x00,0x00,0xBC,0xFF,
  0xE9,0x00,0x00,0x00,0xCF,0xFF,0x8A,0x34,0xFF,0xFF,0x5A,0x00,0x12,0xFF,0xFF,0xDC,
  0x00,0x00,0x00,0xD1,0xFF,0xD4,0x00,0x00,0x00,0xE8,0xFF,0x71,0x34,0xFF,0xFF,0x5C,
  0x00,0x1F,0xFF,0xFF,0xD4,0x00,0x00,0x00,0xF4,0xFF,0xBD,0x00,0x00,0x1B,0xFF,0xFF,
  0x40,0x24,0xFF,0xFF,0x6F,0x00,0x0D,0xFF,0xFF,0xF0,0x04,0x00,0x34,0xFF,0xFF,0xAB,
  0x00,0x00,0x76,0xFF,0xED,0x06,0x07,0xFB,0xFF,0x98,0x00,0x00,0xCF,0xFF,0xFF,0x92,
  0x4D,0xD9,0xFF,0xFF,0xD9,0x16,0x40,0xF2,0xFF,0x7C,0x00,0x00,0xCC,0xFF,0xDE,0x01,
  0x00,0x54,0xFF,0xFF,0xFF,0xFF,0xFF,0xC0,0xFF,0xFF,0xFF,0xFF,0xFF,0xC1,0x06,0x00,
  0x00,0x7D,0xFF,0xFF,0x4E,0x00,0x00,0x61,0xDF,0xFC,0xD2,0x56,0x03,0x84,0xF2,0xFF,
  0xE6,0x86,0x08,0x00,0x00,0x00,0x19,0xF6,0xFF,0xE2,0x16,0x00,0x00,0x00,0x00,0x00,
  0x00,0x00,0x00,0x01,0x09,0x00,0x00,0x00,0x00,0x00,0x00,0x00,0x73,0xFF,0xFF,0xD9,
  0x32,0x00,0x00,0x00,0x00,0x00,0x00,0x00,0x00,0x00,0x00,0x00,0x00,0x00,0x00,0x00,
  0x00,0x01,0x9C,0xFF,0xFF,0xFE,0xB9,0x6F,0x49,0x3E,0x4D,0x73,0xAF,0x73,0x00,0x00,
  0x00,0x00,0x00,0x00,0x00,0x00,0x00,0x01,0x6C,0xF0,0xFF,0xFF,0xFF,0xFF,0xFF,0xFF,
  0xFF,0xFF,0xB5,0x00,0x00,0x00,0x00,0x00,0x00,0x00,0x00,0x00,0x00,0x00,0x0F,0x68,
  0xAF,0xDE,0xF6,0xFE,0xEF,0xCA,0x8C,0x25,0x00,0x00,0x00,0x00,0x00,0x00,
};
const font_glyph_t glyph_64_24 = {64, 24, 21, 22, 22, 0, 17, font_64_24};

const unsigned char font_65_24[] = {
  0x00,0x00,0x00,0x00,0x00,0x00,0x08,0xF0,0xFF,0xFF,0xFF,0x4C,0x00,0x00,0x00,0x00,
  0x00,0x00,0x00,0x00,0x00,0x00,0x00,0x00,0x55,0xFF,0xFF,0xFF,0xFF,0xAA,0x00,0x00,
  0x00,0x00,0x00,0x00,0x00,0x00,0x00,0x00,0x00,0x00,0xB4,0xFF,0xFF,0xFF,0xFF,0xF8,
  0x10,0x00,0x00,0x00,0x00,0x00,0x00,0x00,0x00,0x00,0x00,0x17,0xFC,0xFF,0xFF,0xFF,
  0xFF,0xFF,0x68,0x00,0x00,0x00,0x00,0x00,0x00,0x00,0x00,0x00,0x00,0x70,0xFF,0xFF,
  0xFF,0xFC,0xFF,0xFF,0xC7,0x00,0x00,0x00,0x00,0x00,0x00,0x00,0x00,0x00,0x00,0xD0,
  0xFF,0xFF,0xEE,0x9E,0xFF,0xFF,0xFF,0x25,0x00,0x00,0x00,0x00,0x00,0x00,0x00,0x00,
  0x2C,0xFF,0xFF,0xFF,0xA3,0x4A,0xFF,0xFF,0xFF,0x84,0x00,0x00,0x00,0x00,0x00,0x00,
  0x00,0x00,0x8C,0xFF,0xFF,0xFF,0x52,0x07,0xF3,0xFF,0xFF,0xE2,0x02,0x00,0x00,0x00,
  0x00,0x00,0x00,0x03,0xE7,0xFF,0xFF,0xF8,0x0C,0x00,0xAA,0xFF,0xFF,0xFF,0x42,0x00,
  0x00,0x00,0x00,0x00,0x00,0x48,0xFF,0xFF,0xFF,0xB5,0x00,0x00,0x5A,0xFF,0xFF,0xFF,
  0xA0,0x00,0x00,0x00,0x00,0x00,0x00,0xA8,0xFF,0xFF,0xFF,0x87,0x2C,0x2C,0x3C,0xFF,
  0xFF,0xFF,0xF4,0x0C,0x00,0x00,0x00,0x00,0x0E,0xF6,0xFF,0xFF,0xFF,0xFF,0xFF,0xFF,
  0xFF,0xFF,0xFF,0xFF,0xFF,0x5E,0x00,0x00,0x00,0x00,0x64,0xFF,0xFF,0xFF,0xFF,0xFF,
  0xFF,0xFF,0xFF,0xFF,0xFF,0xFF,0xFF,0xBC,0x00,0x00,0x00,0x00,0xC1,0xFF,0xFF,0xFF,
  0xFF,0xFF,0xFF,0xFF,0xFF,0xFF,0xFF,0xFF,0xFF,0xFE,0x1E,0x00,0x00,0x21,0xFF,0xFF,
  0xFF,0xFF,0x26,0x00,0x00,0x00,0x00,0x00,0xCB,0xFF,0xFF,0xFF,0x7C,0x00,0x00,0x80,
  0xFF,0xFF,0xFF,0xD6,0x00,0x00,0x00,0x00,0x00,0x00,0x7D,0xFF,0xFF,0xFF,0xD9,0x00,
  0x01,0xDB,0xFF,0xFF,0xFF,0x86,0x00,0x00,0x00,0x00,0x00,0x00,0x2D,0xFF,0xFF,0xFF,
  0xFF,0x38,
};
const font_glyph_t glyph_65_24 = {65, 24, 18, 17, 16, -1, 17, font_65_24};

const unsigned char font_66_24[] = {
  0xB4,0xFF,0xFF,0xFF,0xFF,0xFF,0xFF,0xF5,0xD8,0xA2,0x47,0x00,0x00,0x00,0xB4,0xFF,
  0xFF,0xFF,0xFF,0xFF,0xFF,0xFF,0xFF,0xFF,0xFF,0xB3,0x0A,0x00,0xB4,0xFF,0xFF,0xFF,
  0xFF,0xFF,0xFF,0xFF,0xFF,0xFF,0xFF,0xFF,0x94,0x00,0xB4,0xFF,0xFF,0xFF,0x85,0x2C,
  0x2D,0x48,0xBD,0xFF,0xFF,0xFF,0xF6,0x07,0xB4,0xFF,0xFF,0xFF,0x6C,0x00,0x00,0x00,
  0x14,0xFF,0xFF,0xFF,0xFF,0x23,0xB4,0xFF,0xFF,0xFF,0x6C,0x00,0x00,0x00,0x01,0xF9,
  0xFF,0xFF,0xFF,0x18,0xB4,0xFF,0xFF,0xFF,0x6C,0x00,0x00,0x00,0x59,0xFF,0xFF,0xFF,
  0xD4,0x00,0xB4,0xFF,0xFF,0xFF,0xDB,0xC0,0xC0,0xD1,0xFF,0xFF,0xFF,0xF8,0x42,0x00,
  0xB4,0xFF,0xFF,0xFF,0xFF,0xFF,0xFF,0xFF,0xFF,0xFF,0xFC,0x61,0x00,0x00,0xB4,0xFF,
  0xFF,0xFF,0xFF,0xFF,0xFF,0xFF,0xFF,0xFF,0xFF,0xFF,0x7E,0x00,0xB4,0xFF,0xFF,0xFF,
  0x6C,0x00,0x00,0x04,0x49,0xF5,0xFF,0xFF,0xFF,0x2E,0xB4,0xFF,0xFF,0xFF,0x6C,0x00,
  0x00,0x00,0x00,0xA6,0xFF,0xFF,0xFF,0x75,0xB4,0xFF,0xFF,0xFF,0x6C,0x00,0x00,0x00,
  0x00,0xAD,0xFF,0xFF,0xFF,0x7E,0xB4,0xFF,0xFF,0xFF,0x87,0x2C,0x2C,0x33,0x7A,0xFC,
  0xFF,0xFF,0xFF,0x56,0xB4,0xFF,0xFF,0xFF,0xFF,0xFF,0xFF,0xFF,0xFF,0xFF,0xFF,0xFF,
  0xE8,0x0B,0xB4,0xFF,0xFF,0xFF,0xFF,0xFF,0xFF,0xFF,0xFF,0xFF,0xFF,0xED,0x3B,0x00,
  0xB4,0xFF,0xFF,0xFF,0xFF,0xFF,0xFF,0xFC,0xEC,0xC4,0x7C,0x14,0x00,0x00,
};
const font_glyph_t glyph_66_24 = {66, 24, 14, 17, 16, 1, 17, font_66_24};

const unsigned char font_67_24[] = {
  0x00,0x00,0x00,0x00,0x2E,0x99,0xDC,0xFA,0xFA,0xE3,0xAE,0x53,0x01,0x00,0x00,0x00,
  0x00,0x00,0x00,0x7F,0xFD,0xFF,0xFF,0xFF,0xFF,0xFF,0xFF,0xFF,0xC0,0x15,0x00,0x00,
  0x00,0x00,0x78,0xFF,0xFF,0xFF,0xFF,0xFF,0xFF,0xFF,0xFF,0xFF,0xFF,0xCC,0x07,0x00,
  0x00,0x26,0xFB,0xFF,0xFF,0xFF,0x9C,0x43,0x3F,0x74,0xF0,0xFF,0xFF,0xFF,0x73,0x00,
  0x00,0x94,0xFF,0xFF,0xFF,0xA7,0x00,0x00,0x00,0x00,0x50,0xFF,0xFF,0xFF,0xD6,0x00,
  0x00,0xE2,0xFF,0xFF,0xFF,0x42,0x00,0x00,0x00,0x00,0x07,0xFF,0xFF,0xFF,0xFF,0x0F,
  0x10,0xFF,0xFF,0xFF,0xFF,0x15,0x00,0x00,0x00,0x00,0x00,0x00,0x00,0x00,0x00,0x00,
  0x28,0xFF,0xFF,0xFF,0xFF,0x03,0x00,0x00,0x00,0x00,0x00,0x00,0x00,0x00,0x00,0x00,
  0x2C,0xFF,0xFF,0xFF,0xFF,0x00,0x00,0x00,0x00,0x00,0x00,0x00,0x00,0x00,0x00,0x00,
  0x28,0xFF,0xFF,0xFF,0xFF,0x03,0x00,0x00,0x00,0x00,0x00,0x00,0x00,0x00,0x00,0x00,
  0x13,0xFF,0xFF,0xFF,0xFF,0x15,0x00,0x00,0x00,0x00,0x00,0x00,0x00,0x00,0x00,0x00,
  0x00,0xE7,0xFF,0xFF,0xFF,0x3E,0x00,0x00,0x00,0x00,0x0E,0xFF,0xFF,0xFF,0xFF,0x0E,
  0x00,0x9C,0xFF,0xFF,0xFF,0x9F,0x00,0x00,0x00,0x00,0x5C,0xFF,0xFF,0xFF,0xDD,0x00,
  0x00,0x31,0xFE,0xFF,0xFF,0xFF,0x97,0x43,0x40,0x7D,0xF5,0xFF,0xFF,0xFF,0x7D,0x00,
  0x00,0x00,0x89,0xFF,0xFF,0xFF,0xFF,0xFF,0xFF,0xFF,0xFF,0xFF,0xFF,0xD1,0x0A,0x00,
  0x00,0x00,0x02,0x8E,0xFF,0xFF,0xFF,0xFF,0xFF,0xFF,0xFF,0xFF,0xC3,0x17,0x00,0x00,
  0x00,0x00,0x00,0x00,0x35,0x9D,0xDD,0xFA,0xFB,0xE3,0xAE,0x52,0x01,0x00,0x00,0x00,
  
};
const font_glyph_t glyph_67_24 = {67, 24, 16, 17, 16, 0, 17, font_67_24};

const unsigned char font_68_24[] = {
  0xB4,0xFF,0xFF,0xFF,0xFF,0xFF,0xF6,0xD5,0x93,0x2B,0x00,0x00,0x00,0x00,0xB4,0xFF,
  0xFF,0xFF,0xFF,0xFF,0xFF,0xFF,0xFF,0xFE,0x8F,0x04,0x00,0x00,0xB4,0xFF,0xFF,0xFF,
  0xFF,0xFF,0xFF,0xFF,0xFF,0xFF,0xFF,0xAA,0x01,0x00,0xB4,0xFF,0xFF,0xFF,0x87,0x2C,
  0x3E,0x91,0xFD,0xFF,0xFF,0xFF,0x6C,0x00,0xB4,0xFF,0xFF,0xFF,0x6C,0x00,0x00,0x00,
  0x6C,0xFF,0xFF,0xFF,0xED,0x09,0xB4,0xFF,0xFF,0xFF,0x6C,0x00,0x00,0x00,0x03,0xE4,
  0xFF,0xFF,0xFF,0x54,0xB4,0xFF,0xFF,0xFF,0x6C,0x00,0x00,0x00,0x00,0xA3,0xFF,0xFF,
  0xFF,0x8E,0xB4,0xFF,0xFF,0xFF,0x6C,0x00,0x00,0x00,0x00,0x86,0xFF,0xFF,0xFF,0xAC,
  0xB4,0xFF,0xFF,0xFF,0x6C,0x00,0x00,0x00,0x00,0x80,0xFF,0xFF,0xFF,0xB4,0xB4,0xFF,
  0xFF,0xFF,0x6C,0x00,0x00,0x00,0x00,0x87,0xFF,0xFF,0xFF,0xAC,0xB4,0xFF,0xFF,0xFF,
  0x6C,0x00,0x00,0x00,0x00,0xA4,0xFF,0xFF,0xFF,0x8E,0xB4,0xFF,0xFF,0xFF,0x6C,0x00,
  0x00,0x00,0x04,0xE6,0xFF,0xFF,0xFF,0x54,0xB4,0xFF,0xFF,0xFF,0x6C,0x00,0x00,0x00,
  0x70,0xFF,0xFF,0xFF,0xED,0x0A,0xB4,0xFF,0xFF,0xFF,0x87,0x2C,0x3C,0x90,0xFE,0xFF,
  0xFF,0xFF,0x6E,0x00,0xB4,0xFF,0xFF,0xFF,0xFF,0xFF,0xFF,0xFF,0xFF,0xFF,0xFF,0xAD,
  0x02,0x00,0xB4,0xFF,0xFF,0xFF,0xFF,0xFF,0xFF,0xFF,0xFF,0xFE,0x91,0x05,0x00,0x00,
  0xB4,0xFF,0xFF,0xFF,0xFF,0xFF,0xF8,0xD8,0x95,0x2F,0x00,0x00,0x00,0x00,
};
const font_glyph_t glyph_68_24 = {68, 24, 14, 17, 16, 1, 17, font_68_24};

const unsigned char font_69_24[] = {
  0xB4,0xFF,0xFF,0xFF,0xFF,0xFF,0xFF,0xFF,0xFF,0xFF,0xFF,0xFF,0x14,0xB4,0xFF,0xFF,
  0xFF,0xFF,0xFF,0xFF,0xFF,0xFF,0xFF,0xFF,0xFF,0x14,0xB4,0xFF,0xFF,0xFF,0xFF,0xFF,
  0xFF,0xFF,0xFF,0xFF,0xFF,0xFF,0x14,0xB4,0xFF,0xFF,0xFF,0x87,0x2C,0x2C,0x2C,0x2C,
  0x2C,0x2C,0x2C,0x03,0xB4,0xFF,0xFF,0xFF,0x6C,0x00,0x00,0x00,0x00,0x00,0x00,0x00,
  0x00,0xB4,0xFF,0xFF,0xFF,0x6C,0x00,0x00,0x00,0x00,0x00,0x00,0x00,0x00,0xB4,0xFF,
  0xFF,0xFF,0x78,0x10,0x10,0x10,0x10,0x10,0x0E,0x00,0x00,0xB4,0xFF,0xFF,0xFF,0xFF,
  0xFF,0xFF,0xFF,0xFF,0xFF,0xE0,0x00,0x00,0xB4,0xFF,0xFF,0xFF,0xFF,0xFF,0xFF,0xFF,
  0xFF,0xFF,0xE0,0x00,0x00,0xB4,0xFF,0xFF,0xFF,0xFF,0xFF,0xFF,0xFF,0xFF,0xFF,0xE0,
  0x00,0x00,0xB4,0xFF,0xFF,0xFF,0x6C,0x00,0x00,0x00,0x00,0x00,0x00,0x00,0x00,0xB4,
  0xFF,0xFF,0xFF,0x6C,0x00,0x00,0x00,0x00,0x00,0x00,0x00,0x00,0xB4,0xFF,0xFF,0xFF,
  0x6C,0x00,0x00,0x00,0x00,0x00,0x00,0x00,0x00,0xB4,0xFF,0xFF,0xFF,0x87,0x2C,0x2C,
  0x2C,0x2C,0x2C,0x2C,0x2C,0x02,0xB4,0xFF,0xFF,0xFF,0xFF,0xFF,0xFF,0xFF,0xFF,0xFF,
  0xFF,0xFF,0x0C,0xB4,0xFF,0xFF,0xFF,0xFF,0xFF,0xFF,0xFF,0xFF,0xFF,0xFF,0xFF,0x0C,
  0xB4,0xFF,0xFF,0xFF,0xFF,0xFF,0xFF,0xFF,0xFF,0xFF,0xFF,0xFF,0x0C,
};
const font_glyph_t glyph_69_24 = {69, 24, 13, 17, 13, 1, 17, font_69_24};

const unsigned char font_70_24[] = {
  0xB4,0xFF,0xFF,0xFF,0xFF,0xFF,0xFF,0xFF,0xFF,0xFF,0xFF,0xB8,0xB4,0xFF,0xFF,0xFF,
  0xFF,0xFF,0xFF,0xFF,0xFF,0xFF,0xFF,0xB8,0xB4,0xFF,0xFF,0xFF,0xFF,0xFF,0xFF,0xFF,
  0xFF,0xFF,0xFF,0xB8,0xB4,0xFF,0xFF,0xFF,0x87,0x2C,0x2C,0x2C,0x2C,0x2C,0x2C,0x20,
  0xB4,0xFF,0xFF,0xFF,0x6C,0x00,0x00,0x00,0x00,0x00,0x00,0x00,0xB4,0xFF,0xFF,0xFF,
  0x6C,0x00,0x00,0x00,0x00,0x00,0x00,0x00,0xB4,0xFF,0xFF,0xFF,0x87,0x2C,0x2C,0x2C,
  0x2C,0x2C,0x2C,0x02,0xB4,0xFF,0xFF,0xFF,0xFF,0xFF,0xFF,0xFF,0xFF,0xFF,0xFF,0x0C,
  0xB4,0xFF,0xFF,0xFF,0xFF,0xFF,0xFF,0xFF,0xFF,0xFF,0xFF,0x0C,0xB4,0xFF,0xFF,0xFF,
  0xFF,0xFF,0xFF,0xFF,0xFF,0xFF,0xFF,0x0C,0xB4,0xFF,0xFF,0xFF,0x6C,0x00,0x00,0x00,
  0x00,0x00,0x00,0x00,0xB4,0xFF,0xFF,0xFF,0x6C,0x00,0x00,0x00,0x00,0x00,0x00,0x00,
  0xB4,0xFF,0xFF,0xFF,0x6C,0x00,0x00,0x00,0x00,0x00,0x00,0x00,0xB4,0xFF,0xFF,0xFF,
  0x6C,0x00,0x00,0x00,0x00,0x00,0x00,0x00,0xB4,0xFF,0xFF,0xFF,0x6C,0x00,0x00,0x00,
  0x00,0x00,0x00,0x00,0xB4,0xFF,0xFF,0xFF,0x6C,0x00,0x00,0x00,0x00,0x00,0x00,0x00,
  0xB4,0xFF,0xFF,0xFF,0x6C,0x00,0x00,0x00,0x00,0x00,0x00,0x00,
};
const font_glyph_t glyph_70_24 = {70, 24, 12, 17, 13, 1, 17, font_70_24};

const unsigned char font_71_24[] = {
  0x00,0x00,0x00,0x00,0x1A,0x85,0xD0,0xF5,0xFD,0xEE,0xC4,0x79,0x11,0x00,0x00,0x00,
  0x00,0x00,0x00,0x5A,0xF3,0xFF,0xFF,0xFF,0xFF,0xFF,0xFF,0xFF,0xE9,0x3B,0x00,0x00,
  0x00,0x00,0x51,0xFE,0xFF,0xFF,0xFF,0xFF,0xFF,0xFF,0xFF,0xFF,0xFF,0xF0,0x1F,0x00,
  0x00,0x0E,0xEC,0xFF,0xFF,0xFF,0xD1,0x51,0x30,0x56,0xDD,0xFF,0xFF,0xFF,0x9C,0x00,
  0x00,0x6E,0xFF,0xFF,0xFF,0xE8,0x12,0x00,0x00,0x00,0x27,0xFE,0xFF,0xFF,0xF3,0x05,
  0x00,0xBE,0xFF,0xFF,0xFF,0x80,0x00,0x00,0x00,0x00,0x00,0xCB,0xFF,0xFF,0xFF,0x2E,
  0x00,0xEC,0xFF,0xFF,0xFF,0x43,0x00,0x00,0x00,0x00,0x00,0x00,0x00,0x00,0x00,0x00,
  0x04,0xFF,0xFF,0xFF,0xFF,0x29,0x00,0x00,0x00,0x00,0x00,0x00,0x00,0x00,0x00,0x00,
  0x08,0xFF,0xFF,0xFF,0xFF,0x24,0x00,0x00,0x98,0xD4,0xD4,0xD4,0xD4,0xD4,0xD4,0x38,
  0x04,0xFF,0xFF,0xFF,0xFF,0x28,0x00,0x00,0xB8,0xFF,0xFF,0xFF,0xFF,0xFF,0xFF,0x44,
  0x00,0xEE,0xFF,0xFF,0xFF,0x41,0x00,0x00,0xB8,0xFF,0xFF,0xFF,0xFF,0xFF,0xFF,0x44,
  0x00,0xC0,0xFF,0xFF,0xFF,0x7D,0x00,0x00,0x00,0x00,0x00,0xDC,0xFF,0xFF,0xFF,0x44,
  0x00,0x73,0xFF,0xFF,0xFF,0xE4,0x13,0x00,0x00,0x00,0x00,0xDC,0xFF,0xFF,0xFF,0x44,
  0x00,0x11,0xEF,0xFF,0xFF,0xFF,0xD7,0x5E,0x30,0x39,0x74,0xF6,0xFF,0xFF,0xFF,0x44,
  0x00,0x00,0x53,0xFE,0xFF,0xFF,0xFF,0xFF,0xFF,0xFF,0xFF,0xFF,0xFF,0xFF,0xFF,0x3D,
  0x00,0x00,0x00,0x58,0xF2,0xFF,0xFF,0xFF,0xFF,0xFF,0xFF,0xFF,0xFF,0xEC,0x63,0x00,
  0x00,0x00,0x00,0x00,0x17,0x7E,0xCA,0xF3,0xFE,0xF6,0xDC,0xAC,0x60,0x0B,0x00,0x00,
  
};
const font_glyph_t glyph_71_24 = {71, 24, 16, 17, 16, 0, 17, font_71_24};

const unsigned char font_72_24[] = {
  0xB4,0xFF,0xFF,0xFF,0x6C,0x00,0x00,0x00,0x00,0x00,0x88,0xFF,0xFF,0xFF,0x90,0xB4,
  0xFF,0xFF,0xFF,0x6C,0x00,0x00,0x00,0x00,0x00,0x88,0xFF,0xFF,0xFF,0x90,0xB4,0xFF,
  0xFF,0xFF,0x6C,0x00,0x00,0x00,0x00,0x00,0x88,0xFF,0xFF,0xFF,0x90,0xB4,0xFF,0xFF,
  0xFF,0x6C,0x00,0x00,0x00,0x00,0x00,0x88,0xFF,0xFF,0xFF,0x90,0xB4,0xFF,0xFF,0xFF,
  0x6C,0x00,0x00,0x00,0x00,0x00,0x88,0xFF,0xFF,0xFF,0x90,0xB4,0xFF,0xFF,0xFF,0x6C,
  0x00,0x00,0x00,0x00,0x00,0x88,0xFF,0xFF,0xFF,0x90,0xB4,0xFF,0xFF,0xFF,0x87,0x2C,
  0x2C,0x2C,0x2C,0x2C,0x9E,0xFF,0xFF,0xFF,0x90,0xB4,0xFF,0xFF,0xFF,0xFF,0xFF,0xFF,
  0xFF,0xFF,0xFF,0xFF,0xFF,0xFF,0xFF,0x90,0xB4,0xFF,0xFF,0xFF,0xFF,0xFF,0xFF,0xFF,
  0xFF,0xFF,0xFF,0xFF,0xFF,0xFF,0x90,0xB4,0xFF,0xFF,0xFF,0xFF,0xFF,0xFF,0xFF,0xFF,
  0xFF,0xFF,0xFF,0xFF,0xFF,0x90,0xB4,0xFF,0xFF,0xFF,0x6C,0x00,0x00,0x00,0x00,0x00,
  0x88,0xFF,0xFF,0xFF,0x90,0xB4,0xFF,0xFF,0xFF,0x6C,0x00,0x00,0x00,0x00,0x00,0x88,
  0xFF,0xFF,0xFF,0x90,0xB4,0xFF,0xFF,0xFF,0x6C,0x00,0x00,0x00,0x00,0x00,0x88,0xFF,
  0xFF,0xFF,0x90,0xB4,0xFF,0xFF,0xFF,0x6C,0x00,0x00,0x00,0x00,0x00,0x88,0xFF,0xFF,
  0xFF,0x90,0xB4,0xFF,0xFF,0xFF,0x6C,0x00,0x00,0x00,0x00,0x00,0x88,0xFF,0xFF,0xFF,
  0x90,0xB4,0xFF,0xFF,0xFF,0x6C,0x00,0x00,0x00,0x00,0x00,0x88,0xFF,0xFF,0xFF,0x90,
  0xB4,0xFF,0xFF,0xFF,0x6C,0x00,0x00,0x00,0x00,0x00,0x88,0xFF,0xFF,0xFF,0x90,
};
const font_glyph_t glyph_72_24 = {72, 24, 15, 17, 17, 1, 17, font_72_24};

const unsigned char font_73_24[] = {
  0x6C,0xFF,0xFF,0xFF,0xAC,0x6C,0xFF,0xFF,0xFF,0xAC,0x6C,0xFF,0xFF,0xFF,0xAC,0x6C,
  0xFF,0xFF,0xFF,0xAC,0x6C,0xFF,0xFF,0xFF,0xAC,0x6C,0xFF,0xFF,0xFF,0xAC,0x6C,0xFF,
  0xFF,0xFF,0xAC,0x6C,0xFF,0xFF,0xFF,0xAC,0x6C,0xFF,0xFF,0xFF,0xAC,0x6C,0xFF,0xFF,
  0xFF,0xAC,0x6C,0xFF,0xFF,0xFF,0xAC,0x6C,0xFF,0xFF,0xFF,0xAC,0x6C,0xFF,0xFF,0xFF,
  0xAC,0x6C,0xFF,0xFF,0xFF,0xAC,0x6C,0xFF,0xFF,0xFF,0xAC,0x6C,0xFF,0xFF,0xFF,0xAC,
  0x6C,0xFF,0xFF,0xFF,0xAC,
};
const font_glyph_t glyph_73_24 = {73, 24, 5, 17, 7, 1, 17, font_73_24};

const unsigned char font_74_24[] = {
  0x00,0x00,0x00,0x00,0x00,0x00,0x00,0x00,0xE8,0xFF,0xFF,0xFF,0x30,0x00,0x00,0x00,
  0x00,0x00,0x00,0x00,0x00,0xE8,0xFF,0xFF,0xFF,0x30,0x00,0x00,0x00,0x00,0x00,0x00,
  0x00,0x00,0xE8,0xFF,0xFF,0xFF,0x30,0x00,0x00,0x00,0x00,0x00,0x00,0x00,0x00,0xE8,
  0xFF,0xFF,0xFF,0x30,0x00,0x00,0x00,0x00,0x00,0x00,0x00,0x00,0xE8,0xFF,0xFF,0xFF,
  0x30,0x00,0x00,0x00,0x00,0x00,0x00,0x00,0x00,0xE8,0xFF,0xFF,0xFF,0x30,0x00,0x00,
  0x00,0x00,0x00,0x00,0x00,0x00,0xE8,0xFF,0xFF,0xFF,0x30,0x00,0x00,0x00,0x00,0x00,
  0x00,0x00,0x00,0xE8,0xFF,0xFF,0xFF,0x30,0x00,0x00,0x00,0x00,0x00,0x00,0x00,0x00,
  0xE8,0xFF,0xFF,0xFF,0x30,0x00,0x00,0x00,0x00,0x00,0x00,0x00,0x00,0xE8,0xFF,0xFF,
  0xFF,0x30,0x00,0x00,0x00,0x00,0x00,0x00,0x00,0x00,0xE8,0xFF,0xFF,0xFF,0x30,0x00,
  0x00,0x00,0x00,0x00,0x00,0x00,0x00,0xEB,0xFF,0xFF,0xFF,0x2E,0x89,0xFF,0xFF,0xFF,
  0x9B,0x00,0x00,0x13,0xFE,0xFF,0xFF,0xFF,0x19,0x5E,0xFF,0xFF,0xFF,0xEE,0x51,0x35,
  0xAF,0xFF,0xFF,0xFF,0xD6,0x00,0x0F,0xEC,0xFF,0xFF,0xFF,0xFF,0xFF,0xFF,0xFF,0xFF,
  0xFF,0x55,0x00,0x00,0x42,0xF2,0xFF,0xFF,0xFF,0xFF,0xFF,0xFF,0xFE,0x7A,0x00,0x00,
  0x00,0x00,0x1C,0x89,0xD1,0xF5,0xFD,0xE5,0xA4,0x36,0x00,0x00,0x00,
};
const font_glyph_t glyph_74_24 = {74, 24, 13, 17, 13, 0, 17, font_74_24};

const unsigned char font_75_24[] = {
  0xB4,0xFF,0xFF,0xFF,0x6C,0x00,0x00,0x00,0x05,0xCD,0xFF,0xFF,0xFF,0xFB,0x3A,0xB4,
  0xFF,0xFF,0xFF,0x6C,0x00,0x00,0x00,0x82,0xFF,0xFF,0xFF,0xFF,0x71,0x00,0xB4,0xFF,
  0xFF,0xFF,0x6C,0x00,0x00,0x37,0xFC,0xFF,0xFF,0xFF,0xAC,0x01,0x00,0xB4,0xFF,0xFF,
  0xFF,0x6C,0x00,0x0B,0xDA,0xFF,0xFF,0xFF,0xDB,0x0E,0x00,0x00,0xB4,0xFF,0xFF,0xFF,
  0x6C,0x00,0x95,0xFF,0xFF,0xFF,0xF6,0x2D,0x00,0x00,0x00,0xB4,0xFF,0xFF,0xFF,0x6C,
  0x46,0xFF,0xFF,0xFF,0xFF,0x5E,0x00,0x00,0x00,0x00,0xB4,0xFF,0xFF,0xFF,0x79,0xE1,
  0xFF,0xFF,0xFF,0x9A,0x00,0x00,0x00,0x00,0x00,0xB4,0xFF,0xFF,0xFF,0xEC,0xFF,0xFF,
  0xFF,0xF8,0x0C,0x00,0x00,0x00,0x00,0x00,0xB4,0xFF,0xFF,0xFF,0xFF,0xFF,0xFF,0xFF,
  0xFF,0x70,0x00,0x00,0x00,0x00,0x00,0xB4,0xFF,0xFF,0xFF,0xFF,0xFF,0xFF,0xFF,0xFF,
  0xF2,0x19,0x00,0x00,0x00,0x00,0xB4,0xFF,0xFF,0xFF,0xFF,0xFA,0xF3,0xFF,0xFF,0xFF,
  0xA7,0x00,0x00,0x00,0x00,0xB4,0xFF,0xFF,0xFF,0xFE,0x58,0x6D,0xFF,0xFF,0xFF,0xFF,
  0x42,0x00,0x00,0x00,0xB4,0xFF,0xFF,0xFF,0x8E,0x00,0x05,0xD6,0xFF,0xFF,0xFF,0xD8,
  0x06,0x00,0x00,0xB4,0xFF,0xFF,0xFF,0x6C,0x00,0x00,0x48,0xFF,0xFF,0xFF,0xFF,0x79,
  0x00,0x00,0xB4,0xFF,0xFF,0xFF,0x6C,0x00,0x00,0x00,0xB5,0xFF,0xFF,0xFF,0xF5,0x1F,
  0x00,0xB4,0xFF,0xFF,0xFF,0x6C,0x00,0x00,0x00,0x27,0xFA,0xFF,0xFF,0xFF,0xAF,0x00,
  0xB4,0xFF,0xFF,0xFF,0x6C,0x00,0x00,0x00,0x00,0x8E,0xFF,0xFF,0xFF,0xFF,0x49,
};
const font_glyph_t glyph_75_24 = {75, 24, 15, 17, 15, 1, 17, font_75_24};

const unsigned char font_76_24[] = {
  0xB4,0xFF,0xFF,0xFF,0x6C,0x00,0x00,0x00,0x00,0x00,0x00,0x00,0xB4,0xFF,0xFF,0xFF,
  0x6C,0x00,0x00,0x00,0x00,0x00,0x00,0x00,0xB4,0xFF,0xFF,0xFF,0x6C,0x00,0x00,0x00,
  0x00,0x00,0x00,0x00,0xB4,0xFF,0xFF,0xFF,0x6C,0x00,0x00,0x00,0x00,0x00,0x00,0x00,
  0xB4,0xFF,0xFF,0xFF,0x6C,0x00,0x00,0x00,0x00,0x00,0x00,0x00,0xB4,0xFF,0xFF,0xFF,
  0x6C,0x00,0x00,0x00,0x00,0x00,0x00,0x00,0xB4,0xFF,0xFF,0xFF,0x6C,0x00,0x00,0x00,
  0x00,0x00,0x00,0x00,0xB4,0xFF,0xFF,0xFF,0x6C,0x00,0x00,0x00,0x00,0x00,0x00,0x00,
  0xB4,0xFF,0xFF,0xFF,0x6C,0x00,0x00,0x00,0x00,0x00,0x00,0x00,0xB4,0xFF,0xFF,0xFF,
  0x6C,0x00,0x00,0x00,0x00,0x00,0x00,0x00,0xB4,0xFF,0xFF,0xFF,0x6C,0x00,0x00,0x00,
  0x00,0x00,0x00,0x00,0xB4,0xFF,0xFF,0xFF,0x6C,0x00,0x00,0x00,0x00,0x00,0x00,0x00,
  0xB4,0xFF,0xFF,0xFF,0x6C,0x00,0x00,0x00,0x00,0x00,0x00,0x00,0xB4,0xFF,0xFF,0xFF,
  0x87,0x2C,0x2C,0x2C,0x2C,0x2C,0x2C,0x19,0xB4,0xFF,0xFF,0xFF,0xFF,0xFF,0xFF,0xFF,
  0xFF,0xFF,0xFF,0x94,0xB4,0xFF,0xFF,0xFF,0xFF,0xFF,0xFF,0xFF,0xFF,0xFF,0xFF,0x94,
  0xB4,0xFF,0xFF,0xFF,0xFF,0xFF,0xFF,0xFF,0xFF,0xFF,0xFF,0x94,
};
const font_glyph_t glyph_76_24 = {76, 24, 12, 17, 13, 1, 17, font_76_24};

const unsigned char font_77_24[] = {
  0xB4,0xFF,0xFF,0xFF,0xFF,0xD9,0x00,0x00,0x00,0x00,0x00,0x00,0x00,0xD9,0xFF,0xFF,
  0xFF,0xFF,0xB8,0xB4,0xFF,0xFF,0xFF,0xFF,0xFF,0x2C,0x00,0x00,0x00,0x00,0x00,0x2C,
  0xFF,0xFF,0xFF,0xFF,0xFF,0xB8,0xB4,0xFF,0xFF,0xFF,0xFF,0xFF,0x7E,0x00,0x00,0x00,
  0x00,0x00,0x7E,0xFF,0xFF,0xFF,0xFF,0xFF,0xB8,0xB4,0xFF,0xFF,0xFF,0xFF,0xFF,0xD1,
  0x00,0x00,0x00,0x00,0x00,0xD2,0xFF,0xFF,0xFF,0xFF,0xFF,0xB8,0xB4,0xFF,0xFF,0xFF,
  0xFF,0xFF,0xFF,0x23,0x00,0x00,0x00,0x23,0xFF,0xFF,0xFF,0xFF,0xFF,0xFF,0xB8,0xB4,
  0xFF,0xFF,0xFF,0xD3,0xFF,0xFF,0x76,0x00,0x00,0x00,0x76,0xFF,0xFF,0xD2,0xFF,0xFF,
  0xFF,0xB8,0xB4,0xFF,0xFF,0xFF,0x88,0xFF,0xFF,0xC8,0x00,0x00,0x00,0xC8,0xFF,0xFF,
  0x86,0xFF,0xFF,0xFF,0xB8,0xB4,0xFF,0xFF,0xFF,0x40,0xFE,0xFF,0xFF,0x1B,0x00,0x1B,
  0xFF,0xFF,0xFE,0x3D,0xFF,0xFF,0xFF,0xB8,0xB4,0xFF,0xFF,0xFF,0x32,0xC2,0xFF,0xFF,
  0x6E,0x00,0x6E,0xFF,0xFF,0xC2,0x2F,0xFF,0xFF,0xFF,0xB8,0xB4,0xFF,0xFF,0xFF,0x3E,
  0x6B,0xFF,0xFF,0xC0,0x00,0xC0,0xFF,0xFF,0x6A,0x3C,0xFF,0xFF,0xFF,0xB8,0xB4,0xFF,
  0xFF,0xFF,0x4B,0x17,0xFD,0xFF,0xFD,0x2A,0xFD,0xFF,0xFD,0x17,0x48,0xFF,0xFF,0xFF,
  0xB8,0xB4,0xFF,0xFF,0xFF,0x58,0x00,0xBC,0xFF,0xFF,0xCA,0xFF,0xFF,0xBC,0x00,0x55,
  0xFF,0xFF,0xFF,0xB8,0xB4,0xFF,0xFF,0xFF,0x65,0x00,0x66,0xFF,0xFF,0xFF,0xFF,0xFF,
  0x65,0x00,0x62,0xFF,0xFF,0xFF,0xB8,0xB4,0xFF,0xFF,0xFF,0x6C,0x00,0x13,0xFB,0xFF,
  0xFF,0xFF,0xFB,0x13,0x00,0x68,0xFF,0xFF,0xFF,0xB8,0xB4,0xFF,0xFF,0xFF,0x6C,0x00,
  0x00,0xB6,0xFF,0xFF,0xFF,0xB6,0x00,0x00,0x68,0xFF,0xFF,0xFF,0xB8,0xB4,0xFF,0xFF,
  0xFF,0x6C,0x00,0x00,0x5F,0xFF,0xFF,0xFF,0x5E,0x00,0x00,0x68,0xFF,0xFF,0xFF,0xB8,
  0xB4,0xFF,0xFF,0xFF,0x6C,0x00,0x00,0x0F,0xF9,0xFF,0xF9,0x0F,0x00,0x00,0x68,0xFF,
  0xFF,0xFF,0xB8,
};
const font_glyph_t glyph_77_24 = {77, 24, 19, 17, 21, 1, 17, font_77_24};

const unsigned char font_78_24[] = {
  0xB4,0xFF,0xFF,0xFF,0xB6,0x00,0x00,0x00,0x00,0x00,0x8C,0xFF,0xFF,0xFF,0x8C,0xB4,
  0xFF,0xFF,0xFF,0xFF,0x47,0x00,0x00,0x00,0x00,0x8C,0xFF,0xFF,0xFF,0x8C,0xB4,0xFF,
  0xFF,0xFF,0xFF,0xD6,0x04,0x00,0x00,0x00,0x8C,0xFF,0xFF,0xFF,0x8C,0xB4,0xFF,0xFF,
  0xFF,0xFF,0xFF,0x6A,0x00,0x00,0x00,0x8C,0xFF,0xFF,0xFF,0x8C,0xB4,0xFF,0xFF,0xFF,
  0xFF,0xFF,0xEC,0x11,0x00,0x00,0x8C,0xFF,0xFF,0xFF,0x8C,0xB4,0xFF,0xFF,0xFF,0xFF,
  0xFF,0xFF,0x8E,0x00,0x00,0x8C,0xFF,0xFF,0xFF,0x8C,0xB4,0xFF,0xFF,0xFF,0xE7,0xFF,
  0xFF,0xFB,0x27,0x00,0x8C,0xFF,0xFF,0xFF,0x8C,0xB4,0xFF,0xFF,0xFF,0x7A,0xE9,0xFF,
  0xFF,0xB2,0x00,0x8C,0xFF,0xFF,0xFF,0x8C,0xB4,0xFF,0xFF,0xFF,0x6C,0x65,0xFF,0xFF,
  0xFF,0x46,0x8C,0xFF,0xFF,0xFF,0x8C,0xB4,0xFF,0xFF,0xFF,0x6C,0x03,0xD0,0xFF,0xFF,
  0xD3,0x8F,0xFF,0xFF,0xFF,0x8C,0xB4,0xFF,0xFF,0xFF,0x6C,0x00,0x42,0xFF,0xFF,0xFF,
  0xE8,0xFF,0xFF,0xFF,0x8C,0xB4,0xFF,0xFF,0xFF,0x6C,0x00,0x00,0xAE,0xFF,0xFF,0xFF,
  0xFF,0xFF,0xFF,0x8C,0xB4,0xFF,0xFF,0xFF,0x6C,0x00,0x00,0x24,0xFA,0xFF,0xFF,0xFF,
  0xFF,0xFF,0x8C,0xB4,0xFF,0xFF,0xFF,0x6C,0x00,0x00,0x00,0x8A,0xFF,0xFF,0xFF,0xFF,
  0xFF,0x8C,0xB4,0xFF,0xFF,0xFF,0x6C,0x00,0x00,0x00,0x0F,0xEA,0xFF,0xFF,0xFF,0xFF,
  0x8C,0xB4,0xFF,0xFF,0xFF,0x6C,0x00,0x00,0x00,0x00,0x66,0xFF,0xFF,0xFF,0xFF,0x8C,
  0xB4,0xFF,0xFF,0xFF,0x6C,0x00,0x00,0x00,0x00,0x03,0xD3,0xFF,0xFF,0xFF,0x8C,
};
const font_glyph_t glyph_78_24 = {78, 24, 15, 17, 17, 1, 17, font_78_24};

const unsigned char font_79_24[] = {
  0x00,0x00,0x00,0x00,0x1A,0x84,0xCF,0xF5,0xFD,0xE7,0xB2,0x54,0x02,0x00,0x00,0x00,
  0x00,0x00,0x00,0x5D,0xF3,0xFF,0xFF,0xFF,0xFF,0xFF,0xFF,0xFF,0xC2,0x18,0x00,0x00,
  0x00,0x00,0x5C,0xFF,0xFF,0xFF,0xFF,0xFF,0xFF,0xFF,0xFF,0xFF,0xFF,0xD8,0x0F,0x00,
  0x00,0x19,0xF3,0xFF,0xFF,0xFF,0xC4,0x52,0x3E,0x7B,0xF6,0xFF,0xFF,0xFF,0x97,0x00,
  0x00,0x86,0xFF,0xFF,0xFF,0xD1,0x07,0x00,0x00,0x00,0x4D,0xFF,0xFF,0xFF,0xFB,0x18,
  0x00,0xD9,0xFF,0xFF,0xFF,0x5E,0x00,0x00,0x00,0x00,0x00,0xCF,0xFF,0xFF,0xFF,0x66,
  0x0C,0xFF,0xFF,0xFF,0xFF,0x20,0x00,0x00,0x00,0x00,0x00,0x91,0xFF,0xFF,0xFF,0x9B,
  0x25,0xFF,0xFF,0xFF,0xFF,0x06,0x00,0x00,0x00,0x00,0x00,0x76,0xFF,0xFF,0xFF,0xB5,
  0x2C,0xFF,0xFF,0xFF,0xFF,0x00,0x00,0x00,0x00,0x00,0x00,0x70,0xFF,0xFF,0xFF,0xBC,
  0x25,0xFF,0xFF,0xFF,0xFF,0x06,0x00,0x00,0x00,0x00,0x00,0x77,0xFF,0xFF,0xFF,0xB5,
  0x0C,0xFF,0xFF,0xFF,0xFF,0x23,0x00,0x00,0x00,0x00,0x00,0x93,0xFF,0xFF,0xFF,0x9B,
  0x00,0xD9,0xFF,0xFF,0xFF,0x61,0x00,0x00,0x00,0x00,0x00,0xD2,0xFF,0xFF,0xFF,0x69,
  0x00,0x86,0xFF,0xFF,0xFF,0xD4,0x08,0x00,0x00,0x00,0x4E,0xFF,0xFF,0xFF,0xFC,0x1A,
  0x00,0x19,0xF2,0xFF,0xFF,0xFF,0xC7,0x53,0x3D,0x79,0xF6,0xFF,0xFF,0xFF,0x9B,0x00,
  0x00,0x00,0x5A,0xFF,0xFF,0xFF,0xFF,0xFF,0xFF,0xFF,0xFF,0xFF,0xFF,0xD9,0x10,0x00,
  0x00,0x00,0x00,0x58,0xF3,0xFF,0xFF,0xFF,0xFF,0xFF,0xFF,0xFF,0xC5,0x19,0x00,0x00,
  0x00,0x00,0x00,0x00,0x19,0x82,0xCE,0xF5,0xFD,0xE8,0xB3,0x56,0x02,0x00,0x00,0x00,
  
};
const font_glyph_t glyph_79_24 = {79, 24, 16, 17, 17, 0, 17, font_79_24};

const unsigned char font_80_24[] = {
  0xB4,0xFF,0xFF,0xFF,0xFF,0xFF,0xFF,0xFB,0xE5,0xAF,0x4F,0x01,0x00,0x00,0xB4,0xFF,
  0xFF,0xFF,0xFF,0xFF,0xFF,0xFF,0xFF,0xFF,0xFF,0xB9,0x0F,0x00,0xB4,0xFF,0xFF,0xFF,
  0xFF,0xFF,0xFF,0xFF,0xFF,0xFF,0xFF,0xFF,0xBD,0x01,0xB4,0xFF,0xFF,0xFF,0x85,0x2C,
  0x2C,0x36,0x8C,0xFF,0xFF,0xFF,0xFF,0x4A,0xB4,0xFF,0xFF,0xFF,0x6C,0x00,0x00,0x00,
  0x00,0xB0,0xFF,0xFF,0xFF,0x99,0xB4,0xFF,0xFF,0xFF,0x6C,0x00,0x00,0x00,0x00,0x76,
  0xFF,0xFF,0xFF,0xB4,0xB4,0xFF,0xFF,0xFF,0x6C,0x00,0x00,0x00,0x00,0x9A,0xFF,0xFF,
  0xFF,0xA4,0xB4,0xFF,0xFF,0xFF,0x87,0x2C,0x2C,0x33,0x77,0xFB,0xFF,0xFF,0xFF,0x64,
  0xB4,0xFF,0xFF,0xFF,0xFF,0xFF,0xFF,0xFF,0xFF,0xFF,0xFF,0xFF,0xD7,0x07,0xB4,0xFF,
  0xFF,0xFF,0xFF,0xFF,0xFF,0xFF,0xFF,0xFF,0xFF,0xD2,0x1F,0x00,0xB4,0xFF,0xFF,0xFF,
  0xFF,0xFF,0xFF,0xFC,0xE8,0xB6,0x5F,0x05,0x00,0x00,0xB4,0xFF,0xFF,0xFF,0x6C,0x00,
  0x00,0x00,0x00,0x00,0x00,0x00,0x00,0x00,0xB4,0xFF,0xFF,0xFF,0x6C,0x00,0x00,0x00,
  0x00,0x00,0x00,0x00,0x00,0x00,0xB4,0xFF,0xFF,0xFF,0x6C,0x00,0x00,0x00,0x00,0x00,
  0x00,0x00,0x00,0x00,0xB4,0xFF,0xFF,0xFF,0x6C,0x00,0x00,0x00,0x00,0x00,0x00,0x00,
  0x00,0x00,0xB4,0xFF,0xFF,0xFF,0x6C,0x00,0x00,0x00,0x00,0x00,0x00,0x00,0x00,0x00,
  0xB4,0xFF,0xFF,0xFF,0x6C,0x00,0x00,0x00,0x00,0x00,0x00,0x00,0x00,0x00,
};
const font_glyph_t glyph_80_24 = {80, 24, 14, 17, 16, 1, 17, font_80_24};

const unsigned char font_81_24[] = {
  0x00,0x00,0x00,0x00,0x18,0x82,0xCE,0xF5,0xFC,0xE8,0xB3,0x57,0x02,0x00,0x00,0x00,
  0x00,0x00,0x00,0x57,0xF2,0xFF,0xFF,0xFF,0xFF,0xFF,0xFF,0xFF,0xC5,0x1B,0x00,0x00,
  0x00,0x00,0x55,0xFE,0xFF,0xFF,0xFF,0xFF,0xFF,0xFF,0xFF,0xFF,0xFF,0xDB,0x12,0x00,
  0x00,0x14,0xF0,0xFF,0xFF,0xFF,0xC8,0x54,0x3D,0x79,0xF4,0xFF,0xFF,0xFF,0xA1,0x00,
  0x00,0x80,0xFF,0xFF,0xFF,0xD5,0x09,0x00,0x00,0x00,0x48,0xFF,0xFF,0xFF,0xFD,0x20,
  0x00,0xD3,0xFF,0xFF,0xFF,0x63,0x00,0x00,0x00,0x00,0x00,0xCA,0xFF,0xFF,0xFF,0x73,
  0x09,0xFE,0xFF,0xFF,0xFF,0x27,0x00,0x00,0x00,0x00,0x00,0x8B,0xFF,0xFF,0xFF,0xA7,
  0x21,0xFF,0xFF,0xFF,0xFF,0x0E,0x00,0x00,0x00,0x00,0x00,0x6E,0xFF,0xFF,0xFF,0xC1,
  0x28,0xFF,0xFF,0xFF,0xFF,0x08,0x00,0x00,0x00,0x00,0x00,0x68,0xFF,0xFF,0xFF,0xC8,
  0x21,0xFF,0xFF,0xFF,0xFF,0x0E,0x00,0x00,0x00,0x00,0x00,0x6F,0xFF,0xFF,0xFF,0xC1,
  0x09,0xFE,0xFF,0xFF,0xFF,0x29,0x00,0x00,0x00,0x00,0x00,0x8B,0xFF,0xFF,0xFF,0xA7,
  0x00,0xD3,0xFF,0xFF,0xFF,0x66,0x00,0x00,0x00,0x00,0x00,0xCC,0xFF,0xFF,0xFF,0x73,
  0x00,0x80,0xFF,0xFF,0xFF,0xD7,0x09,0x00,0x00,0x00,0x48,0xFF,0xFF,0xFF,0xFE,0x21,
  0x00,0x14,0xF0,0xFF,0xFF,0xFF,0xC8,0x54,0x3D,0x76,0xF3,0xFF,0xFF,0xFF,0xA4,0x00,
  0x00,0x00,0x53,0xFE,0xFF,0xFF,0xFF,0xFF,0xFF,0xFF,0xFF,0xFF,0xFF,0xDE,0x14,0x00,
  0x00,0x00,0x00,0x54,0xF1,0xFF,0xFF,0xFF,0xFF,0xFF,0xFF,0xFF,0xFA,0x29,0x00,0x00,
  0x00,0x00,0x00,0x00,0x17,0x81,0xCC,0xF4,0xFD,0xFF,0xFF,0xFF,0xFF,0xD5,0x24,0x00,
  0x00,0x00,0x00,0x00,0x00,0x00,0x00,0x00,0x00,0x25,0xD9,0xFF,0xFF,0xFF,0xEE,0x3A,
  0x00,0x00,0x00,0x00,0x00,0x00,0x00,0x00,0x00,0x00,0x10,0xBA,0xFF,0xFF,0xB6,0x0D,
  0x00,0x00,0x00,0x00,0x00,0x00,0x00,0x00,0x00,0x00,0x00,0x04,0x93,0x95,0x04,0x00,
  
};
const font_glyph_t glyph_81_24 = {81, 24, 16, 20, 17, 0, 17, font_81_24};

const unsigned char font_82_24[] = {
  0xB4,0xFF,0xFF,0xFF,0xFF,0xFF,0xFF,0xFB,0xE4,0xB5,0x5F,0x05,0x00,0x00,0x00,0xB4,
  0xFF,0xFF,0xFF,0xFF,0xFF,0xFF,0xFF,0xFF,0xFF,0xFF,0xCF,0x1A,0x00,0x00,0xB4,0xFF,
  0xFF,0xFF,0xFF,0xFF,0xFF,0xFF,0xFF,0xFF,0xFF,0xFF,0xC5,0x01,0x00,0xB4,0xFF,0xFF,
  0xFF,0x85,0x2C,0x2C,0x38,0x9E,0xFF,0xFF,0xFF,0xFF,0x39,0x00,0xB4,0xFF,0xFF,0xFF,
  0x6C,0x00,0x00,0x00,0x01,0xD3,0xFF,0xFF,0xFF,0x6C,0x00,0xB4,0xFF,0xFF,0xFF,0x6C,
  0x00,0x00,0x00,0x00,0xA7,0xFF,0xFF,0xFF,0x74,0x00,0xB4,0xFF,0xFF,0xFF,0x6C,0x00,
  0x00,0x00,0x01,0xD3,0xFF,0xFF,0xFF,0x57,0x00,0xB4,0xFF,0xFF,0xFF,0x87,0x2C,0x2C,
  0x37,0x9F,0xFF,0xFF,0xFF,0xF5,0x13,0x00,0xB4,0xFF,0xFF,0xFF,0xFF,0xFF,0xFF,0xFF,
  0xFF,0xFF,0xFF,0xFF,0x6A,0x00,0x00,0xB4,0xFF,0xFF,0xFF,0xFF,0xFF,0xFF,0xFF,0xFF,
  0xFF,0xEA,0x5A,0x00,0x00,0x00,0xB4,0xFF,0xFF,0xFF,0xFF,0xFF,0xFF,0xFF,0xFF,0xFF,
  0xC6,0x00,0x00,0x00,0x00,0xB4,0xFF,0xFF,0xFF,0x6C,0x00,0x21,0xFB,0xFF,0xFF,0xFF,
  0x4A,0x00,0x00,0x00,0xB4,0xFF,0xFF,0xFF,0x6C,0x00,0x00,0x9C,0xFF,0xFF,0xFF,0xCE,
  0x01,0x00,0x00,0xB4,0xFF,0xFF,0xFF,0x6C,0x00,0x00,0x21,0xFB,0xFF,0xFF,0xFF,0x53,
  0x00,0x00,0xB4,0xFF,0xFF,0xFF,0x6C,0x00,0x00,0x00,0x9C,0xFF,0xFF,0xFF,0xD6,0x03,
  0x00,0xB4,0xFF,0xFF,0xFF,0x6C,0x00,0x00,0x00,0x21,0xFB,0xFF,0xFF,0xFF,0x5C,0x00,
  0xB4,0xFF,0xFF,0xFF,0x6C,0x00,0x00,0x00,0x00,0x9C,0xFF,0xFF,0xFF,0xDC,0x03,
};
const font_glyph_t glyph_82_24 = {82, 24, 15, 17, 16, 1, 17, font_82_24};

const unsigned char font_83_24[] = {
  0x00,0x00,0x00,0x0E,0x72,0xBF,0xEA,0xFE,0xF7,0xDA,0x9A,0x34,0x00,0x00,0x00,0x00,
  0x00,0x41,0xE9,0xFF,0xFF,0xFF,0xFF,0xFF,0xFF,0xFF,0xFF,0x8E,0x01,0x00,0x00,0x22,
  0xF4,0xFF,0xFF,0xFF,0xFF,0xFF,0xFF,0xFF,0xFF,0xFF,0xFF,0x77,0x00,0x00,0x8F,0xFF,
  0xFF,0xFF,0xE8,0x57,0x22,0x31,0xAA,0xFF,0xFF,0xFF,0xF0,0x05,0x00,0xB8,0xFF,0xFF,
  0xFF,0x70,0x00,0x00,0x00,0x06,0xF4,0xFF,0xFF,0xFF,0x29,0x00,0xA3,0xFF,0xFF,0xFF,
  0xAF,0x04,0x00,0x00,0x00,0x00,0x00,0x00,0x00,0x00,0x00,0x46,0xFF,0xFF,0xFF,0xFF,
  0xD6,0x66,0x12,0x00,0x00,0x00,0x00,0x00,0x00,0x00,0x00,0x84,0xFF,0xFF,0xFF,0xFF,
  0xFF,0xFB,0xB7,0x4F,0x02,0x00,0x00,0x00,0x00,0x00,0x00,0x4F,0xDC,0xFF,0xFF,0xFF,
  0xFF,0xFF,0xFF,0xCE,0x2D,0x00,0x00,0x00,0x00,0x00,0x00,0x04,0x51,0xB1,0xF9,0xFF,
  0xFF,0xFF,0xFF,0xF2,0x32,0x00,0x00,0x00,0x00,0x00,0x00,0x00,0x00,0x10,0x6C,0xE9,
  0xFF,0xFF,0xFF,0xCC,0x00,0x39,0xFF,0xFF,0xFF,0xEB,0x00,0x00,0x00,0x00,0x23,0xFD,
  0xFF,0xFF,0xFF,0x1D,0x14,0xFE,0xFF,0xFF,0xFF,0x28,0x00,0x00,0x00,0x02,0xF3,0xFF,
  0xFF,0xFF,0x30,0x00,0xBA,0xFF,0xFF,0xFF,0xD6,0x4B,0x1E,0x26,0x91,0xFF,0xFF,0xFF,
  0xFD,0x11,0x00,0x29,0xF2,0xFF,0xFF,0xFF,0xFF,0xFF,0xFF,0xFF,0xFF,0xFF,0xFF,0xA6,
  0x00,0x00,0x00,0x35,0xDC,0xFF,0xFF,0xFF,0xFF,0xFF,0xFF,0xFF,0xFF,0xC0,0x0F,0x00,
  0x00,0x00,0x00,0x06,0x60,0xB2,0xE4,0xFC,0xFB,0xE3,0xAF,0x57,0x02,0x00,0x00,
};
const font_glyph_t glyph_83_24 = {83, 24, 15, 17, 15, 0, 17, font_83_24};

const unsigned char font_84_24[] = {
  0x90,0xFF,0xFF,0xFF,0xFF,0xFF,0xFF,0xFF,0xFF,0xFF,0xFF,0xFF,0xFF,0xFF,0xB4,0x90,
  0xFF,0xFF,0xFF,0xFF,0xFF,0xFF,0xFF,0xFF,0xFF,0xFF,0xFF,0xFF,0xFF,0xB4,0x90,0xFF,
  0xFF,0xFF,0xFF,0xFF,0xFF,0xFF,0xFF,0xFF,0xFF,0xFF,0xFF,0xFF,0xB4,0x19,0x2C,0x2C,
  0x2C,0x2C,0xA2,0xFF,0xFF,0xFF,0xA6,0x2C,0x2C,0x2C,0x2C,0x1F,0x00,0x00,0x00,0x00,
  0x00,0x8C,0xFF,0xFF,0xFF,0x90,0x00,0x00,0x00,0x00,0x00,0x00,0x00,0x00,0x00,0x00,
  0x8C,0xFF,0xFF,0xFF,0x90,0x00,0x00,0x00,0x00,0x00,0x00,0x00,0x00,0x00,0x00,0x8C,
  0xFF,0xFF,0xFF,0x90,0x00,0x00,0x00,0x00,0x00,0x00,0x00,0x00,0x00,0x00,0x8C,0xFF,
  0xFF,0xFF,0x90,0x00,0x00,0x00,0x00,0x00,0x00,0x00,0x00,0x00,0x00,0x8C,0xFF,0xFF,
  0xFF,0x90,0x00,0x00,0x00,0x00,0x00,0x00,0x00,0x00,0x00,0x00,0x8C,0xFF,0xFF,0xFF,
  0x90,0x00,0x00,0x00,0x00,0x00,0x00,0x00,0x00,0x00,0x00,0x8C,0xFF,0xFF,0xFF,0x90,
  0x00,0x00,0x00,0x00,0x00,0x00,0x00,0x00,0x00,0x00,0x8C,0xFF,0xFF,0xFF,0x90,0x00,
  0x00,0x00,0x00,0x00,0x00,0x00,0x00,0x00,0x00,0x8C,0xFF,0xFF,0xFF,0x90,0x00,0x00,
  0x00,0x00,0x00,0x00,0x00,0x00,0x00,0x00,0x8C,0xFF,0xFF,0xFF,0x90,0x00,0x00,0x00,
  0x00,0x00,0x00,0x00,0x00,0x00,0x00,0x8C,0xFF,0xFF,0xFF,0x90,0x00,0x00,0x00,0x00,
  0x00,0x00,0x00,0x00,0x00,0x00,0x8C,0xFF,0xFF,0xFF,0x90,0x00,0x00,0x00,0x00,0x00,
  0x00,0x00,0x00,0x00,0x00,0x8C,0xFF,0xFF,0xFF,0x90,0x00,0x00,0x00,0x00,0x00,
};
const font_glyph_t glyph_84_24 = {84, 24, 15, 17, 15, 0, 17, font_84_24};

const unsigned char font_85_24[] = {
  0xC0,0xFF,0xFF,0xFF,0x60,0x00,0x00,0x00,0x00,0x70,0xFF,0xFF,0xFF,0xAC,0xC0,0xFF,
  0xFF,0xFF,0x60,0x00,0x00,0x00,0x00,0x70,0xFF,0xFF,0xFF,0xAC,0xC0,0xFF,0xFF,0xFF,
  0x60,0x00,0x00,0x00,0x00,0x70,0xFF,0xFF,0xFF,0xAC,0xC0,0xFF,0xFF,0xFF,0x60,0x00,
  0x00,0x00,0x00,0x70,0xFF,0xFF,0xFF,0xAC,0xC0,0xFF,0xFF,0xFF,0x60,0x00,0x00,0x00,
  0x00,0x70,0xFF,0xFF,0xFF,0xAC,0xC0,0xFF,0xFF,0xFF,0x60,0x00,0x00,0x00,0x00,0x70,
  0xFF,0xFF,0xFF,0xAC,0xC0,0xFF,0xFF,0xFF,0x60,0x00,0x00,0x00,0x00,0x70,0xFF,0xFF,
  0xFF,0xAC,0xC0,0xFF,0xFF,0xFF,0x60,0x00,0x00,0x00,0x00,0x70,0xFF,0xFF,0xFF,0xAC,
  0xC0,0xFF,0xFF,0xFF,0x60,0x00,0x00,0x00,0x00,0x70,0xFF,0xFF,0xFF,0xAC,0xC0,0xFF,
  0xFF,0xFF,0x60,0x00,0x00,0x00,0x00,0x70,0xFF,0xFF,0xFF,0xAC,0xC0,0xFF,0xFF,0xFF,
  0x60,0x00,0x00,0x00,0x00,0x70,0xFF,0xFF,0xFF,0xAC,0xB9,0xFF,0xFF,0xFF,0x6A,0x00,
  0x00,0x00,0x00,0x7A,0xFF,0xFF,0xFF,0xA5,0x95,0xFF,0xFF,0xFF,0xAA,0x00,0x00,0x00,
  0x00,0xB9,0xFF,0xFF,0xFF,0x81,0x46,0xFF,0xFF,0xFF,0xFF,0x8B,0x36,0x37,0x91,0xFF,
  0xFF,0xFF,0xFF,0x35,0x00,0xBA,0xFF,0xFF,0xFF,0xFF,0xFF,0xFF,0xFF,0xFF,0xFF,0xFF,
  0xAC,0x00,0x00,0x0F,0xBD,0xFF,0xFF,0xFF,0xFF,0xFF,0xFF,0xFF,0xFF,0xB5,0x0B,0x00,
  0x00,0x00,0x01,0x50,0xAB,0xE3,0xFB,0xFB,0xE2,0xAB,0x4E,0x01,0x00,0x00,
};
const font_glyph_t glyph_85_24 = {85, 24, 14, 17, 16, 1, 17, font_85_24};

const unsigned char font_86_24[] = {
  0x01,0xE0,0xFF,0xFF,0xFF,0xAB,0x00,0x00,0x00,0x00,0x00,0x00,0xD3,0xFF,0xFF,0xFF,
  0xC0,0x00,0x8B,0xFF,0xFF,0xFF,0xEE,0x03,0x00,0x00,0x00,0x00,0x19,0xFF,0xFF,0xFF,
  0xFF,0x6A,0x00,0x35,0xFF,0xFF,0xFF,0xFF,0x37,0x00,0x00,0x00,0x00,0x5F,0xFF,0xFF,
  0xFF,0xFD,0x16,0x00,0x01,0xDD,0xFF,0xFF,0xFF,0x7E,0x00,0x00,0x00,0x00,0xA4,0xFF,
  0xFF,0xFF,0xBC,0x00,0x00,0x00,0x88,0xFF,0xFF,0xFF,0xC3,0x00,0x00,0x00,0x01,0xE9,
  0xFF,0xFF,0xFF,0x66,0x00,0x00,0x00,0x33,0xFF,0xFF,0xFF,0xFC,0x0F,0x00,0x00,0x31,
  0xFF,0xFF,0xFF,0xFB,0x13,0x00,0x00,0x00,0x00,0xDC,0xFF,0xFF,0xFF,0x50,0x00,0x00,
  0x75,0xFF,0xFF,0xFF,0xB8,0x00,0x00,0x00,0x00,0x00,0x87,0xFF,0xFF,0xFF,0x96,0x00,
  0x00,0xBC,0xFF,0xFF,0xFF,0x60,0x00,0x00,0x00,0x00,0x00,0x30,0xFF,0xFF,0xFF,0xDD,
  0x00,0x0A,0xF8,0xFF,0xFF,0xF9,0x11,0x00,0x00,0x00,0x00,0x00,0x00,0xD9,0xFF,0xFF,
  0xFF,0x22,0x46,0xFF,0xFF,0xFF,0xB3,0x00,0x00,0x00,0x00,0x00,0x00,0x00,0x84,0xFF,
  0xFF,0xFF,0x69,0x8E,0xFF,0xFF,0xFF,0x5C,0x00,0x00,0x00,0x00,0x00,0x00,0x00,0x2E,
  0xFF,0xFF,0xFF,0xAE,0xD3,0xFF,0xFF,0xF7,0x0D,0x00,0x00,0x00,0x00,0x00,0x00,0x00,
  0x00,0xD8,0xFF,0xFF,0xF6,0xFF,0xFF,0xFF,0xAF,0x00,0x00,0x00,0x00,0x00,0x00,0x00,
  0x00,0x00,0x81,0xFF,0xFF,0xFF,0xFF,0xFF,0xFF,0x58,0x00,0x00,0x00,0x00,0x00,0x00,
  0x00,0x00,0x00,0x2C,0xFF,0xFF,0xFF,0xFF,0xFF,0xF6,0x0B,0x00,0x00,0x00,0x00,0x00,
  0x00,0x00,0x00,0x00,0x00,0xD5,0xFF,0xFF,0xFF,0xFF,0xAA,0x00,0x00,0x00,0x00,0x00,
  0x00,0x00,0x00,0x00,0x00,0x00,0x7F,0xFF,0xFF,0xFF,0xFF,0x54,0x00,0x00,0x00,0x00,
  0x00,
};
const font_glyph_t glyph_86_24 = {86, 24, 17, 17, 16, -1, 17, font_86_24};

const unsigned char font_87_24[] = {
  0xA1,0xFF,0xFF,0xFF,0x6F,0x00,0x00,0x00,0x77,0xFF,0xFF,0xFF,0x3D,0x00,0x00,0x00,
  0x9B,0xFF,0xFF,0xFF,0x70,0x6A,0xFF,0xFF,0xFF,0x9E,0x00,0x00,0x00,0xB0,0xFF,0xFF,
  0xFF,0x76,0x00,0x00,0x00,0xCA,0xFF,0xFF,0xFF,0x3B,0x34,0xFF,0xFF,0xFF,0xCE,0x00,
  0x00,0x00,0xE9,0xFF,0xFF,0xFF,0xAF,0x00,0x00,0x03,0xF7,0xFF,0xFF,0xFB,0x09,0x06,
  0xF8,0xFF,0xFF,0xF9,0x04,0x00,0x22,0xFF,0xFF,0xFF,0xFF,0xE8,0x00,0x00,0x2A,0xFF,
  0xFF,0xFF,0xCD,0x00,0x00,0xC9,0xFF,0xFF,0xFF,0x2A,0x00,0x5A,0xFF,0xFF,0xFF,0xFF,
  0xFF,0x22,0x00,0x5A,0xFF,0xFF,0xFF,0x97,0x00,0x00,0x91,0xFF,0xFF,0xFF,0x5A,0x00,
  0x92,0xFF,0xFF,0xFF,0xFF,0xFF,0x5B,0x00,0x88,0xFF,0xFF,0xFF,0x60,0x00,0x00,0x5B,
  0xFF,0xFF,0xFF,0x8A,0x00,0xCB,0xFF,0xFF,0xFF,0xFF,0xFF,0x94,0x00,0xB6,0xFF,0xFF,
  0xFF,0x29,0x00,0x00,0x24,0xFF,0xFF,0xFF,0xB8,0x09,0xFB,0xFF,0xFF,0xE3,0xFF,0xFF,
  0xCE,0x00,0xE6,0xFF,0xFF,0xF1,0x02,0x00,0x00,0x01,0xED,0xFF,0xFF,0xE6,0x3C,0xFF,
  0xFF,0xFF,0x6F,0xFF,0xFF,0xFD,0x22,0xFF,0xFF,0xFF,0xBC,0x00,0x00,0x00,0x00,0xB7,
  0xFF,0xFF,0xFF,0x8A,0xFF,0xFF,0xDF,0x19,0xFF,0xFF,0xFF,0x86,0xFF,0xFF,0xFF,0x84,
  0x00,0x00,0x00,0x00,0x81,0xFF,0xFF,0xFF,0xED,0xFF,0xFF,0xA5,0x00,0xDC,0xFF,0xFF,
  0xEA,0xFF,0xFF,0xFF,0x4F,0x00,0x00,0x00,0x00,0x4B,0xFF,0xFF,0xFF,0xFF,0xFF,0xFF,
  0x68,0x00,0xA0,0xFF,0xFF,0xFF,0xFF,0xFF,0xFF,0x18,0x00,0x00,0x00,0x00,0x15,0xFF,
  0xFF,0xFF,0xFF,0xFF,0xFF,0x2E,0x00,0x64,0xFF,0xFF,0xFF,0xFF,0xFF,0xE2,0x00,0x00,
  0x00,0x00,0x00,0x00,0xDF,0xFF,0xFF,0xFF,0xFF,0xF1,0x02,0x00,0x27,0xFF,0xFF,0xFF,
  0xFF,0xFF,0xAB,0x00,0x00,0x00,0x00,0x00,0x00,0xA8,0xFF,0xFF,0xFF,0xFF,0xB6,0x00,
  0x00,0x01,0xEB,0xFF,0xFF,0xFF,0xFF,0x74,0x00,0x00,0x00,0x00,0x00,0x00,0x71,0xFF,
  0xFF,0xFF,0xFF,0x7D,0x00,0x00,0x00,0xAF,0xFF,0xFF,0xFF,0xFF,0x3E,0x00,0x00,0x00,
  0x00,0x00,0x00,0x3C,0xFF,0xFF,0xFF,0xFF,0x42,0x00,0x00,0x00,0x72,0xFF,0xFF,0xFF,
  0xFD,0x0B,0x00,0x00,0x00,
};
const font_glyph_t glyph_87_24 = {87, 24, 21, 17, 21, 0, 17, font_87_24};

const unsigned char font_88_24[] = {
  0x8A,0xFF,0xFF,0xFF,0xFC,0x24,0x00,0x00,0x00,0x00,0xCA,0xFF,0xFF,0xFF,0xD7,0x04,
  0x0F,0xEB,0xFF,0xFF,0xFF,0x9E,0x00,0x00,0x00,0x48,0xFF,0xFF,0xFF,0xFF,0x4A,0x00,
  0x00,0x6A,0xFF,0xFF,0xFF,0xFB,0x21,0x00,0x00,0xC7,0xFF,0xFF,0xFF,0xBA,0x00,0x00,
  0x00,0x04,0xD6,0xFF,0xFF,0xFF,0x9C,0x00,0x44,0xFF,0xFF,0xFF,0xFD,0x2E,0x00,0x00,
  0x00,0x00,0x47,0xFF,0xFF,0xFF,0xFB,0x1F,0xC3,0xFF,0xFF,0xFF,0x9B,0x00,0x00,0x00,
  0x00,0x00,0x00,0xB6,0xFF,0xFF,0xFF,0xC9,0xFF,0xFF,0xFF,0xF3,0x17,0x00,0x00,0x00,
  0x00,0x00,0x00,0x2A,0xFC,0xFF,0xFF,0xFF,0xFF,0xFF,0xFF,0x7A,0x00,0x00,0x00,0x00,
  0x00,0x00,0x00,0x00,0x94,0xFF,0xFF,0xFF,0xFF,0xFF,0xE1,0x09,0x00,0x00,0x00,0x00,
  0x00,0x00,0x00,0x00,0x31,0xFF,0xFF,0xFF,0xFF,0xFF,0x89,0x00,0x00,0x00,0x00,0x00,
  0x00,0x00,0x00,0x00,0xA8,0xFF,0xFF,0xFF,0xFF,0xFF,0xED,0x11,0x00,0x00,0x00,0x00,
  0x00,0x00,0x00,0x3B,0xFF,0xFF,0xFF,0xFF,0xFF,0xFF,0xFF,0x91,0x00,0x00,0x00,0x00,
  0x00,0x00,0x02,0xCC,0xFF,0xFF,0xFF,0xB9,0xFF,0xFF,0xFF,0xFB,0x27,0x00,0x00,0x00,
  0x00,0x00,0x5F,0xFF,0xFF,0xFF,0xF5,0x17,0xB6,0xFF,0xFF,0xFF,0xB5,0x00,0x00,0x00,
  0x00,0x0C,0xE6,0xFF,0xFF,0xFF,0x8C,0x00,0x36,0xFF,0xFF,0xFF,0xFF,0x46,0x00,0x00,
  0x00,0x86,0xFF,0xFF,0xFF,0xF5,0x17,0x00,0x00,0xB8,0xFF,0xFF,0xFF,0xD3,0x04,0x00,
  0x21,0xF7,0xFF,0xFF,0xFF,0x8C,0x00,0x00,0x00,0x38,0xFF,0xFF,0xFF,0xFF,0x6A,0x00,
  0xAA,0xFF,0xFF,0xFF,0xF5,0x17,0x00,0x00,0x00,0x00,0xB8,0xFF,0xFF,0xFF,0xEB,0x0F,
  
};
const font_glyph_t glyph_88_24 = {88, 24, 16, 17, 15, 0, 17, font_88_24};

const unsigned char font_89_24[] = {
  0x01,0xCB,0xFF,0xFF,0xFF,0x9A,0x00,0x00,0x00,0x00,0x00,0x86,0xFF,0xFF,0xFF,0xDC,
  0x04,0x00,0x49,0xFF,0xFF,0xFF,0xF6,0x11,0x00,0x00,0x00,0x08,0xEC,0xFF,0xFF,0xFF,
  0x60,0x00,0x00,0x00,0xC8,0xFF,0xFF,0xFF,0x74,0x00,0x00,0x00,0x62,0xFF,0xFF,0xFF,
  0xD9,0x04,0x00,0x00,0x00,0x48,0xFF,0xFF,0xFF,0xDF,0x03,0x00,0x00,0xCF,0xFF,0xFF,
  0xFF,0x5C,0x00,0x00,0x00,0x00,0x00,0xC6,0xFF,0xFF,0xFF,0x4E,0x00,0x3E,0xFF,0xFF,
  0xFF,0xD9,0x03,0x00,0x00,0x00,0x00,0x00,0x44,0xFF,0xFF,0xFF,0xBB,0x00,0xAA,0xFF,
  0xFF,0xFF,0x5C,0x00,0x00,0x00,0x00,0x00,0x00,0x00,0xC4,0xFF,0xFF,0xFF,0x46,0xFC,
  0xFF,0xFF,0xD8,0x03,0x00,0x00,0x00,0x00,0x00,0x00,0x00,0x44,0xFF,0xFF,0xFF,0xF0,
  0xFF,0xFF,0xFF,0x59,0x00,0x00,0x00,0x00,0x00,0x00,0x00,0x00,0x00,0xC0,0xFF,0xFF,
  0xFF,0xFF,0xFF,0xD6,0x02,0x00,0x00,0x00,0x00,0x00,0x00,0x00,0x00,0x00,0x40,0xFF,
  0xFF,0xFF,0xFF,0xFF,0x58,0x00,0x00,0x00,0x00,0x00,0x00,0x00,0x00,0x00,0x00,0x00,
  0xC0,0xFF,0xFF,0xFF,0xD6,0x02,0x00,0x00,0x00,0x00,0x00,0x00,0x00,0x00,0x00,0x00,
  0x00,0x8C,0xFF,0xFF,0xFF,0xA4,0x00,0x00,0x00,0x00,0x00,0x00,0x00,0x00,0x00,0x00,
  0x00,0x00,0x8C,0xFF,0xFF,0xFF,0xA4,0x00,0x00,0x00,0x00,0x00,0x00,0x00,0x00,0x00,
  0x00,0x00,0x00,0x8C,0xFF,0xFF,0xFF,0xA4,0x00,0x00,0x00,0x00,0x00,0x00,0x00,0x00,
  0x00,0x00,0x00,0x00,0x8C,0xFF,0xFF,0xFF,0xA4,0x00,0x00,0x00,0x00,0x00,0x00,0x00,
  0x00,0x00,0x00,0x00,0x00,0x8C,0xFF,0xFF,0xFF,0xA4,0x00,0x00,0x00,0x00,0x00,0x00,
  0x00,0x00,0x00,0x00,0x00,0x00,0x8C,0xFF,0xFF,0xFF,0xA4,0x00,0x00,0x00,0x00,0x00,
  0x00,
};
const font_glyph_t glyph_89_24 = {89, 24, 17, 17, 15, -1, 17, font_89_24};

const unsigned char font_90_24[] = {
  0x44,0xFF,0xFF,0xFF,0xFF,0xFF,0xFF,0xFF,0xFF,0xFF,0xFF,0xFF,0xFF,0xFF,0x00,0x44,
  0xFF,0xFF,0xFF,0xFF,0xFF,0xFF,0xFF,0xFF,0xFF,0xFF,0xFF,0xFF,0xFF,0x00,0x44,0xFF,
  0xFF,0xFF,0xFF,0xFF,0xFF,0xFF,0xFF,0xFF,0xFF,0xFF,0xFF,0xBA,0x00,0x0C,0x2C,0x2C,
  0x2C,0x2C,0x2C,0x2C,0x2C,0x7A,0xFF,0xFF,0xFF,0xF0,0x1C,0x00,0x00,0x00,0x00,0x00,
  0x00,0x00,0x00,0x17,0xEA,0xFF,0xFF,0xFF,0x5A,0x00,0x00,0x00,0x00,0x00,0x00,0x00,
  0x00,0x00,0xB3,0xFF,0xFF,0xFF,0xAB,0x00,0x00,0x00,0x00,0x00,0x00,0x00,0x00,0x00,
  0x66,0xFF,0xFF,0xFF,0xE8,0x13,0x00,0x00,0x00,0x00,0x00,0x00,0x00,0x00,0x25,0xF5,
  0xFF,0xFF,0xFF,0x4C,0x00,0x00,0x00,0x00,0x00,0x00,0x00,0x00,0x04,0xC9,0xFF,0xFF,
  0xFF,0x9A,0x00,0x00,0x00,0x00,0x00,0x00,0x00,0x00,0x00,0x7F,0xFF,0xFF,0xFF,0xDE,
  0x0D,0x00,0x00,0x00,0x00,0x00,0x00,0x00,0x00,0x36,0xFC,0xFF,0xFF,0xFE,0x3D,0x00,
  0x00,0x00,0x00,0x00,0x00,0x00,0x00,0x0B,0xDA,0xFF,0xFF,0xFF,0x8C,0x00,0x00,0x00,
  0x00,0x00,0x00,0x00,0x00,0x00,0x98,0xFF,0xFF,0xFF,0xD3,0x07,0x00,0x00,0x00,0x00,
  0x00,0x00,0x00,0x00,0x4B,0xFF,0xFF,0xFF,0xFF,0x5D,0x2C,0x2C,0x2C,0x2C,0x2C,0x2C,
  0x2C,0x03,0x12,0xE9,0xFF,0xFF,0xFF,0xFF,0xFF,0xFF,0xFF,0xFF,0xFF,0xFF,0xFF,0xFF,
  0x14,0x38,0xFF,0xFF,0xFF,0xFF,0xFF,0xFF,0xFF,0xFF,0xFF,0xFF,0xFF,0xFF,0xFF,0x14,
  0x38,0xFF,0xFF,0xFF,0xFF,0xFF,0xFF,0xFF,0xFF,0xFF,0xFF,0xFF,0xFF,0xFF,0x14,
};
const font_glyph_t glyph_90_24 = {90, 24, 15, 17, 15, 0, 17, font_90_24};

const unsigned char font_91_24[] = {
  0xBC,0xFF,0xFF,0xFF,0xFF,0xA0,0xBC,0xFF,0xFF,0xFF,0xFF,0xA0,0xBC,0xFF,0xFF,0xFF,
  0xEB,0x8F,0xBC,0xFF,0xFF,0xFF,0x3C,0x00,0xBC,0xFF,0xFF,0xFF,0x3C,0x00,0xBC,0xFF,
  0xFF,0xFF,0x3C,0x00,0xBC,0xFF,0xFF,0xFF,0x3C,0x00,0xBC,0xFF,0xFF,0xFF,0x3C,0x00,
  0xBC,0xFF,0xFF,0xFF,0x3C,0x00,0xBC,0xFF,0xFF,0xFF,0x3C,0x00,0xBC,0xFF,0xFF,0xFF,
  0x3C,0x00,0xBC,0xFF,0xFF,0xFF,0x3C,0x00,0xBC,0xFF,0xFF,0xFF,0x3C,0x00,0xBC,0xFF,
  0xFF,0xFF,0x3C,0x00,0xBC,0xFF,0xFF,0xFF,0x3C,0x00,0xBC,0xFF,0xFF,0xFF,0x3C,0x00,
  0xBC,0xFF,0xFF,0xFF,0x3C,0x00,0xBC,0xFF,0xFF,0xFF,0x3C,0x00,0xBC,0xFF,0xFF,0xFF,
  0x3C,0x00,0xBC,0xFF,0xFF,0xFF,0x3C,0x00,0xBC,0xFF,0xFF,0xFF,0x3C,0x00,0xBC,0xFF,
  0xFF,0xFF,0xE8,0x8C,0xBC,0xFF,0xFF,0xFF,0xFF,0xA0,0xBC,0xFF,0xFF,0xFF,0xFF,0xA0,
  
};
const font_glyph_t glyph_91_24 = {91, 24, 6, 24, 7, 1, 20, font_91_24};

const unsigned char font_92_24[] = {
  0x15,0xF9,0xFF,0xFF,0xFC,0x1B,0x00,0x00,0x00,0x00,0x00,0x00,0x00,0x00,0xA8,0xFF,
  0xFF,0xFF,0x7B,0x00,0x00,0x00,0x00,0x00,0x00,0x00,0x00,0x42,0xFF,0xFF,0xFF,0xDE,
  0x02,0x00,0x00,0x00,0x00,0x00,0x00,0x00,0x01,0xDD,0xFF,0xFF,0xFF,0x46,0x00,0x00,
  0x00,0x00,0x00,0x00,0x00,0x00,0x7A,0xFF,0xFF,0xFF,0xAC,0x00,0x00,0x00,0x00,0x00,
  0x00,0x00,0x00,0x18,0xFB,0xFF,0xFF,0xFB,0x16,0x00,0x00,0x00,0x00,0x00,0x00,0x00,
  0x00,0xAD,0xFF,0xFF,0xFF,0x76,0x00,0x00,0x00,0x00,0x00,0x00,0x00,0x00,0x49,0xFF,
  0xFF,0xFF,0xDA,0x01,0x00,0x00,0x00,0x00,0x00,0x00,0x00,0x02,0xE1,0xFF,0xFF,0xFF,
  0x41,0x00,0x00,0x00,0x00,0x00,0x00,0x00,0x00,0x7E,0xFF,0xFF,0xFF,0xA6,0x00,0x00,
  0x00,0x00,0x00,0x00,0x00,0x00,0x1C,0xFD,0xFF,0xFF,0xF8,0x13,0x00,0x00,0x00,0x00,
  0x00,0x00,0x00,0x00,0xB3,0xFF,0xFF,0xFF,0x72,0x00,0x00,0x00,0x00,0x00,0x00,0x00,
  0x00,0x4E,0xFF,0xFF,0xFF,0xD7,0x00,0x00,0x00,0x00,0x00,0x00,0x00,0x00,0x04,0xE4,
  0xFF,0xFF,0xFF,0x3B,0x00,0x00,0x00,0x00,0x00,0x00,0x00,0x00,0x82,0xFF,0xFF,0xFF,
  0xA0,0x00,0x00,0x00,0x00,0x00,0x00,0x00,0x00,0x20,0xFE,0xFF,0xFF,0xF6,0x10,0x00,
  0x00,0x00,0x00,0x00,0x00,0x00,0x00,0xBA,0xFF,0xFF,0xFF,0x6C,0x00,0x00,0x00,0x00,
  0x00,0x00,0x00,0x00,0x53,0xFF,0xFF,0xFF,0xD1,0x00,
};
const font_glyph_t glyph_92_24 = {92, 24, 13, 18, 10, -1, 17, font_92_24};

const unsigned char font_93_24[] = {
  0xD4,0xFF,0xFF,0xFF,0xFF,0x84,0xD4,0xFF,0xFF,0xFF,0xFF,0x84,0xBD,0xF0,0xFF,0xFF,
  0xFF,0x84,0x00,0x6C,0xFF,0xFF,0xFF,0x84,0x00,0x6C,0xFF,0xFF,0xFF,0x84,0x00,0x6C,
  0xFF,0xFF,0xFF,0x84,0x00,0x6C,0xFF,0xFF,0xFF,0x84,0x00,0x6C,0xFF,0xFF,0xFF,0x84,
  0x00,0x6C,0xFF,0xFF,0xFF,0x84,0x00,0x6C,0xFF,0xFF,0xFF,0x84,0x00,0x6C,0xFF,0xFF,
  0xFF,0x84,0x00,0x6C,0xFF,0xFF,0xFF,0x84,0x00,0x6C,0xFF,0xFF,0xFF,0x84,0x00,0x6C,
  0xFF,0xFF,0xFF,0x84,0x00,0x6C,0xFF,0xFF,0xFF,0x84,0x00,0x6C,0xFF,0xFF,0xFF,0x84,
  0x00,0x6C,0xFF,0xFF,0xFF,0x84,0x00,0x6C,0xFF,0xFF,0xFF,0x84,0x00,0x6C,0xFF,0xFF,
  0xFF,0x84,0x00,0x6C,0xFF,0xFF,0xFF,0x84,0x00,0x6C,0xFF,0xFF,0xFF,0x84,0xBA,0xEE,
  0xFF,0xFF,0xFF,0x84,0xD4,0xFF,0xFF,0xFF,0xFF,0x84,0xD4,0xFF,0xFF,0xFF,0xFF,0x84,
  
};
const font_glyph_t glyph_93_24 = {93, 24, 6, 24, 7, 0, 20, font_93_24};

const unsigned char font_94_24[] = {
  0x00,0x00,0x00,0x46,0xFF,0xFF,0xF9,0x15,0x00,0x00,0x00,0x00,0x00,0x00,0xA9,0xFF,
  0xFF,0xFF,0x72,0x00,0x00,0x00,0x00,0x00,0x14,0xF9,0xFF,0xFF,0xFF,0xD4,0x00,0x00,
  0x00,0x00,0x00,0x70,0xFF,0xFF,0xDF,0xFF,0xFF,0x38,0x00,0x00,0x00,0x00,0xD4,0xFF,
  0xF4,0x40,0xFF,0xFF,0x9C,0x00,0x00,0x00,0x38,0xFF,0xFF,0xA5,0x00,0xDB,0xFF,0xF4,
  0x0C,0x00,0x00,0x9B,0xFF,0xFF,0x4A,0x00,0x7F,0xFF,0xFF,0x64,0x00,0x0C,0xF3,0xFF,
  0xEB,0x04,0x00,0x25,0xFF,0xFF,0xC6,0x00,0x62,0xFF,0xFF,0x95,0x00,0x00,0x00,0xCA,
  0xFF,0xFF,0x2A,
};
const font_glyph_t glyph_94_24 = {94, 24, 11, 9, 11, 0, 17, font_94_24};

const unsigned char font_95_24[] = {
  0x04,0xFF,0xFF,0xFF,0xFF,0xFF,0xFF,0xFF,0xFF,0xFF,0xFF,0x94,0x04,0xFF,0xFF,0xFF,
  0xFF,0xFF,0xFF,0xFF,0xFF,0xFF,0xFF,0x94,0x04,0xF0,0xF0,0xF0,0xF0,0xF0,0xF0,0xF0,
  0xF0,0xF0,0xF0,0x8B,
};
const font_glyph_t glyph_95_24 = {95, 24, 12, 3, 11, -1, 0, font_95_24};

const unsigned char font_96_24[] = {
  0x15,0xDF,0xFF,0xFF,0xF9,0x22,0x00,0x00,0x00,0x2B,0xF3,0xFF,0xFF,0xB1,0x00,0x00,
  0x00,0x00,0x4C,0xFE,0xFF,0xFF,0x47,0x00,0x00,0x00,0x00,0x76,0xFF,0xFF,0xD8,0x05,
  
};
const font_glyph_t glyph_96_24 = {96, 24, 8, 4, 8, 0, 18, font_96_24};

const unsigned char font_97_24[] = {
  0x00,0x00,0x0B,0x75,0xC8,0xF3,0xFD,0xEB,0xB1,0x47,0x00,0x00,0x00,0x00,0x1E,0xDC,
  0xFF,0xFF,0xFF,0xFF,0xFF,0xFF,0xFF,0x86,0x00,0x00,0x00,0xC0,0xFF,0xFF,0xFF,0xE7,
  0xD1,0xFF,0xFF,0xFF,0xFF,0x3C,0x00,0x19,0xFF,0xFF,0xFF,0xE8,0x09,0x00,0x8C,0xFF,
  0xFF,0xFF,0x90,0x00,0x06,0x24,0x24,0x24,0x1C,0x00,0x00,0x4F,0xFF,0xFF,0xFF,0xA9,
  0x00,0x00,0x00,0x37,0x9E,0xD9,0xF6,0xFF,0xFF,0xFF,0xFF,0xFF,0xAC,0x00,0x00,0x72,
  0xFF,0xFF,0xFF,0xFF,0xFF,0xFF,0xFF,0xFF,0xFF,0xAC,0x00,0x22,0xFC,0xFF,0xFF,0xF0,
  0x50,0x1E,0x61,0xFF,0xFF,0xFF,0xAC,0x00,0x65,0xFF,0xFF,0xFF,0x8E,0x00,0x00,0x4C,
  0xFF,0xFF,0xFF,0xAC,0x00,0x6D,0xFF,0xFF,0xFF,0xAA,0x01,0x04,0xA1,0xFF,0xFF,0xFF,
  0xAC,0x00,0x32,0xFF,0xFF,0xFF,0xFF,0xDF,0xEA,0xFF,0xFF,0xFF,0xFF,0xB0,0x00,0x00,
  0x97,0xFF,0xFF,0xFF,0xFF,0xFF,0xF1,0xFF,0xFF,0xFF,0xCC,0x00,0x00,0x01,0x64,0xCF,
  0xFA,0xF2,0xAD,0x23,0xEC,0xFF,0xFF,0xFC,0x19,
};
const font_glyph_t glyph_97_24 = {97, 24, 13, 13, 13, 0, 13, font_97_24};

const unsigned char font_98_24[] = {
  0xD8,0xFF,0xFF,0xFF,0x18,0x00,0x00,0x00,0x00,0x00,0x00,0x00,0xD8,0xFF,0xFF,0xFF,
  0x18,0x00,0x00,0x00,0x00,0x00,0x00,0x00,0xD8,0xFF,0xFF,0xFF,0x18,0x00,0x00,0x00,
  0x00,0x00,0x00,0x00,0xD8,0xFF,0xFF,0xFF,0x18,0x00,0x00,0x00,0x00,0x00,0x00,0x00,
  0xD8,0xFF,0xFF,0xFF,0x18,0x00,0x00,0x00,0x00,0x00,0x00,0x00,0xD8,0xFF,0xFF,0xFF,
  0x48,0xBD,0xF8,0xF6,0xC4,0x4D,0x00,0x00,0xD8,0xFF,0xFF,0xFF,0xF9,0xFF,0xFF,0xFF,
  0xFF,0xFF,0x6B,0x00,0xD8,0xFF,0xFF,0xFF,0xFF,0xFF,0xFF,0xFF,0xFF,0xFF,0xF9,0x1D,
  0xD8,0xFF,0xFF,0xFF,0x97,0x1B,0x25,0xCE,0xFF,0xFF,0xFF,0x7C,0xD8,0xFF,0xFF,0xFF,
  0x1C,0x00,0x00,0x4B,0xFF,0xFF,0xFF,0xB8,0xD8,0xFF,0xFF,0xFF,0x18,0x00,0x00,0x1C,
  0xFF,0xFF,0xFF,0xD6,0xD8,0xFF,0xFF,0xFF,0x18,0x00,0x00,0x11,0xFF,0xFF,0xFF,0xE0,
  0xD8,0xFF,0xFF,0xFF,0x18,0x00,0x00,0x19,0xFF,0xFF,0xFF,0xD6,0xD8,0xFF,0xFF,0xFF,
  0x1B,0x00,0x00,0x3E,0xFF,0xFF,0xFF,0xB8,0xD8,0xFF,0xFF,0xFF,0x92,0x15,0x1E,0xBD,
  0xFF,0xFF,0xFF,0x7F,0xD8,0xFF,0xFF,0xFF,0xFF,0xFF,0xFF,0xFF,0xFF,0xFF,0xFA,0x20,
  0xD8,0xFF,0xFF,0xEF,0xF2,0xFF,0xFF,0xFF,0xFF,0xFF,0x72,0x00,0xD8,0xFF,0xFF,0xC0,
  0x2F,0xBD,0xF8,0xF8,0xC7,0x53,0x00,0x00,
};
const font_glyph_t glyph_98_24 = {98, 24, 12, 18, 14, 1, 18, font_98_24};

const unsigned char font_99_24[] = {
  0x00,0x00,0x00,0x47,0xB4,0xEC,0xFE,0xEE,0xB8,0x50,0x00,0x00,0x00,0x00,0x8F,0xFF,
  0xFF,0xFF,0xFF,0xFF,0xFF,0xFF,0x95,0x00,0x00,0x5F,0xFF,0xFF,0xFF,0xFF,0xFF,0xFF,
  0xFF,0xFF,0xFF,0x59,0x01,0xDE,0xFF,0xFF,0xFF,0x5B,0x12,0x6A,0xFF,0xFF,0xFF,0xBC,
  0x2C,0xFF,0xFF,0xFF,0xC3,0x00,0x00,0x00,0xDC,0xFF,0xFF,0xE5,0x54,0xFF,0xFF,0xFF,
  0x9D,0x00,0x00,0x00,0x00,0x00,0x00,0x00,0x60,0xFF,0xFF,0xFF,0x94,0x00,0x00,0x00,
  0x00,0x00,0x00,0x00,0x54,0xFF,0xFF,0xFF,0x9D,0x00,0x00,0x00,0x00,0x00,0x00,0x00,
  0x2C,0xFF,0xFF,0xFF,0xC2,0x00,0x00,0x00,0xDC,0xFF,0xFF,0xE5,0x01,0xDE,0xFF,0xFF,
  0xFE,0x59,0x12,0x6A,0xFF,0xFF,0xFF,0xB6,0x00,0x60,0xFF,0xFF,0xFF,0xFF,0xFF,0xFF,
  0xFF,0xFF,0xFF,0x48,0x00,0x00,0x8F,0xFF,0xFF,0xFF,0xFF,0xFF,0xFF,0xFF,0x7D,0x00,
  0x00,0x00,0x00,0x45,0xB3,0xEB,0xFE,0xED,0xB1,0x40,0x00,0x00,
};
const font_glyph_t glyph_99_24 = {99, 24, 12, 13, 12, 0, 13, font_99_24};

const unsigned char font_100_24[] = {
  0x00,0x00,0x00,0x00,0x00,0x00,0x00,0x00,0x98,0xFF,0xFF,0xFF,0x60,0x00,0x00,0x00,
  0x00,0x00,0x00,0x00,0x00,0x98,0xFF,0xFF,0xFF,0x60,0x00,0x00,0x00,0x00,0x00,0x00,
  0x00,0x00,0x98,0xFF,0xFF,0xFF,0x60,0x00,0x00,0x00,0x00,0x00,0x00,0x00,0x00,0x98,
  0xFF,0xFF,0xFF,0x60,0x00,0x00,0x00,0x00,0x00,0x00,0x00,0x00,0x98,0xFF,0xFF,0xFF,
  0x60,0x00,0x00,0x0F,0x8E,0xE3,0xFD,0xE0,0x72,0x99,0xFF,0xFF,0xFF,0x60,0x00,0x0E,
  0xD2,0xFF,0xFF,0xFF,0xFF,0xFF,0xF4,0xFF,0xFF,0xFF,0x60,0x00,0x8F,0xFF,0xFF,0xFF,
  0xFF,0xFF,0xFF,0xFF,0xFF,0xFF,0xFF,0x60,0x06,0xF2,0xFF,0xFF,0xFF,0x77,0x15,0x47,
  0xEE,0xFF,0xFF,0xFF,0x60,0x35,0xFF,0xFF,0xFF,0xD5,0x00,0x00,0x00,0x9F,0xFF,0xFF,
  0xFF,0x60,0x55,0xFF,0xFF,0xFF,0xA1,0x00,0x00,0x00,0x98,0xFF,0xFF,0xFF,0x60,0x60,
  0xFF,0xFF,0xFF,0x95,0x00,0x00,0x00,0x98,0xFF,0xFF,0xFF,0x60,0x56,0xFF,0xFF,0xFF,
  0xA1,0x00,0x00,0x00,0x98,0xFF,0xFF,0xFF,0x60,0x34,0xFF,0xFF,0xFF,0xD1,0x00,0x00,
  0x00,0x9E,0xFF,0xFF,0xFF,0x60,0x06,0xEF,0xFF,0xFF,0xFF,0x71,0x11,0x45,0xED,0xFF,
  0xFF,0xFF,0x60,0x00,0x89,0xFF,0xFF,0xFF,0xFF,0xFF,0xFF,0xFF,0xFF,0xFF,0xFF,0x60,
  0x00,0x0C,0xD1,0xFF,0xFF,0xFF,0xFF,0xFF,0xDA,0xFF,0xFF,0xFF,0x60,0x00,0x00,0x0E,
  0x8D,0xE3,0xFE,0xDF,0x72,0x43,0xFF,0xFF,0xFF,0x60,
};
const font_glyph_t glyph_100_24 = {100, 24, 13, 18, 14, 0, 18, font_100_24};

const unsigned char font_101_24[] = {
  0x00,0x00,0x00,0x2C,0xA0,0xE2,0xFC,0xF5,0xCB,0x6D,0x05,0x00,0x00,0x00,0x00,0x61,
  0xFB,0xFF,0xFF,0xFF,0xFF,0xFF,0xFF,0xC3,0x0C,0x00,0x00,0x38,0xFD,0xFF,0xFF,0xFF,
  0xFF,0xFF,0xFF,0xFF,0xFF,0x9D,0x00,0x00,0xBB,0xFF,0xFF,0xFF,0x94,0x17,0x2F,0xD6,
  0xFF,0xFF,0xFD,0x1D,0x11,0xFD,0xFF,0xFF,0xEC,0x05,0x00,0x00,0x5C,0xFF,0xFF,0xFF,
  0x65,0x3A,0xFF,0xFF,0xFF,0xE0,0x7C,0x7C,0x7C,0x9F,0xFF,0xFF,0xFF,0x8C,0x47,0xFF,
  0xFF,0xFF,0xFF,0xFF,0xFF,0xFF,0xFF,0xFF,0xFF,0xFF,0x97,0x3E,0xFF,0xFF,0xFF,0xFF,
  0xFF,0xFF,0xFF,0xFF,0xFF,0xFF,0xFF,0x98,0x15,0xFE,0xFF,0xFF,0xF5,0x15,0x00,0x00,
  0x00,0x00,0x1C,0x00,0x00,0x00,0xB9,0xFF,0xFF,0xFF,0xCB,0x3A,0x10,0x2E,0x90,0xF5,
  0x37,0x00,0x00,0x2C,0xF7,0xFF,0xFF,0xFF,0xFF,0xFF,0xFF,0xFF,0xFF,0xE9,0x13,0x00,
  0x00,0x44,0xED,0xFF,0xFF,0xFF,0xFF,0xFF,0xFF,0xFF,0x8E,0x01,0x00,0x00,0x00,0x15,
  0x82,0xD0,0xF5,0xFD,0xE5,0xA8,0x3C,0x00,0x00,
};
const font_glyph_t glyph_101_24 = {101, 24, 13, 13, 13, 0, 13, font_101_24};

const unsigned char font_102_24[] = {
  0x00,0x00,0x00,0x17,0x92,0xDD,0xFC,0xF6,0x94,0x00,0x00,0x1D,0xE5,0xFF,0xFF,0xFF,
  0xFF,0xB5,0x00,0x00,0xA3,0xFF,0xFF,0xFF,0xFF,0xFF,0xB8,0x00,0x00,0xED,0xFF,0xFF,
  0xFF,0x6E,0x13,0x12,0x00,0x03,0xFF,0xFF,0xFF,0xF8,0x00,0x00,0x00,0xD8,0xFF,0xFF,
  0xFF,0xFF,0xFF,0xFF,0xFF,0x6C,0xD8,0xFF,0xFF,0xFF,0xFF,0xFF,0xFF,0xFF,0x6C,0xA2,
  0xC1,0xFF,0xFF,0xFF,0xFD,0xC0,0xC0,0x51,0x00,0x04,0xFF,0xFF,0xFF,0xF4,0x00,0x00,
  0x00,0x00,0x04,0xFF,0xFF,0xFF,0xF4,0x00,0x00,0x00,0x00,0x04,0xFF,0xFF,0xFF,0xF4,
  0x00,0x00,0x00,0x00,0x04,0xFF,0xFF,0xFF,0xF4,0x00,0x00,0x00,0x00,0x04,0xFF,0xFF,
  0xFF,0xF4,0x00,0x00,0x00,0x00,0x04,0xFF,0xFF,0xFF,0xF4,0x00,0x00,0x00,0x00,0x04,
  0xFF,0xFF,0xFF,0xF4,0x00,0x00,0x00,0x00,0x04,0xFF,0xFF,0xFF,0xF4,0x00,0x00,0x00,
  0x00,0x04,0xFF,0xFF,0xFF,0xF4,0x00,0x00,0x00,0x00,0x04,0xFF,0xFF,0xFF,0xF4,0x00,
  0x00,0x00,
};
const font_glyph_t glyph_102_24 = {102, 24, 9, 18, 9, 0, 18, font_102_24};

const unsigned char font_103_24[] = {
  0x00,0x00,0x03,0x6E,0xD2,0xFA,0xF3,0xB8,0x2F,0xFA,0xFF,0xFF,0xAC,0x00,0x02,0xAF,
  0xFF,0xFF,0xFF,0xFF,0xFF,0xF6,0xFF,0xFF,0xFF,0xAC,0x00,0x6C,0xFF,0xFF,0xFF,0xFF,
  0xFF,0xFF,0xFF,0xFF,0xFF,0xFF,0xAC,0x01,0xDF,0xFF,0xFF,0xFF,0xA5,0x1C,0x24,0xB1,
  0xFF,0xFF,0xFF,0xAC,0x26,0xFF,0xFF,0xFF,0xEC,0x09,0x00,0x00,0x4C,0xFF,0xFF,0xFF,
  0xAC,0x4C,0xFF,0xFF,0xFF,0xB0,0x00,0x00,0x00,0x4C,0xFF,0xFF,0xFF,0xAC,0x57,0xFF,
  0xFF,0xFF,0x9E,0x00,0x00,0x00,0x4C,0xFF,0xFF,0xFF,0xAC,0x4D,0xFF,0xFF,0xFF,0xAD,
  0x00,0x00,0x00,0x4C,0xFF,0xFF,0xFF,0xAC,0x26,0xFF,0xFF,0xFF,0xE9,0x06,0x00,0x00,
  0x4C,0xFF,0xFF,0xFF,0xAC,0x00,0xDC,0xFF,0xFF,0xFF,0x9F,0x1B,0x21,0xB0,0xFF,0xFF,
  0xFF,0xAC,0x00,0x66,0xFF,0xFF,0xFF,0xFF,0xFF,0xFF,0xFF,0xFF,0xFF,0xFF,0xAC,0x00,
  0x01,0xA7,0xFF,0xFF,0xFF,0xFF,0xFF,0xF9,0xFF,0xFF,0xFF,0xAC,0x00,0x00,0x02,0x6A,
  0xD2,0xFB,0xF0,0xA4,0x66,0xFF,0xFF,0xFF,0xA9,0x00,0x00,0x00,0x0A,0x00,0x00,0x00,
  0x00,0x79,0xFF,0xFF,0xFF,0x92,0x00,0x00,0x59,0xD7,0x42,0x02,0x01,0x43,0xEE,0xFF,
  0xFF,0xFF,0x51,0x00,0x20,0xF0,0xFF,0xFF,0xF8,0xF5,0xFF,0xFF,0xFF,0xFF,0xCB,0x03,
  0x00,0x29,0xE0,0xFF,0xFF,0xFF,0xFF,0xFF,0xFF,0xFF,0xCE,0x1A,0x00,0x00,0x00,0x0D,
  0x71,0xC6,0xF3,0xFD,0xE9,0xB9,0x61,0x05,0x00,0x00,
};
const font_glyph_t glyph_103_24 = {103, 24, 13, 18, 14, 0, 13, font_103_24};

const unsigned char font_104_24[] = {
  0xF8,0xFF,0xFF,0xFC,0x00,0x00,0x00,0x00,0x00,0x00,0x00,0x00,0xF8,0xFF,0xFF,0xFC,
  0x00,0x00,0x00,0x00,0x00,0x00,0x00,0x00,0xF8,0xFF,0xFF,0xFC,0x00,0x00,0x00,0x00,
  0x00,0x00,0x00,0x00,0xF8,0xFF,0xFF,0xFC,0x00,0x00,0x00,0x00,0x00,0x00,0x00,0x00,
  0xF8,0xFF,0xFF,0xFC,0x00,0x00,0x00,0x00,0x00,0x00,0x00,0x00,0xF8,0xFF,0xFF,0xFC,
  0x16,0x9D,0xED,0xFC,0xD6,0x72,0x02,0x00,0xF8,0xFF,0xFF,0xFE,0xDC,0xFF,0xFF,0xFF,
  0xFF,0xFF,0x8A,0x00,0xF8,0xFF,0xFF,0xFF,0xFF,0xFF,0xFF,0xFF,0xFF,0xFF,0xFB,0x17,
  0xF8,0xFF,0xFF,0xFF,0x5E,0x11,0x31,0xE3,0xFF,0xFF,0xFF,0x55,0xF8,0xFF,0xFF,0xFD,
  0x00,0x00,0x00,0x8B,0xFF,0xFF,0xFF,0x72,0xF8,0xFF,0xFF,0xFC,0x00,0x00,0x00,0x80,
  0xFF,0xFF,0xFF,0x78,0xF8,0xFF,0xFF,0xFC,0x00,0x00,0x00,0x80,0xFF,0xFF,0xFF,0x78,
  0xF8,0xFF,0xFF,0xFC,0x00,0x00,0x00,0x80,0xFF,0xFF,0xFF,0x78,0xF8,0xFF,0xFF,0xFC,
  0x00,0x00,0x00,0x80,0xFF,0xFF,0xFF,0x78,0xF8,0xFF,0xFF,0xFC,0x00,0x00,0x00,0x80,
  0xFF,0xFF,0xFF,0x78,0xF8,0xFF,0xFF,0xFC,0x00,0x00,0x00,0x80,0xFF,0xFF,0xFF,0x78,
  0xF8,0xFF,0xFF,0xFC,0x00,0x00,0x00,0x80,0xFF,0xFF,0xFF,0x78,0xF8,0xFF,0xFF,0xFC,
  0x00,0x00,0x00,0x80,0xFF,0xFF,0xFF,0x78,
};
const font_glyph_t glyph_104_24 = {104, 24, 12, 18, 14, 1, 18, font_104_24};

const unsigned char font_105_24[] = {
  0x2A,0xB6,0xD1,0x86,0x03,0xCA,0xFF,0xFF,0xFF,0x59,0xD5,0xFF,0xFF,0xFF,0x66,0x43,
  0xDF,0xF9,0xAE,0x0A,0x00,0x00,0x00,0x00,0x00,0xAC,0xFF,0xFF,0xFF,0x48,0xAC,0xFF,
  0xFF,0xFF,0x48,0xAC,0xFF,0xFF,0xFF,0x48,0xAC,0xFF,0xFF,0xFF,0x48,0xAC,0xFF,0xFF,
  0xFF,0x48,0xAC,0xFF,0xFF,0xFF,0x48,0xAC,0xFF,0xFF,0xFF,0x48,0xAC,0xFF,0xFF,0xFF,
  0x48,0xAC,0xFF,0xFF,0xFF,0x48,0xAC,0xFF,0xFF,0xFF,0x48,0xAC,0xFF,0xFF,0xFF,0x48,
  0xAC,0xFF,0xFF,0xFF,0x48,0xAC,0xFF,0xFF,0xFF,0x48,
};
const font_glyph_t glyph_105_24 = {105, 24, 5, 18, 7, 1, 18, font_105_24};

const unsigned char font_106_24[] = {
  0x00,0x00,0x00,0x29,0xB6,0xD1,0x89,0x04,0x00,0x00,0x00,0xC5,0xFF,0xFF,0xFF,0x61,
  0x00,0x00,0x00,0xD2,0xFF,0xFF,0xFF,0x6E,0x00,0x00,0x00,0x41,0xDD,0xFA,0xB2,0x0D,
  0x00,0x00,0x00,0x00,0x00,0x00,0x00,0x00,0x00,0x00,0x00,0x98,0xFF,0xFF,0xFF,0x60,
  0x00,0x00,0x00,0x98,0xFF,0xFF,0xFF,0x60,0x00,0x00,0x00,0x98,0xFF,0xFF,0xFF,0x60,
  0x00,0x00,0x00,0x98,0xFF,0xFF,0xFF,0x60,0x00,0x00,0x00,0x98,0xFF,0xFF,0xFF,0x60,
  0x00,0x00,0x00,0x98,0xFF,0xFF,0xFF,0x60,0x00,0x00,0x00,0x98,0xFF,0xFF,0xFF,0x60,
  0x00,0x00,0x00,0x98,0xFF,0xFF,0xFF,0x60,0x00,0x00,0x00,0x98,0xFF,0xFF,0xFF,0x60,
  0x00,0x00,0x00,0x98,0xFF,0xFF,0xFF,0x60,0x00,0x00,0x00,0x98,0xFF,0xFF,0xFF,0x60,
  0x00,0x00,0x00,0x98,0xFF,0xFF,0xFF,0x60,0x00,0x00,0x00,0x98,0xFF,0xFF,0xFF,0x60,
  0x00,0x00,0x00,0xA0,0xFF,0xFF,0xFF,0x5D,0x10,0x19,0x3C,0xEC,0xFF,0xFF,0xFF,0x40,
  0x60,0xFF,0xFF,0xFF,0xFF,0xFF,0xE9,0x07,0x60,0xFF,0xFF,0xFF,0xFF,0xFB,0x4F,0x00,
  0x50,0xF3,0xFF,0xEB,0xAF,0x37,0x00,0x00,
};
const font_glyph_t glyph_106_24 = {106, 24, 8, 23, 7, -2, 18, font_106_24};

const unsigned char font_107_24[] = {
  0xD8,0xFF,0xFF,0xFF,0x18,0x00,0x00,0x00,0x00,0x00,0x00,0x00,0x00,0xD8,0xFF,0xFF,
  0xFF,0x18,0x00,0x00,0x00,0x00,0x00,0x00,0x00,0x00,0xD8,0xFF,0xFF,0xFF,0x18,0x00,
  0x00,0x00,0x00,0x00,0x00,0x00,0x00,0xD8,0xFF,0xFF,0xFF,0x18,0x00,0x00,0x00,0x00,
  0x00,0x00,0x00,0x00,0xD8,0xFF,0xFF,0xFF,0x18,0x00,0x00,0x00,0x00,0x00,0x00,0x00,
  0x00,0xD8,0xFF,0xFF,0xFF,0x18,0x00,0x10,0xDC,0xFF,0xFF,0xFF,0xC4,0x06,0xD8,0xFF,
  0xFF,0xFF,0x18,0x01,0xB3,0xFF,0xFF,0xFF,0xE0,0x15,0x00,0xD8,0xFF,0xFF,0xFF,0x18,
  0x7C,0xFF,0xFF,0xFF,0xF3,0x2E,0x00,0x00,0xD8,0xFF,0xFF,0xFF,0x5F,0xFE,0xFF,0xFF,
  0xFE,0x4E,0x00,0x00,0x00,0xD8,0xFF,0xFF,0xFF,0xF5,0xFF,0xFF,0xFF,0x78,0x00,0x00,
  0x00,0x00,0xD8,0xFF,0xFF,0xFF,0xFF,0xFF,0xFF,0xEC,0x06,0x00,0x00,0x00,0x00,0xD8,
  0xFF,0xFF,0xFF,0xFF,0xFF,0xFF,0xFF,0x78,0x00,0x00,0x00,0x00,0xD8,0xFF,0xFF,0xFF,
  0xFF,0xFF,0xFF,0xFF,0xF6,0x22,0x00,0x00,0x00,0xD8,0xFF,0xFF,0xFF,0xCE,0xA6,0xFF,
  0xFF,0xFF,0xB7,0x00,0x00,0x00,0xD8,0xFF,0xFF,0xFF,0x26,0x15,0xF1,0xFF,0xFF,0xFF,
  0x54,0x00,0x00,0xD8,0xFF,0xFF,0xFF,0x18,0x00,0x72,0xFF,0xFF,0xFF,0xE6,0x0E,0x00,
  0xD8,0xFF,0xFF,0xFF,0x18,0x00,0x06,0xDA,0xFF,0xFF,0xFF,0x92,0x00,0xD8,0xFF,0xFF,
  0xFF,0x18,0x00,0x00,0x4E,0xFF,0xFF,0xFF,0xFD,0x33,
};
const font_glyph_t glyph_107_24 = {107, 24, 13, 18, 13, 1, 18, font_107_24};

const unsigned char font_108_24[] = {
  0xAC,0xFF,0xFF,0xFF,0x48,0xAC,0xFF,0xFF,0xFF,0x48,0xAC,0xFF,0xFF,0xFF,0x48,0xAC,
  0xFF,0xFF,0xFF,0x48,0xAC,0xFF,0xFF,0xFF,0x48,0xAC,0xFF,0xFF,0xFF,0x48,0xAC,0xFF,
  0xFF,0xFF,0x48,0xAC,0xFF,0xFF,0xFF,0x48,0xAC,0xFF,0xFF,0xFF,0x48,0xAC,0xFF,0xFF,
  0xFF,0x48,0xAC,0xFF,0xFF,0xFF,0x48,0xAC,0xFF,0xFF,0xFF,0x48,0xAC,0xFF,0xFF,0xFF,
  0x48,0xAC,0xFF,0xFF,0xFF,0x48,0xAC,0xFF,0xFF,0xFF,0x48,0xAC,0xFF,0xFF,0xFF,0x48,
  0xAC,0xFF,0xFF,0xFF,0x48,0xAC,0xFF,0xFF,0xFF,0x48,
};
const font_glyph_t glyph_108_24 = {108, 24, 5, 18, 7, 1, 18, font_108_24};

const unsigned char font_109_24[] = {
  0xD8,0xFF,0xFF,0xE7,0x0B,0x86,0xE0,0xFC,0xE5,0x8D,0x08,0x0C,0x8B,0xE2,0xFD,0xE8,
  0x94,0x0C,0x00,0xD8,0xFF,0xFF,0xFB,0xC8,0xFF,0xFF,0xFF,0xFF,0xFF,0xA4,0xCB,0xFF,
  0xFF,0xFF,0xFF,0xFF,0xB4,0x00,0xD8,0xFF,0xFF,0xFF,0xFF,0xFF,0xFF,0xFF,0xFF,0xFF,
  0xFF,0xFF,0xFF,0xFF,0xFF,0xFF,0xFF,0xFF,0x2E,0xD8,0xFF,0xFF,0xFF,0xA2,0x1B,0x2D,
  0xEB,0xFF,0xFF,0xFF,0xC5,0x27,0x1D,0xC9,0xFF,0xFF,0xFF,0x6C,0xD8,0xFF,0xFF,0xFF,
  0x1E,0x00,0x00,0xAC,0xFF,0xFF,0xFF,0x53,0x00,0x00,0x78,0xFF,0xFF,0xFF,0x84,0xD8,
  0xFF,0xFF,0xFF,0x18,0x00,0x00,0xA4,0xFF,0xFF,0xFF,0x50,0x00,0x00,0x70,0xFF,0xFF,
  0xFF,0x88,0xD8,0xFF,0xFF,0xFF,0x18,0x00,0x00,0xA4,0xFF,0xFF,0xFF,0x50,0x00,0x00,
  0x70,0xFF,0xFF,0xFF,0x88,0xD8,0xFF,0xFF,0xFF,0x18,0x00,0x00,0xA4,0xFF,0xFF,0xFF,
  0x50,0x00,0x00,0x70,0xFF,0xFF,0xFF,0x88,0xD8,0xFF,0xFF,0xFF,0x18,0x00,0x00,0xA4,
  0xFF,0xFF,0xFF,0x50,0x00,0x00,0x70,0xFF,0xFF,0xFF,0x88,0xD8,0xFF,0xFF,0xFF,0x18,
  0x00,0x00,0xA4,0xFF,0xFF,0xFF,0x50,0x00,0x00,0x70,0xFF,0xFF,0xFF,0x88,0xD8,0xFF,
  0xFF,0xFF,0x18,0x00,0x00,0xA4,0xFF,0xFF,0xFF,0x50,0x00,0x00,0x70,0xFF,0xFF,0xFF,
  0x88,0xD8,0xFF,0xFF,0xFF,0x18,0x00,0x00,0xA4,0xFF,0xFF,0xFF,0x50,0x00,0x00,0x70,
  0xFF,0xFF,0xFF,0x88,0xD8,0xFF,0xFF,0xFF,0x18,0x00,0x00,0xA4,0xFF,0xFF,0xFF,0x50,
  0x00,0x00,0x70,0xFF,0xFF,0xFF,0x88,
};
const font_glyph_t glyph_109_24 = {109, 24, 19, 13, 21, 1, 13, font_109_24};

const unsigned char font_110_24[] = {
  0xF4,0xFF,0xFF,0xCC,0x12,0x93,0xE5,0xFE,0xE4,0x8B,0x08,0x00,0xF4,0xFF,0xFF,0xEB,
  0xD9,0xFF,0xFF,0xFF,0xFF,0xFF,0xA5,0x00,0xF4,0xFF,0xFF,0xFF,0xFF,0xFF,0xFF,0xFF,
  0xFF,0xFF,0xFF,0x21,0xF4,0xFF,0xFF,0xFF,0x74,0x15,0x2E,0xDE,0xFF,0xFF,0xFF,0x5C,
  0xF4,0xFF,0xFF,0xFF,0x00,0x00,0x00,0x89,0xFF,0xFF,0xFF,0x74,0xF4,0xFF,0xFF,0xFF,
  0x00,0x00,0x00,0x80,0xFF,0xFF,0xFF,0x78,0xF4,0xFF,0xFF,0xFF,0x00,0x00,0x00,0x80,
  0xFF,0xFF,0xFF,0x78,0xF4,0xFF,0xFF,0xFF,0x00,0x00,0x00,0x80,0xFF,0xFF,0xFF,0x78,
  0xF4,0xFF,0xFF,0xFF,0x00,0x00,0x00,0x80,0xFF,0xFF,0xFF,0x78,0xF4,0xFF,0xFF,0xFF,
  0x00,0x00,0x00,0x80,0xFF,0xFF,0xFF,0x78,0xF4,0xFF,0xFF,0xFF,0x00,0x00,0x00,0x80,
  0xFF,0xFF,0xFF,0x78,0xF4,0xFF,0xFF,0xFF,0x00,0x00,0x00,0x80,0xFF,0xFF,0xFF,0x78,
  0xF4,0xFF,0xFF,0xFF,0x00,0x00,0x00,0x80,0xFF,0xFF,0xFF,0x78,
};
const font_glyph_t glyph_110_24 = {110, 24, 12, 13, 14, 1, 13, font_110_24};

const unsigned char font_111_24[] = {
  0x00,0x00,0x00,0x36,0xA7,0xE6,0xFD,0xF5,0xCA,0x72,0x08,0x00,0x00,0x00,0x00,0x76,
  0xFE,0xFF,0xFF,0xFF,0xFF,0xFF,0xFF,0xD4,0x1B,0x00,0x00,0x50,0xFF,0xFF,0xFF,0xFF,
  0xFF,0xFF,0xFF,0xFF,0xFF,0xCA,0x02,0x00,0xD6,0xFF,0xFF,0xFF,0x85,0x14,0x36,0xE1,
  0xFF,0xFF,0xFF,0x52,0x28,0xFF,0xFF,0xFF,0xDA,0x01,0x00,0x00,0x5F,0xFF,0xFF,0xFF,
  0xA3,0x53,0xFF,0xFF,0xFF,0xA1,0x00,0x00,0x00,0x25,0xFF,0xFF,0xFF,0xCF,0x5E,0xFF,
  0xFF,0xFF,0x96,0x00,0x00,0x00,0x1A,0xFF,0xFF,0xFF,0xDA,0x53,0xFF,0xFF,0xFF,0xA1,
  0x00,0x00,0x00,0x25,0xFF,0xFF,0xFF,0xCF,0x28,0xFF,0xFF,0xFF,0xD6,0x00,0x00,0x00,
  0x5B,0xFF,0xFF,0xFF,0xA4,0x00,0xD6,0xFF,0xFF,0xFF,0x81,0x16,0x35,0xDE,0xFF,0xFF,
  0xFF,0x52,0x00,0x50,0xFF,0xFF,0xFF,0xFF,0xFF,0xFF,0xFF,0xFF,0xFF,0xCA,0x02,0x00,
  0x00,0x79,0xFE,0xFF,0xFF,0xFF,0xFF,0xFF,0xFF,0xD7,0x1C,0x00,0x00,0x00,0x00,0x37,
  0xA7,0xE5,0xFD,0xF5,0xCB,0x75,0x0A,0x00,0x00,
};
const font_glyph_t glyph_111_24 = {111, 24, 13, 13, 13, 0, 13, font_111_24};

const unsigned char font_112_24[] = {
  0xD8,0xFF,0xFF,0xE2,0x2F,0xBD,0xF8,0xF6,0xC3,0x4A,0x00,0x00,0xD8,0xFF,0xFF,0xFD,
  0xF2,0xFF,0xFF,0xFF,0xFF,0xFF,0x67,0x00,0xD8,0xFF,0xFF,0xFF,0xFF,0xFF,0xFF,0xFF,
  0xFF,0xFF,0xF7,0x1C,0xD8,0xFF,0xFF,0xFF,0x92,0x1B,0x28,0xD3,0xFF,0xFF,0xFF,0x7C,
  0xD8,0xFF,0xFF,0xFF,0x1C,0x00,0x00,0x51,0xFF,0xFF,0xFF,0xB7,0xD8,0xFF,0xFF,0xFF,
  0x18,0x00,0x00,0x1D,0xFF,0xFF,0xFF,0xD7,0xD8,0xFF,0xFF,0xFF,0x18,0x00,0x00,0x12,
  0xFF,0xFF,0xFF,0xDF,0xD8,0xFF,0xFF,0xFF,0x18,0x00,0x00,0x1D,0xFF,0xFF,0xFF,0xD5,
  0xD8,0xFF,0xFF,0xFF,0x1D,0x00,0x00,0x50,0xFF,0xFF,0xFF,0xB2,0xD8,0xFF,0xFF,0xFF,
  0x9A,0x19,0x25,0xD3,0xFF,0xFF,0xFF,0x71,0xD8,0xFF,0xFF,0xFF,0xFF,0xFF,0xFF,0xFF,
  0xFF,0xFF,0xF1,0x13,0xD8,0xFF,0xFF,0xFF,0xF8,0xFF,0xFF,0xFF,0xFF,0xFD,0x58,0x00,
  0xD8,0xFF,0xFF,0xFF,0x43,0xB9,0xF7,0xF6,0xC0,0x42,0x00,0x00,0xD8,0xFF,0xFF,0xFF,
  0x18,0x00,0x00,0x00,0x00,0x00,0x00,0x00,0xD8,0xFF,0xFF,0xFF,0x18,0x00,0x00,0x00,
  0x00,0x00,0x00,0x00,0xD8,0xFF,0xFF,0xFF,0x18,0x00,0x00,0x00,0x00,0x00,0x00,0x00,
  0xD8,0xFF,0xFF,0xFF,0x18,0x00,0x00,0x00,0x00,0x00,0x00,0x00,0xD8,0xFF,0xFF,0xFF,
  0x18,0x00,0x00,0x00,0x00,0x00,0x00,0x00,
};
const font_glyph_t glyph_112_24 = {112, 24, 12, 18, 14, 1, 13, font_112_24};

const unsigned char font_113_24[] = {
  0x00,0x00,0x0F,0x8E,0xE3,0xFD,0xE4,0x7E,0x29,0xFF,0xFF,0xFF,0x60,0x00,0x0F,0xD5,
  0xFF,0xFF,0xFF,0xFF,0xFF,0xDA,0xFF,0xFF,0xFF,0x60,0x00,0x91,0xFF,0xFF,0xFF,0xFF,
  0xFF,0xFF,0xFF,0xFF,0xFF,0xFF,0x60,0x06,0xF3,0xFF,0xFF,0xFF,0x75,0x12,0x3B,0xE9,
  0xFF,0xFF,0xFF,0x60,0x37,0xFF,0xFF,0xFF,0xD4,0x00,0x00,0x00,0x9C,0xFF,0xFF,0xFF,
  0x60,0x56,0xFF,0xFF,0xFF,0xA1,0x00,0x00,0x00,0x98,0xFF,0xFF,0xFF,0x60,0x60,0xFF,
  0xFF,0xFF,0x96,0x00,0x00,0x00,0x98,0xFF,0xFF,0xFF,0x60,0x55,0xFF,0xFF,0xFF,0xA1,
  0x00,0x00,0x00,0x98,0xFF,0xFF,0xFF,0x60,0x34,0xFF,0xFF,0xFF,0xD4,0x00,0x00,0x00,
  0x9B,0xFF,0xFF,0xFF,0x60,0x04,0xEE,0xFF,0xFF,0xFF,0x72,0x11,0x3E,0xE9,0xFF,0xFF,
  0xFF,0x60,0x00,0x86,0xFF,0xFF,0xFF,0xFF,0xFF,0xFF,0xFF,0xFF,0xFF,0xFF,0x60,0x00,
  0x0B,0xCD,0xFF,0xFF,0xFF,0xFF,0xFF,0xF8,0xFF,0xFF,0xFF,0x60,0x00,0x00,0x0C,0x8B,
  0xE3,0xFE,0xE1,0x79,0x9A,0xFF,0xFF,0xFF,0x60,0x00,0x00,0x00,0x00,0x00,0x00,0x00,
  0x00,0x98,0xFF,0xFF,0xFF,0x60,0x00,0x00,0x00,0x00,0x00,0x00,0x00,0x00,0x98,0xFF,
  0xFF,0xFF,0x60,0x00,0x00,0x00,0x00,0x00,0x00,0x00,0x00,0x98,0xFF,0xFF,0xFF,0x60,
  0x00,0x00,0x00,0x00,0x00,0x00,0x00,0x00,0x98,0xFF,0xFF,0xFF,0x60,0x00,0x00,0x00,
  0x00,0x00,0x00,0x00,0x00,0x98,0xFF,0xFF,0xFF,0x60,
};
const font_glyph_t glyph_113_24 = {113, 24, 13, 18, 13, 0, 13, font_113_24};

const unsigned char font_114_24[] = {
  0xD8,0xFF,0xFF,0xE2,0x17,0xB1,0xF8,0xCA,0xD8,0xFF,0xFF,0xF7,0xCA,0xFF,0xFF,0xD2,
  0xD8,0xFF,0xFF,0xFF,0xFF,0xFF,0xFF,0xCE,0xD8,0xFF,0xFF,0xFF,0xFF,0xD7,0xBA,0x9B,
  0xD8,0xFF,0xFF,0xFF,0x6D,0x00,0x00,0x00,0xD8,0xFF,0xFF,0xFF,0x19,0x00,0x00,0x00,
  0xD8,0xFF,0xFF,0xFF,0x18,0x00,0x00,0x00,0xD8,0xFF,0xFF,0xFF,0x18,0x00,0x00,0x00,
  0xD8,0xFF,0xFF,0xFF,0x18,0x00,0x00,0x00,0xD8,0xFF,0xFF,0xFF,0x18,0x00,0x00,0x00,
  0xD8,0xFF,0xFF,0xFF,0x18,0x00,0x00,0x00,0xD8,0xFF,0xFF,0xFF,0x18,0x00,0x00,0x00,
  0xD8,0xFF,0xFF,0xFF,0x18,0x00,0x00,0x00,
};
const font_glyph_t glyph_114_24 = {114, 24, 8, 13, 9, 1, 13, font_114_24};

const unsigned char font_115_24[] = {
  0x00,0x00,0x1A,0x8E,0xD9,0xFA,0xFB,0xE1,0xA5,0x38,0x00,0x00,0x00,0x35,0xEE,0xFF,
  0xFF,0xFF,0xFF,0xFF,0xFF,0xFE,0x78,0x00,0x01,0xD8,0xFF,0xFF,0xFF,0xB6,0xAE,0xFA,
  0xFF,0xFF,0xFF,0x33,0x25,0xFF,0xFF,0xFF,0xA3,0x00,0x00,0x80,0xFF,0xFF,0xFF,0x83,
  0x22,0xFF,0xFF,0xFF,0xDC,0x34,0x00,0x0C,0x20,0x20,0x20,0x12,0x00,0xC6,0xFF,0xFF,
  0xFF,0xFF,0xE6,0xAE,0x66,0x10,0x00,0x00,0x00,0x1A,0xC4,0xFF,0xFF,0xFF,0xFF,0xFF,
  0xFF,0xF1,0x56,0x00,0x00,0x00,0x01,0x4A,0xA2,0xE1,0xFF,0xFF,0xFF,0xFF,0xFD,0x2F,
  0x2B,0x4C,0x4C,0x4C,0x0A,0x00,0x28,0xB1,0xFF,0xFF,0xFF,0x80,0x75,0xFF,0xFF,0xFF,
  0x5A,0x00,0x00,0x53,0xFF,0xFF,0xFF,0x86,0x19,0xF2,0xFF,0xFF,0xFB,0xB2,0xA7,0xF1,
  0xFF,0xFF,0xFF,0x3E,0x00,0x49,0xF4,0xFF,0xFF,0xFF,0xFF,0xFF,0xFF,0xFF,0x80,0x00,
  0x00,0x00,0x20,0x93,0xDB,0xFA,0xFC,0xE1,0xA6,0x3C,0x00,0x00,
};
const font_glyph_t glyph_115_24 = {115, 24, 12, 13, 12, 0, 13, font_115_24};

const unsigned char font_116_24[] = {
  0x00,0x3C,0xFF,0xFF,0xFF,0xB4,0x00,0x00,0x00,0x3C,0xFF,0xFF,0xFF,0xB4,0x00,0x00,
  0x00,0x3C,0xFF,0xFF,0xFF,0xB4,0x00,0x00,0xD8,0xFF,0xFF,0xFF,0xFF,0xFF,0xFF,0xCC,
  0xD8,0xFF,0xFF,0xFF,0xFF,0xFF,0xFF,0xCC,0xA2,0xCF,0xFF,0xFF,0xFF,0xED,0xC0,0x99,
  0x00,0x3C,0xFF,0xFF,0xFF,0xB4,0x00,0x00,0x00,0x3C,0xFF,0xFF,0xFF,0xB4,0x00,0x00,
  0x00,0x3C,0xFF,0xFF,0xFF,0xB4,0x00,0x00,0x00,0x3C,0xFF,0xFF,0xFF,0xB4,0x00,0x00,
  0x00,0x3C,0xFF,0xFF,0xFF,0xB4,0x00,0x00,0x00,0x3C,0xFF,0xFF,0xFF,0xB5,0x00,0x00,
  0x00,0x37,0xFF,0xFF,0xFF,0xE0,0x2A,0x1D,0x00,0x14,0xFE,0xFF,0xFF,0xFF,0xFF,0xFC,
  0x00,0x00,0xA7,0xFF,0xFF,0xFF,0xFF,0xFC,0x00,0x00,0x09,0x88,0xE0,0xFD,0xF5,0xC7,
  
};
const font_glyph_t glyph_116_24 = {116, 24, 8, 16, 8, 0, 16, font_116_24};

const unsigned char font_117_24[] = {
  0xF4,0xFF,0xFF,0xFF,0x00,0x00,0x00,0x7C,0xFF,0xFF,0xFF,0x7C,0xF4,0xFF,0xFF,0xFF,
  0x00,0x00,0x00,0x7C,0xFF,0xFF,0xFF,0x7C,0xF4,0xFF,0xFF,0xFF,0x00,0x00,0x00,0x7C,
  0xFF,0xFF,0xFF,0x7C,0xF4,0xFF,0xFF,0xFF,0x00,0x00,0x00,0x7C,0xFF,0xFF,0xFF,0x7C,
  0xF4,0xFF,0xFF,0xFF,0x00,0x00,0x00,0x7C,0xFF,0xFF,0xFF,0x7C,0xF4,0xFF,0xFF,0xFF,
  0x00,0x00,0x00,0x7C,0xFF,0xFF,0xFF,0x7C,0xF4,0xFF,0xFF,0xFF,0x00,0x00,0x00,0x7C,
  0xFF,0xFF,0xFF,0x7C,0xF4,0xFF,0xFF,0xFF,0x00,0x00,0x00,0x7C,0xFF,0xFF,0xFF,0x7C,
  0xF2,0xFF,0xFF,0xFF,0x05,0x00,0x00,0x7F,0xFF,0xFF,0xFF,0x7C,0xDB,0xFF,0xFF,0xFF,
  0x76,0x11,0x34,0xD8,0xFF,0xFF,0xFF,0x7C,0x99,0xFF,0xFF,0xFF,0xFF,0xFF,0xFF,0xFF,
  0xFF,0xFF,0xFF,0x7C,0x22,0xF0,0xFF,0xFF,0xFF,0xFF,0xFF,0xD8,0xFF,0xFF,0xFF,0x7C,
  0x00,0x2C,0xB2,0xF0,0xFD,0xD5,0x6B,0x44,0xFF,0xFF,0xFF,0x7C,
};
const font_glyph_t glyph_117_24 = {117, 24, 12, 13, 14, 1, 13, font_117_24};

const unsigned char font_118_24[] = {
  0xCF,0xFF,0xFF,0xFF,0x54,0x00,0x00,0x02,0xEE,0xFF,0xFF,0xFF,0x2E,0x7E,0xFF,0xFF,
  0xFF,0x90,0x00,0x00,0x2E,0xFF,0xFF,0xFF,0xDD,0x00,0x2D,0xFF,0xFF,0xFF,0xCF,0x00,
  0x00,0x6C,0xFF,0xFF,0xFF,0x8B,0x00,0x00,0xDA,0xFF,0xFF,0xFD,0x0F,0x00,0xAC,0xFF,
  0xFF,0xFF,0x3A,0x00,0x00,0x8A,0xFF,0xFF,0xFF,0x4B,0x01,0xEA,0xFF,0xFF,0xE5,0x02,
  0x00,0x00,0x38,0xFF,0xFF,0xFF,0x89,0x28,0xFF,0xFF,0xFF,0x96,0x00,0x00,0x00,0x01,
  0xE5,0xFF,0xFF,0xC5,0x67,0xFF,0xFF,0xFF,0x44,0x00,0x00,0x00,0x00,0x95,0xFF,0xFF,
  0xFA,0xB0,0xFF,0xFF,0xEE,0x04,0x00,0x00,0x00,0x00,0x42,0xFF,0xFF,0xFF,0xFE,0xFF,
  0xFF,0xA2,0x00,0x00,0x00,0x00,0x00,0x04,0xEE,0xFF,0xFF,0xFF,0xFF,0xFF,0x4E,0x00,
  0x00,0x00,0x00,0x00,0x00,0xA0,0xFF,0xFF,0xFF,0xFF,0xF4,0x09,0x00,0x00,0x00,0x00,
  0x00,0x00,0x4E,0xFF,0xFF,0xFF,0xFF,0xAA,0x00,0x00,0x00,0x00,0x00,0x00,0x00,0x09,
  0xF5,0xFF,0xFF,0xFF,0x59,0x00,0x00,0x00,0x00,
};
const font_glyph_t glyph_118_24 = {118, 24, 13, 13, 12, 0, 13, font_118_24};

const unsigned char font_119_24[] = {
  0x9E,0xFF,0xFF,0xFF,0x20,0x00,0x00,0xD0,0xFF,0xFF,0x31,0x00,0x00,0xBD,0xFF,0xFF,
  0xFA,0x08,0x63,0xFF,0xFF,0xFF,0x4A,0x00,0x15,0xFE,0xFF,0xFF,0x74,0x00,0x00,0xE8,
  0xFF,0xFF,0xC8,0x00,0x28,0xFF,0xFF,0xFF,0x73,0x00,0x54,0xFF,0xFF,0xFF,0xB6,0x00,
  0x13,0xFF,0xFF,0xFF,0x8D,0x00,0x01,0xEC,0xFF,0xFF,0x9C,0x00,0x97,0xFF,0xFF,0xFF,
  0xF4,0x06,0x3D,0xFF,0xFF,0xFF,0x52,0x00,0x00,0xB2,0xFF,0xFF,0xC4,0x00,0xD7,0xFF,
  0xFF,0xFF,0xFF,0x3C,0x67,0xFF,0xFF,0xFF,0x18,0x00,0x00,0x76,0xFF,0xFF,0xEE,0x1B,
  0xFF,0xFF,0xDF,0xFF,0xFF,0x7F,0x92,0xFF,0xFF,0xDD,0x00,0x00,0x00,0x3C,0xFF,0xFF,
  0xFF,0x73,0xFF,0xFF,0x67,0xF4,0xFF,0xC2,0xBC,0xFF,0xFF,0xA2,0x00,0x00,0x00,0x08,
  0xF9,0xFF,0xFF,0xDC,0xFF,0xFF,0x1B,0xB3,0xFF,0xFA,0xEC,0xFF,0xFF,0x67,0x00,0x00,
  0x00,0x00,0xC5,0xFF,0xFF,0xFF,0xFF,0xD4,0x00,0x6E,0xFF,0xFF,0xFF,0xFF,0xFF,0x2D,
  0x00,0x00,0x00,0x00,0x8B,0xFF,0xFF,0xFF,0xFF,0x8E,0x00,0x28,0xFF,0xFF,0xFF,0xFF,
  0xF0,0x02,0x00,0x00,0x00,0x00,0x4F,0xFF,0xFF,0xFF,0xFF,0x47,0x00,0x00,0xE2,0xFF,
  0xFF,0xFF,0xB6,0x00,0x00,0x00,0x00,0x00,0x15,0xFF,0xFF,0xFF,0xF8,0x0A,0x00,0x00,
  0x9D,0xFF,0xFF,0xFF,0x7D,0x00,0x00,0x00,0x00,0x00,0x00,0xDA,0xFF,0xFF,0xBB,0x00,
  0x00,0x00,0x57,0xFF,0xFF,0xFF,0x41,0x00,0x00,0x00,
};
const font_glyph_t glyph_119_24 = {119, 24, 18, 13, 17, 0, 13, font_119_24};

const unsigned char font_120_24[] = {
  0x68,0xFF,0xFF,0xFF,0xB8,0x00,0x00,0x2B,0xFE,0xFF,0xFF,0xE4,0x09,0x05,0xDE,0xFF,
  0xFF,0xFF,0x38,0x00,0xAE,0xFF,0xFF,0xFF,0x65,0x00,0x00,0x5D,0xFF,0xFF,0xFF,0xB8,
  0x32,0xFF,0xFF,0xFF,0xDB,0x04,0x00,0x00,0x03,0xD5,0xFF,0xFF,0xFF,0xD6,0xFF,0xFF,
  0xFF,0x59,0x00,0x00,0x00,0x00,0x50,0xFF,0xFF,0xFF,0xFF,0xFF,0xFF,0xD0,0x02,0x00,
  0x00,0x00,0x00,0x01,0xCA,0xFF,0xFF,0xFF,0xFF,0xFF,0x4B,0x00,0x00,0x00,0x00,0x00,
  0x00,0x81,0xFF,0xFF,0xFF,0xFF,0xF6,0x0B,0x00,0x00,0x00,0x00,0x00,0x0E,0xEC,0xFF,
  0xFF,0xFF,0xFF,0xFF,0x7A,0x00,0x00,0x00,0x00,0x00,0x7F,0xFF,0xFF,0xFF,0xFF,0xFF,
  0xFF,0xEF,0x10,0x00,0x00,0x00,0x14,0xF2,0xFF,0xFF,0xF7,0xA9,0xFF,0xFF,0xFF,0x86,
  0x00,0x00,0x00,0x8D,0xFF,0xFF,0xFF,0x90,0x19,0xF6,0xFF,0xFF,0xF4,0x18,0x00,0x1B,
  0xF7,0xFF,0xFF,0xF5,0x18,0x00,0x8A,0xFF,0xFF,0xFF,0x92,0x00,0x99,0xFF,0xFF,0xFF,
  0x88,0x00,0x00,0x14,0xF2,0xFF,0xFF,0xFA,0x1F,
};
const font_glyph_t glyph_120_24 = {120, 24, 13, 13, 12, 0, 13, font_120_24};

const unsigned char font_121_24[] = {
  0x01,0xE3,0xFF,0xFF,0xFF,0x50,0x00,0x00,0x00,0xDE,0xFF,0xFF,0xFF,0x5B,0x00,0x8D,
  0xFF,0xFF,0xFF,0x97,0x00,0x00,0x28,0xFF,0xFF,0xFF,0xF6,0x0D,0x00,0x36,0xFF,0xFF,
  0xFF,0xDE,0x00,0x00,0x71,0xFF,0xFF,0xFF,0xAA,0x00,0x00,0x01,0xDD,0xFF,0xFF,0xFF,
  0x26,0x00,0xBC,0xFF,0xFF,0xFF,0x52,0x00,0x00,0x00,0x86,0xFF,0xFF,0xFF,0x6D,0x0C,
  0xF9,0xFF,0xFF,0xF2,0x08,0x00,0x00,0x00,0x2E,0xFF,0xFF,0xFF,0xB4,0x50,0xFF,0xFF,
  0xFF,0xA2,0x00,0x00,0x00,0x00,0x00,0xD8,0xFF,0xFF,0xF5,0xA0,0xFF,0xFF,0xFF,0x48,
  0x00,0x00,0x00,0x00,0x00,0x80,0xFF,0xFF,0xFF,0xFC,0xFF,0xFF,0xEC,0x04,0x00,0x00,
  0x00,0x00,0x00,0x28,0xFF,0xFF,0xFF,0xFF,0xFF,0xFF,0x98,0x00,0x00,0x00,0x00,0x00,
  0x00,0x00,0xD1,0xFF,0xFF,0xFF,0xFF,0xFF,0x3F,0x00,0x00,0x00,0x00,0x00,0x00,0x00,
  0x78,0xFF,0xFF,0xFF,0xFF,0xE5,0x02,0x00,0x00,0x00,0x00,0x00,0x00,0x00,0x23,0xFF,
  0xFF,0xFF,0xFF,0x8E,0x00,0x00,0x00,0x00,0x00,0x00,0x00,0x00,0x00,0xD1,0xFF,0xFF,
  0xFF,0x36,0x00,0x00,0x00,0x00,0x00,0x00,0x00,0x00,0x00,0xD8,0xFF,0xFF,0xDD,0x00,
  0x00,0x00,0x00,0x00,0x00,0x00,0x06,0x18,0x76,0xFF,0xFF,0xFF,0x83,0x00,0x00,0x00,
  0x00,0x00,0x00,0x00,0x64,0xFF,0xFF,0xFF,0xFF,0xFC,0x22,0x00,0x00,0x00,0x00,0x00,
  0x00,0x00,0x64,0xFF,0xFF,0xFF,0xFF,0x87,0x00,0x00,0x00,0x00,0x00,0x00,0x00,0x00,
  0x51,0xF2,0xFD,0xDA,0x70,0x02,0x00,0x00,0x00,0x00,0x00,0x00,
};
const font_glyph_t glyph_121_24 = {121, 24, 14, 18, 12, -1, 13, font_121_24};

const unsigned char font_122_24[] = {
  0x00,0xFC,0xFF,0xFF,0xFF,0xFF,0xFF,0xFF,0xFF,0xFF,0xFF,0x6C,0x00,0xFC,0xFF,0xFF,
  0xFF,0xFF,0xFF,0xFF,0xFF,0xFF,0xFF,0x6C,0x00,0xFC,0xFF,0xFF,0xFF,0xFF,0xFF,0xFF,
  0xFF,0xFF,0xF9,0x2E,0x00,0x0C,0x0C,0x0C,0x0C,0x15,0xDA,0xFF,0xFF,0xFF,0x6E,0x00,
  0x00,0x00,0x00,0x00,0x00,0x9A,0xFF,0xFF,0xFF,0xB3,0x01,0x00,0x00,0x00,0x00,0x00,
  0x55,0xFF,0xFF,0xFF,0xE4,0x13,0x00,0x00,0x00,0x00,0x00,0x21,0xF1,0xFF,0xFF,0xFD,
  0x41,0x00,0x00,0x00,0x00,0x00,0x05,0xC7,0xFF,0xFF,0xFF,0x83,0x00,0x00,0x00,0x00,
  0x00,0x00,0x89,0xFF,0xFF,0xFF,0xC5,0x04,0x00,0x00,0x00,0x00,0x00,0x46,0xFE,0xFF,
  0xFF,0xF3,0x2A,0x0C,0x0C,0x0C,0x0C,0x07,0x14,0xE9,0xFF,0xFF,0xFF,0xFF,0xFF,0xFF,
  0xFF,0xFF,0xFF,0x8C,0x38,0xFF,0xFF,0xFF,0xFF,0xFF,0xFF,0xFF,0xFF,0xFF,0xFF,0x8C,
  0x38,0xFF,0xFF,0xFF,0xFF,0xFF,0xFF,0xFF,0xFF,0xFF,0xFF,0x8C,
};
const font_glyph_t glyph_122_24 = {122, 24, 12, 13, 12, 0, 13, font_122_24};

const unsigned char font_123_24[] = {
  0x00,0x00,0x00,0x00,0x1D,0x9A,0xB7,0x00,0x00,0x00,0x00,0x36,0xEE,0xFF,0xFF,0x25,
  0x00,0x00,0x08,0xE2,0xFF,0xFF,0xAF,0x0E,0x00,0x00,0x55,0xFF,0xFF,0xFE,0x19,0x00,
  0x00,0x00,0x8B,0xFF,0xFF,0xDE,0x00,0x00,0x00,0x00,0x9F,0xFF,0xFF,0xCD,0x00,0x00,
  0x00,0x00,0xA0,0xFF,0xFF,0xCC,0x00,0x00,0x00,0x00,0xA0,0xFF,0xFF,0xCC,0x00,0x00,
  0x00,0x00,0xAB,0xFF,0xFF,0xC0,0x00,0x00,0x00,0x10,0xEC,0xFF,0xFF,0x87,0x00,0x00,
  0x5A,0xE4,0xFF,0xFF,0xE8,0x17,0x00,0x00,0x88,0xFF,0xFF,0xEE,0x27,0x00,0x00,0x00,
  0x85,0xFF,0xFF,0xFF,0xBC,0x06,0x00,0x00,0x03,0x4B,0xFB,0xFF,0xFF,0x6D,0x00,0x00,
  0x00,0x00,0xB9,0xFF,0xFF,0xB9,0x00,0x00,0x00,0x00,0xA1,0xFF,0xFF,0xCC,0x00,0x00,
  0x00,0x00,0xA0,0xFF,0xFF,0xCC,0x00,0x00,0x00,0x00,0x9F,0xFF,0xFF,0xCD,0x00,0x00,
  0x00,0x00,0x90,0xFF,0xFF,0xDD,0x00,0x00,0x00,0x00,0x5D,0xFF,0xFF,0xFE,0x1A,0x00,
  0x00,0x00,0x0B,0xE8,0xFF,0xFF,0xB1,0x0E,0x00,0x00,0x00,0x3C,0xF1,0xFF,0xFF,0x25,
  0x00,0x00,0x00,0x00,0x1E,0x9B,0xB6,0x00,
};
const font_glyph_t glyph_123_24 = {123, 24, 8, 23, 8, 0, 19, font_123_24};

const unsigned char font_124_24[] = {
  0xF8,0xFF,0x2C,0xF8,0xFF,0x2C,0xF8,0xFF,0x2C,0xF8,0xFF,0x2C,0xF8,0xFF,0x2C,0xF8,
  0xFF,0x2C,0xF8,0xFF,0x2C,0xF8,0xFF,0x2C,0xF8,0xFF,0x2C,0xF8,0xFF,0x2C,0xF8,0xFF,
  0x2C,0xF8,0xFF,0x2C,0xF8,0xFF,0x2C,0xF8,0xFF,0x2C,0xF8,0xFF,0x2C,0xF8,0xFF,0x2C,
  0xF8,0xFF,0x2C,0xF8,0xFF,0x2C,0xF8,0xFF,0x2C,0xF8,0xFF,0x2C,
};
const font_glyph_t glyph_124_24 = {124, 24, 3, 20, 6, 2, 17, font_124_24};

const unsigned char font_125_24[] = {
  0x06,0xD5,0x84,0x0E,0x00,0x00,0x00,0x00,0x50,0xFF,0xFF,0xDB,0x1B,0x00,0x00,0x00,
  0x19,0xCE,0xFF,0xFF,0xBB,0x00,0x00,0x00,0x00,0x43,0xFF,0xFF,0xFF,0x27,0x00,0x00,
  0x00,0x0D,0xFF,0xFF,0xFF,0x5F,0x00,0x00,0x00,0x00,0xFD,0xFF,0xFF,0x73,0x00,0x00,
  0x00,0x00,0xFC,0xFF,0xFF,0x74,0x00,0x00,0x00,0x00,0xFC,0xFF,0xFF,0x74,0x00,0x00,
  0x00,0x00,0xF0,0xFF,0xFF,0x81,0x00,0x00,0x00,0x00,0xB6,0xFF,0xFF,0xCD,0x06,0x00,
  0x00,0x00,0x35,0xF8,0xFF,0xFF,0xD8,0x3B,0x00,0x00,0x00,0x44,0xFA,0xFF,0xFF,0x6E,
  0x00,0x00,0x16,0xD8,0xFF,0xFF,0xFF,0x5F,0x00,0x00,0x9D,0xFF,0xFF,0xEA,0x31,0x01,
  0x00,0x00,0xE9,0xFF,0xFF,0x8C,0x00,0x00,0x00,0x00,0xFC,0xFF,0xFF,0x74,0x00,0x00,
  0x00,0x00,0xFC,0xFF,0xFF,0x74,0x00,0x00,0x00,0x00,0xFD,0xFF,0xFF,0x73,0x00,0x00,
  0x00,0x0A,0xFF,0xFF,0xFF,0x64,0x00,0x00,0x00,0x42,0xFF,0xFF,0xFF,0x2E,0x00,0x00,
  0x1C,0xCE,0xFF,0xFF,0xC4,0x00,0x00,0x00,0x4F,0xFF,0xFF,0xDE,0x20,0x00,0x00,0x00,
  0x05,0xD5,0x87,0x10,0x00,0x00,0x00,0x00,
};
const font_glyph_t glyph_125_24 = {125, 24, 8, 23, 8, 0, 19, font_125_24};

const unsigned char font_126_24[] = {
  0x00,0x0F,0x9E,0xF1,0xF1,0x9E,0x12,0x00,0x00,0x00,0xCF,0xFE,0xFC,0x08,0x01,0xBF,
  0xFF,0xFF,0xFF,0xFF,0xD3,0x10,0x00,0x07,0xF5,0xFF,0xF2,0x00,0x4D,0xFF,0xFF,0xFF,
  0xFF,0xFF,0xFF,0xC7,0x27,0x7A,0xFF,0xFF,0xC0,0x00,0x9F,0xFF,0xFF,0x91,0x1B,0xA9,
  0xFF,0xFF,0xFF,0xFF,0xFF,0xFF,0x6A,0x00,0xCD,0xFF,0xFF,0x1A,0x00,0x04,0xB6,0xFF,
  0xFF,0xFF,0xFF,0xD4,0x07,0x00,0xD5,0xF9,0xED,0x00,0x00,0x00,0x07,0x8C,0xEE,0xF6,
  0xAD,0x1A,0x00,0x00,
};
const font_glyph_t glyph_126_24 = {126, 24, 14, 6, 15, 1, 10, font_126_24};

const unsigned char font_1040_24[] = {
  0x00,0x00,0x00,0x00,0x00,0x00,0x08,0xF0,0xFF,0xFF,0xFF,0x4C,0x00,0x00,0x00,0x00,
  0x00,0x00,0x00,0x00,0x00,0x00,0x00,0x00,0x55,0xFF,0xFF,0xFF,0xFF,0xAA,0x00,0x00,
  0x00,0x00,0x00,0x00,0x00,0x00,0x00,0x00,0x00,0x00,0xB4,0xFF,0xFF,0xFF,0xFF,0xF8,
  0x10,0x00,0x00,0x00,0x00,0x00,0x00,0x00,0x00,0x00,0x00,0x17,0xFC,0xFF,0xFF,0xFF,
  0xFF,0xFF,0x68,0x00,0x00,0x00,0x00,0x00,0x00,0x00,0x00,0x00,0x00,0x70,0xFF,0xFF,
  0xFF,0xFC,0xFF,0xFF,0xC7,0x00,0x00,0x00,0x00,0x00,0x00,0x00,0x00,0x00,0x00,0xD0,
  0xFF,0xFF,0xEE,0x9E,0xFF,0xFF,0xFF,0x25,0x00,0x00,0x00,0x00,0x00,0x00,0x00,0x00,
  0x2C,0xFF,0xFF,0xFF,0xA3,0x4A,0xFF,0xFF,0xFF,0x84,0x00,0x00,0x00,0x00,0x00,0x00,
  0x00,0x00,0x8C,0xFF,0xFF,0xFF,0x52,0x07,0xF3,0xFF,0xFF,0xE2,0x02,0x00,0x00,0x00,
  0x00,0x00,0x00,0x03,0xE7,0xFF,0xFF,0xF8,0x0C,0x00,0xAA,0xFF,0xFF,0xFF,0x42,0x00,
  0x00,0x00,0x00,0x00,0x00,0x48,0xFF,0xFF,0xFF,0xB5,0x00,0x00,0x5A,0xFF,0xFF,0xFF,
  0xA0,0x00,0x00,0x00,0x00,0x00,0x00,0xA8,0xFF,0xFF,0xFF,0x87,0x2C,0x2C,0x3C,0xFF,
  0xFF,0xFF,0xF4,0x0C,0x00,0x00,0x00,0x00,0x0E,0xF6,0xFF,0xFF,0xFF,0xFF,0xFF,0xFF,
  0xFF,0xFF,0xFF,0xFF,0xFF,0x5E,0x00,0x00,0x00,0x00,0x64,0xFF,0xFF,0xFF,0xFF,0xFF,
  0xFF,0xFF,0xFF,0xFF,0xFF,0xFF,0xFF,0xBC,0x00,0x00,0x00,0x00,0xC1,0xFF,0xFF,0xFF,
  0xFF,0xFF,0xFF,0xFF,0xFF,0xFF,0xFF,0xFF,0xFF,0xFE,0x1E,0x00,0x00,0x21,0xFF,0xFF,
  0xFF,0xFF,0x26,0x00,0x00,0x00,0x00,0x00,0xCB,0xFF,0xFF,0xFF,0x7C,0x00,0x00,0x80,
  0xFF,0xFF,0xFF,0xD6,0x00,0x00,0x00,0x00,0x00,0x00,0x7D,0xFF,0xFF,0xFF,0xD9,0x00,
  0x01,0xDB,0xFF,0xFF,0xFF,0x86,0x00,0x00,0x00,0x00,0x00,0x00,0x2D,0xFF,0xFF,0xFF,
  0xFF,0x38,
};
const font_glyph_t glyph_1040_24 = {1040, 24, 18, 17, 16, -1, 17, font_1040_24};

const unsigned char font_1041_24[] = {
  0xC0,0xFF,0xFF,0xFF,0xFF,0xFF,0xFF,0xFF,0xFF,0xFF,0xFF,0xD4,0x00,0x00,0xC0,0xFF,
  0xFF,0xFF,0xFF,0xFF,0xFF,0xFF,0xFF,0xFF,0xFF,0xD4,0x00,0x00,0xC0,0xFF,0xFF,0xFF,
  0xFF,0xFF,0xFF,0xFF,0xFF,0xFF,0xFF,0xD4,0x00,0x00,0xC0,0xFF,0xFF,0xFF,0x96,0x2C,
  0x2C,0x2C,0x2C,0x2C,0x2C,0x24,0x00,0x00,0xC0,0xFF,0xFF,0xFF,0x80,0x00,0x00,0x00,
  0x00,0x00,0x00,0x00,0x00,0x00,0xC0,0xFF,0xFF,0xFF,0x94,0x28,0x27,0x1B,0x02,0x00,
  0x00,0x00,0x00,0x00,0xC0,0xFF,0xFF,0xFF,0xFF,0xFF,0xFF,0xFF,0xF6,0xB6,0x49,0x00,
  0x00,0x00,0xC0,0xFF,0xFF,0xFF,0xFF,0xFF,0xFF,0xFF,0xFF,0xFF,0xFF,0x9F,0x04,0x00,
  0xC0,0xFF,0xFF,0xFF,0xFF,0xFF,0xFF,0xFF,0xFF,0xFF,0xFF,0xFF,0x88,0x00,0xC0,0xFF,
  0xFF,0xFF,0x80,0x00,0x01,0x22,0xA4,0xFF,0xFF,0xFF,0xF9,0x12,0xC0,0xFF,0xFF,0xFF,
  0x80,0x00,0x00,0x00,0x04,0xE3,0xFF,0xFF,0xFF,0x4C,0xC0,0xFF,0xFF,0xFF,0x80,0x00,
  0x00,0x00,0x00,0xC2,0xFF,0xFF,0xFF,0x5C,0xC0,0xFF,0xFF,0xFF,0x80,0x00,0x00,0x00,
  0x14,0xF3,0xFF,0xFF,0xFF,0x41,0xC0,0xFF,0xFF,0xFF,0x96,0x2C,0x2D,0x50,0xD0,0xFF,
  0xFF,0xFF,0xE9,0x07,0xC0,0xFF,0xFF,0xFF,0xFF,0xFF,0xFF,0xFF,0xFF,0xFF,0xFF,0xFF,
  0x5C,0x00,0xC0,0xFF,0xFF,0xFF,0xFF,0xFF,0xFF,0xFF,0xFF,0xFF,0xF9,0x6B,0x00,0x00,
  0xC0,0xFF,0xFF,0xFF,0xFF,0xFF,0xFF,0xF4,0xCD,0x89,0x21,0x00,0x00,0x00,
};
const font_glyph_t glyph_1041_24 = {1041, 24, 14, 17, 15, 1, 17, font_1041_24};

const unsigned char font_1042_24[] = {
  0xB4,0xFF,0xFF,0xFF,0xFF,0xFF,0xFF,0xF5,0xD8,0xA2,0x47,0x00,0x00,0x00,0xB4,0xFF,
  0xFF,0xFF,0xFF,0xFF,0xFF,0xFF,0xFF,0xFF,0xFF,0xB3,0x0A,0x00,0xB4,0xFF,0xFF,0xFF,
  0xFF,0xFF,0xFF,0xFF,0xFF,0xFF,0xFF,0xFF,0x94,0x00,0xB4,0xFF,0xFF,0xFF,0x85,0x2C,
  0x2D,0x48,0xBD,0xFF,0xFF,0xFF,0xF6,0x07,0xB4,0xFF,0xFF,0xFF,0x6C,0x00,0x00,0x00,
  0x14,0xFF,0xFF,0xFF,0xFF,0x23,0xB4,0xFF,0xFF,0xFF,0x6C,0x00,0x00,0x00,0x01,0xF9,
  0xFF,0xFF,0xFF,0x18,0xB4,0xFF,0xFF,0xFF,0x6C,0x00,0x00,0x00,0x59,0xFF,0xFF,0xFF,
  0xD4,0x00,0xB4,0xFF,0xFF,0xFF,0xDB,0xC0,0xC0,0xD1,0xFF,0xFF,0xFF,0xF8,0x42,0x00,
  0xB4,0xFF,0xFF,0xFF,0xFF,0xFF,0xFF,0xFF,0xFF,0xFF,0xFC,0x61,0x00,0x00,0xB4,0xFF,
  0xFF,0xFF,0xFF,0xFF,0xFF,0xFF,0xFF,0xFF,0xFF,0xFF,0x7E,0x00,0xB4,0xFF,0xFF,0xFF,
  0x6C,0x00,0x00,0x04,0x49,0xF5,0xFF,0xFF,0xFF,0x2E,0xB4,0xFF,0xFF,0xFF,0x6C,0x00,
  0x00,0x00,0x00,0xA6,0xFF,0xFF,0xFF,0x75,0xB4,0xFF,0xFF,0xFF,0x6C,0x00,0x00,0x00,
  0x00,0xAD,0xFF,0xFF,0xFF,0x7E,0xB4,0xFF,0xFF,0xFF,0x87,0x2C,0x2C,0x33,0x7A,0xFC,
  0xFF,0xFF,0xFF,0x56,0xB4,0xFF,0xFF,0xFF,0xFF,0xFF,0xFF,0xFF,0xFF,0xFF,0xFF,0xFF,
  0xE8,0x0B,0xB4,0xFF,0xFF,0xFF,0xFF,0xFF,0xFF,0xFF,0xFF,0xFF,0xFF,0xED,0x3B,0x00,
  0xB4,0xFF,0xFF,0xFF,0xFF,0xFF,0xFF,0xFC,0xEC,0xC4,0x7C,0x14,0x00,0x00,
};
const font_glyph_t glyph_1042_24 = {1042, 24, 14, 17, 16, 1, 17, font_1042_24};

const unsigned char font_1043_24[] = {
  0xB8,0xFF,0xFF,0xFF,0xFF,0xFF,0xFF,0xFF,0xFF,0xFF,0xFF,0xCC,0xB8,0xFF,0xFF,0xFF,
  0xFF,0xFF,0xFF,0xFF,0xFF,0xFF,0xFF,0xCC,0xB8,0xFF,0xFF,0xFF,0xFF,0xFF,0xFF,0xFF,
  0xFF,0xFF,0xFF,0xCC,0xB8,0xFF,0xFF,0xFF,0x7C,0x2C,0x2C,0x2C,0x2C,0x2C,0x2C,0x23,
  0xB8,0xFF,0xFF,0xFF,0x60,0x00,0x00,0x00,0x00,0x00,0x00,0x00,0xB8,0xFF,0xFF,0xFF,
  0x60,0x00,0x00,0x00,0x00,0x00,0x00,0x00,0xB8,0xFF,0xFF,0xFF,0x60,0x00,0x00,0x00,
  0x00,0x00,0x00,0x00,0xB8,0xFF,0xFF,0xFF,0x60,0x00,0x00,0x00,0x00,0x00,0x00,0x00,
  0xB8,0xFF,0xFF,0xFF,0x60,0x00,0x00,0x00,0x00,0x00,0x00,0x00,0xB8,0xFF,0xFF,0xFF,
  0x60,0x00,0x00,0x00,0x00,0x00,0x00,0x00,0xB8,0xFF,0xFF,0xFF,0x60,0x00,0x00,0x00,
  0x00,0x00,0x00,0x00,0xB8,0xFF,0xFF,0xFF,0x60,0x00,0x00,0x00,0x00,0x00,0x00,0x00,
  0xB8,0xFF,0xFF,0xFF,0x60,0x00,0x00,0x00,0x00,0x00,0x00,0x00,0xB8,0xFF,0xFF,0xFF,
  0x60,0x00,0x00,0x00,0x00,0x00,0x00,0x00,0xB8,0xFF,0xFF,0xFF,0x60,0x00,0x00,0x00,
  0x00,0x00,0x00,0x00,0xB8,0xFF,0xFF,0xFF,0x60,0x00,0x00,0x00,0x00,0x00,0x00,0x00,
  0xB8,0xFF,0xFF,0xFF,0x60,0x00,0x00,0x00,0x00,0x00,0x00,0x00,
};
const font_glyph_t glyph_1043_24 = {1043, 24, 12, 17, 13, 1, 17, font_1043_24};

const unsigned char font_1044_24[] = {
  0x00,0x00,0x00,0x00,0xC6,0xFF,0xFF,0xFF,0xFF,0xFF,0xFF,0xFF,0xFF,0xFF,0xFF,0xE0,
  0x00,0x00,0x00,0x00,0x00,0x00,0xD9,0xFF,0xFF,0xFF,0xFF,0xFF,0xFF,0xFF,0xFF,0xFF,
  0xFF,0xE0,0x00,0x00,0x00,0x00,0x00,0x00,0xEB,0xFF,0xFF,0xFF,0xFF,0xFF,0xFF,0xFF,
  0xFF,0xFF,0xFF,0xE0,0x00,0x00,0x00,0x00,0x00,0x01,0xFD,0xFF,0xFF,0xFF,0x46,0x2C,
  0x2C,0x5B,0xFF,0xFF,0xFF,0xE0,0x00,0x00,0x00,0x00,0x00,0x12,0xFF,0xFF,0xFF,0xFF,
  0x0A,0x00,0x00,0x38,0xFF,0xFF,0xFF,0xE0,0x00,0x00,0x00,0x00,0x00,0x25,0xFF,0xFF,
  0xFF,0xF8,0x00,0x00,0x00,0x38,0xFF,0xFF,0xFF,0xE0,0x00,0x00,0x00,0x00,0x00,0x37,
  0xFF,0xFF,0xFF,0xE5,0x00,0x00,0x00,0x38,0xFF,0xFF,0xFF,0xE0,0x00,0x00,0x00,0x00,
  0x00,0x4C,0xFF,0xFF,0xFF,0xD0,0x00,0x00,0x00,0x38,0xFF,0xFF,0xFF,0xE0,0x00,0x00,
  0x00,0x00,0x00,0x65,0xFF,0xFF,0xFF,0xB4,0x00,0x00,0x00,0x38,0xFF,0xFF,0xFF,0xE0,
  0x00,0x00,0x00,0x00,0x00,0x8B,0xFF,0xFF,0xFF,0x8E,0x00,0x00,0x00,0x38,0xFF,0xFF,
  0xFF,0xE0,0x00,0x00,0x00,0x00,0x00,0xC0,0xFF,0xFF,0xFF,0x5A,0x00,0x00,0x00,0x38,
  0xFF,0xFF,0xFF,0xE0,0x00,0x00,0x00,0x00,0x10,0xF9,0xFF,0xFF,0xFE,0x17,0x00,0x00,
  0x00,0x38,0xFF,0xFF,0xFF,0xE0,0x00,0x00,0x00,0x00,0x7C,0xFF,0xFF,0xFF,0xB9,0x00,
  0x00,0x00,0x00,0x38,0xFF,0xFF,0xFF,0xE0,0x00,0x00,0x2E,0x60,0xF9,0xFF,0xFF,0xFF,
  0x69,0x2C,0x2C,0x2C,0x2C,0x5B,0xFF,0xFF,0xFF,0xE8,0x2C,0x1F,0xCD,0xFF,0xFF,0xFF,
  0xFF,0xFF,0xFF,0xFF,0xFF,0xFF,0xFF,0xFF,0xFF,0xFF,0xFF,0xFF,0xFF,0xAA,0xC4,0xFF,
  0xFF,0xFF,0xFF,0xFF,0xFF,0xFF,0xFF,0xFF,0xFF,0xFF,0xFF,0xFF,0xFF,0xFF,0xFF,0x9A,
  0xB9,0xFF,0xFF,0xFF,0xFF,0xFF,0xFF,0xFF,0xFF,0xFF,0xFF,0xFF,0xFF,0xFF,0xFF,0xFF,
  0xFF,0x8A,0xB0,0xFF,0xFF,0xFF,0x44,0x00,0x00,0x00,0x00,0x00,0x00,0x00,0x00,0x6C,
  0xFF,0xFF,0xFF,0x7A,0xA5,0xFF,0xFF,0xFF,0x44,0x00,0x00,0x00,0x00,0x00,0x00,0x00,
  0x00,0x6C,0xFF,0xFF,0xFF,0x6A,0x9C,0xFF,0xFF,0xFF,0x44,0x00,0x00,0x00,0x00,0x00,
  0x00,0x00,0x00,0x6C,0xFF,0xFF,0xFF,0x5A,0x91,0xFF,0xFF,0xFF,0x44,0x00,0x00,0x00,
  0x00,0x00,0x00,0x00,0x00,0x6C,0xFF,0xFF,0xFF,0x4C,0x00,0x00,0x00,0x00,0x00,0x00,
  0x00,0x00,0x00,0x00,0x00,0x00,0x00,0x02,0x04,0x04,0x04,0x01,
};
const font_glyph_t glyph_1044_24 = {1044, 24, 18, 22, 18, 0, 17, font_1044_24};

const unsigned char font_1045_24[] = {
  0xB4,0xFF,0xFF,0xFF,0xFF,0xFF,0xFF,0xFF,0xFF,0xFF,0xFF,0xFF,0x14,0xB4,0xFF,0xFF,
  0xFF,0xFF,0xFF,0xFF,0xFF,0xFF,0xFF,0xFF,0xFF,0x14,0xB4,0xFF,0xFF,0xFF,0xFF,0xFF,
  0xFF,0xFF,0xFF,0xFF,0xFF,0xFF,0x14,0xB4,0xFF,0xFF,0xFF,0x87,0x2C,0x2C,0x2C,0x2C,
  0x2C,0x2C,0x2C,0x03,0xB4,0xFF,0xFF,0xFF,0x6C,0x00,0x00,0x00,0x00,0x00,0x00,0x00,
  0x00,0xB4,0xFF,0xFF,0xFF,0x6C,0x00,0x00,0x00,0x00,0x00,0x00,0x00,0x00,0xB4,0xFF,
  0xFF,0xFF,0x78,0x10,0x10,0x10,0x10,0x10,0x0E,0x00,0x00,0xB4,0xFF,0xFF,0xFF,0xFF,
  0xFF,0xFF,0xFF,0xFF,0xFF,0xE0,0x00,0x00,0xB4,0xFF,0xFF,0xFF,0xFF,0xFF,0xFF,0xFF,
  0xFF,0xFF,0xE0,0x00,0x00,0xB4,0xFF,0xFF,0xFF,0xFF,0xFF,0xFF,0xFF,0xFF,0xFF,0xE0,
  0x00,0x00,0xB4,0xFF,0xFF,0xFF,0x6C,0x00,0x00,0x00,0x00,0x00,0x00,0x00,0x00,0xB4,
  0xFF,0xFF,0xFF,0x6C,0x00,0x00,0x00,0x00,0x00,0x00,0x00,0x00,0xB4,0xFF,0xFF,0xFF,
  0x6C,0x00,0x00,0x00,0x00,0x00,0x00,0x00,0x00,0xB4,0xFF,0xFF,0xFF,0x87,0x2C,0x2C,
  0x2C,0x2C,0x2C,0x2C,0x2C,0x02,0xB4,0xFF,0xFF,0xFF,0xFF,0xFF,0xFF,0xFF,0xFF,0xFF,
  0xFF,0xFF,0x0C,0xB4,0xFF,0xFF,0xFF,0xFF,0xFF,0xFF,0xFF,0xFF,0xFF,0xFF,0xFF,0x0C,
  0xB4,0xFF,0xFF,0xFF,0xFF,0xFF,0xFF,0xFF,0xFF,0xFF,0xFF,0xFF,0x0C,
};
const font_glyph_t glyph_1045_24 = {1045, 24, 13, 17, 13, 1, 17, font_1045_24};

const unsigned char font_1046_24[] = {
  0x62,0xFF,0xFF,0xFF,0xFF,0xBF,0x00,0x00,0x00,0x00,0x5C,0xFF,0xFF,0xFF,0xC0,0x00,
  0x00,0x00,0x00,0x84,0xFF,0xFF,0xFF,0xFF,0x98,0x00,0x00,0xB5,0xFF,0xFF,0xFF,0xFF,
  0x4D,0x00,0x00,0x00,0x5C,0xFF,0xFF,0xFF,0xC0,0x00,0x00,0x00,0x19,0xF4,0xFF,0xFF,
  0xFF,0xE2,0x0E,0x00,0x00,0x1B,0xF0,0xFF,0xFF,0xFF,0xD8,0x04,0x00,0x00,0x5C,0xFF,
  0xFF,0xFF,0xC0,0x00,0x00,0x00,0x96,0xFF,0xFF,0xFF,0xFF,0x48,0x00,0x00,0x00,0x00,
  0x5F,0xFF,0xFF,0xFF,0xFF,0x6A,0x00,0x00,0x5C,0xFF,0xFF,0xFF,0xC0,0x00,0x00,0x23,
  0xFB,0xFF,0xFF,0xFF,0xA1,0x00,0x00,0x00,0x00,0x00,0x00,0xB0,0xFF,0xFF,0xFF,0xEA,
  0x0E,0x00,0x5C,0xFF,0xFF,0xFF,0xC0,0x00,0x00,0xA6,0xFF,0xFF,0xFF,0xE8,0x13,0x00,
  0x00,0x00,0x00,0x00,0x00,0x18,0xED,0xFF,0xFF,0xFF,0x86,0x00,0x5C,0xFF,0xFF,0xFF,
  0xC0,0x00,0x32,0xFE,0xFF,0xFF,0xFF,0x52,0x00,0x00,0x00,0x00,0x00,0x00,0x00,0x00,
  0x5A,0xFF,0xFF,0xFF,0xF7,0xB4,0xD1,0xFF,0xFF,0xFF,0xED,0xB4,0xDC,0xFF,0xFF,0xFF,
  0xAA,0x00,0x00,0x00,0x00,0x00,0x00,0x00,0x00,0x00,0x00,0xE2,0xFF,0xFF,0xFF,0xFF,
  0xFF,0xFF,0xFF,0xFF,0xFF,0xFF,0xFF,0xFF,0xFF,0xFF,0x3F,0x00,0x00,0x00,0x00,0x00,
  0x00,0x00,0x00,0x00,0x50,0xFF,0xFF,0xFF,0xFF,0xFF,0xFF,0xFF,0xFF,0xFF,0xFF,0xFF,
  0xFF,0xFF,0xFF,0xFF,0xAB,0x00,0x00,0x00,0x00,0x00,0x00,0x00,0x00,0x03,0xD7,0xFF,
  0xFF,0xFF,0xFF,0xFF,0xFF,0xFF,0xFF,0xFF,0xFF,0xFF,0xFF,0xFF,0xFF,0xFF,0xFF,0x32,
  0x00,0x00,0x00,0x00,0x00,0x00,0x00,0x63,0xFF,0xFF,0xFF,0xFF,0x55,0x00,0x5C,0xFF,
  0xFF,0xFF,0xC0,0x00,0x0F,0xF1,0xFF,0xFF,0xFF,0xB6,0x00,0x00,0x00,0x00,0x00,0x00,
  0x09,0xE4,0xFF,0xFF,0xFF,0xDA,0x03,0x00,0x5C,0xFF,0xFF,0xFF,0xC0,0x00,0x00,0x8C,
  0xFF,0xFF,0xFF,0xFF,0x3B,0x00,0x00,0x00,0x00,0x00,0x75,0xFF,0xFF,0xFF,0xFF,0x62,
  0x00,0x00,0x5C,0xFF,0xFF,0xFF,0xC0,0x00,0x00,0x1B,0xFB,0xFF,0xFF,0xFF,0xC0,0x00,
  0x00,0x00,0x00,0x11,0xEF,0xFF,0xFF,0xFF,0xE2,0x06,0x00,0x00,0x5C,0xFF,0xFF,0xFF,
  0xC0,0x00,0x00,0x00,0xA3,0xFF,0xFF,0xFF,0xFF,0x45,0x00,0x00,0x00,0x88,0xFF,0xFF,
  0xFF,0xFF,0x6F,0x00,0x00,0x00,0x5C,0xFF,0xFF,0xFF,0xC0,0x00,0x00,0x00,0x30,0xFF,
  0xFF,0xFF,0xFF,0xC9,0x01,0x00,0x1B,0xF7,0xFF,0xFF,0xFF,0xEC,0x0B,0x00,0x00,0x00,
  0x5C,0xFF,0xFF,0xFF,0xC0,0x00,0x00,0x00,0x00,0xBB,0xFF,0xFF,0xFF,0xFF,0x4F,0x00,
  0x9C,0xFF,0xFF,0xFF,0xFF,0x7D,0x00,0x00,0x00,0x00,0x5C,0xFF,0xFF,0xFF,0xC0,0x00,
  0x00,0x00,0x00,0x46,0xFF,0xFF,0xFF,0xFF,0xD3,0x02,
};
const font_glyph_t glyph_1046_24 = {1046, 24, 26, 17, 25, 0, 17, font_1046_24};

const unsigned char font_1047_24[] = {
  0x00,0x00,0x00,0x1C,0x85,0xCE,0xF5,0xFE,0xEF,0xC9,0x83,0x1B,0x00,0x00,0x00,0x00,
  0x5B,0xF5,0xFF,0xFF,0xFF,0xFF,0xFF,0xFF,0xFF,0xF5,0x54,0x00,0x00,0x42,0xFE,0xFF,
  0xFF,0xFF,0xFF,0xFF,0xFF,0xFF,0xFF,0xFF,0xF9,0x26,0x00,0xC5,0xFF,0xFF,0xFF,0xCD,
  0x48,0x2D,0x62,0xEF,0xFF,0xFF,0xFF,0x8C,0x03,0xFC,0xFF,0xFF,0xFF,0x2A,0x00,0x00,
  0x00,0x7D,0xFF,0xFF,0xFF,0xB3,0x00,0x00,0x00,0x00,0x00,0x00,0x00,0x00,0x00,0x79,
  0xFF,0xFF,0xFF,0xA3,0x00,0x00,0x00,0x00,0x00,0x09,0x0C,0x0D,0x3C,0xE4,0xFF,0xFF,
  0xFF,0x47,0x00,0x00,0x00,0x00,0x00,0xBA,0xFF,0xFF,0xFF,0xFF,0xFF,0xFF,0x81,0x00,
  0x00,0x00,0x00,0x00,0x00,0xC0,0xFF,0xFF,0xFF,0xFF,0xFF,0xAF,0x0B,0x00,0x00,0x00,
  0x00,0x00,0x00,0xB9,0xFF,0xFF,0xFF,0xFF,0xFF,0xFF,0xD9,0x17,0x00,0x00,0x00,0x00,
  0x00,0x00,0x00,0x02,0x23,0xB9,0xFF,0xFF,0xFF,0xA3,0x00,0x00,0x00,0x00,0x00,0x00,
  0x00,0x00,0x00,0x33,0xFF,0xFF,0xFF,0xF0,0x3C,0xFF,0xFF,0xFF,0xF1,0x08,0x00,0x00,
  0x00,0x38,0xFF,0xFF,0xFF,0xFA,0x0F,0xF9,0xFF,0xFF,0xFF,0xBD,0x44,0x2E,0x59,0xDD,
  0xFF,0xFF,0xFF,0xCC,0x00,0x89,0xFF,0xFF,0xFF,0xFF,0xFF,0xFF,0xFF,0xFF,0xFF,0xFF,
  0xFF,0x54,0x00,0x04,0x96,0xFF,0xFF,0xFF,0xFF,0xFF,0xFF,0xFF,0xFF,0xF9,0x6E,0x00,
  0x00,0x00,0x00,0x31,0x94,0xD5,0xF5,0xFE,0xEF,0xC9,0x85,0x21,0x00,0x00,
};
const font_glyph_t glyph_1047_24 = {1047, 24, 14, 17, 15, 0, 17, font_1047_24};

const unsigned char font_1048_24[] = {
  0xF0,0xFF,0xFF,0xFF,0x30,0x00,0x00,0x00,0x00,0x0F,0xEA,0xFF,0xFF,0xFF,0x6C,0xF0,
  0xFF,0xFF,0xFF,0x30,0x00,0x00,0x00,0x00,0x8A,0xFF,0xFF,0xFF,0xFF,0x6C,0xF0,0xFF,
  0xFF,0xFF,0x30,0x00,0x00,0x00,0x24,0xFA,0xFF,0xFF,0xFF,0xFF,0x6C,0xF0,0xFF,0xFF,
  0xFF,0x30,0x00,0x00,0x00,0xAF,0xFF,0xFF,0xFF,0xFF,0xFF,0x6C,0xF0,0xFF,0xFF,0xFF,
  0x30,0x00,0x00,0x42,0xFF,0xFF,0xFF,0xFF,0xFF,0xFF,0x6C,0xF0,0xFF,0xFF,0xFF,0x30,
  0x00,0x03,0xD0,0xFF,0xFF,0xFF,0xFF,0xFF,0xFF,0x6C,0xF0,0xFF,0xFF,0xFF,0x30,0x00,
  0x66,0xFF,0xFF,0xFE,0xDB,0xFF,0xFF,0xFF,0x6C,0xF0,0xFF,0xFF,0xFF,0x30,0x0F,0xE9,
  0xFF,0xFF,0x9E,0xB0,0xFF,0xFF,0xFF,0x6C,0xF0,0xFF,0xFF,0xFF,0x30,0x8A,0xFF,0xFF,
  0xF3,0x17,0xB0,0xFF,0xFF,0xFF,0x6C,0xF0,0xFF,0xFF,0xFF,0x53,0xF9,0xFF,0xFF,0x79,
  0x00,0xB0,0xFF,0xFF,0xFF,0x6C,0xF0,0xFF,0xFF,0xFF,0xD8,0xFF,0xFF,0xDF,0x07,0x00,
  0xB0,0xFF,0xFF,0xFF,0x6C,0xF0,0xFF,0xFF,0xFF,0xFF,0xFF,0xFF,0x54,0x00,0x00,0xB0,
  0xFF,0xFF,0xFF,0x6C,0xF0,0xFF,0xFF,0xFF,0xFF,0xFF,0xC2,0x00,0x00,0x00,0xB0,0xFF,
  0xFF,0xFF,0x6C,0xF0,0xFF,0xFF,0xFF,0xFF,0xFE,0x31,0x00,0x00,0x00,0xB0,0xFF,0xFF,
  0xFF,0x6C,0xF0,0xFF,0xFF,0xFF,0xFF,0x9E,0x00,0x00,0x00,0x00,0xB0,0xFF,0xFF,0xFF,
  0x6C,0xF0,0xFF,0xFF,0xFF,0xF3,0x17,0x00,0x00,0x00,0x00,0xB0,0xFF,0xFF,0xFF,0x6C,
  0xF0,0xFF,0xFF,0xFF,0x79,0x00,0x00,0x00,0x00,0x00,0xB0,0xFF,0xFF,0xFF,0x6C,
};
const font_glyph_t glyph_1048_24 = {1048, 24, 15, 17, 17, 1, 17, font_1048_24};

const unsigned char font_1049_24[] = {
  0x00,0x00,0x08,0xFF,0xFF,0xB1,0x00,0x00,0x2A,0xFF,0xFF,0x92,0x00,0x00,0x00,0x00,
  0x00,0x00,0xCA,0xFF,0xF9,0x51,0x26,0xA9,0xFF,0xFF,0x55,0x00,0x00,0x00,0x00,0x00,
  0x00,0x3E,0xF9,0xFF,0xFF,0xFF,0xFF,0xFF,0xC0,0x03,0x00,0x00,0x00,0x00,0x00,0x00,
  0x00,0x36,0xB5,0xF2,0xFD,0xDC,0x82,0x09,0x00,0x00,0x00,0x00,0x00,0x00,0x00,0x00,
  0x00,0x00,0x00,0x00,0x00,0x00,0x00,0x00,0x00,0x00,0x00,0xF0,0xFF,0xFF,0xFF,0x30,
  0x00,0x00,0x00,0x00,0x0F,0xEA,0xFF,0xFF,0xFF,0x6C,0xF0,0xFF,0xFF,0xFF,0x30,0x00,
  0x00,0x00,0x00,0x8A,0xFF,0xFF,0xFF,0xFF,0x6C,0xF0,0xFF,0xFF,0xFF,0x30,0x00,0x00,
  0x00,0x24,0xFA,0xFF,0xFF,0xFF,0xFF,0x6C,0xF0,0xFF,0xFF,0xFF,0x30,0x00,0x00,0x00,
  0xAF,0xFF,0xFF,0xFF,0xFF,0xFF,0x6C,0xF0,0xFF,0xFF,0xFF,0x30,0x00,0x00,0x42,0xFF,
  0xFF,0xFF,0xFF,0xFF,0xFF,0x6C,0xF0,0xFF,0xFF,0xFF,0x30,0x00,0x03,0xD0,0xFF,0xFF,
  0xFF,0xFF,0xFF,0xFF,0x6C,0xF0,0xFF,0xFF,0xFF,0x30,0x00,0x66,0xFF,0xFF,0xFE,0xDB,
  0xFF,0xFF,0xFF,0x6C,0xF0,0xFF,0xFF,0xFF,0x30,0x0F,0xE9,0xFF,0xFF,0x9E,0xB0,0xFF,
  0xFF,0xFF,0x6C,0xF0,0xFF,0xFF,0xFF,0x30,0x8A,0xFF,0xFF,0xF3,0x17,0xB0,0xFF,0xFF,
  0xFF,0x6C,0xF0,0xFF,0xFF,0xFF,0x53,0xF9,0xFF,0xFF,0x79,0x00,0xB0,0xFF,0xFF,0xFF,
  0x6C,0xF0,0xFF,0xFF,0xFF,0xD8,0xFF,0xFF,0xDF,0x07,0x00,0xB0,0xFF,0xFF,0xFF,0x6C,
  0xF0,0xFF,0xFF,0xFF,0xFF,0xFF,0xFF,0x54,0x00,0x00,0xB0,0xFF,0xFF,0xFF,0x6C,0xF0,
  0xFF,0xFF,0xFF,0xFF,0xFF,0xC2,0x00,0x00,0x00,0xB0,0xFF,0xFF,0xFF,0x6C,0xF0,0xFF,
  0xFF,0xFF,0xFF,0xFE,0x31,0x00,0x00,0x00,0xB0,0xFF,0xFF,0xFF,0x6C,0xF0,0xFF,0xFF,
  0xFF,0xFF,0x9E,0x00,0x00,0x00,0x00,0xB0,0xFF,0xFF,0xFF,0x6C,0xF0,0xFF,0xFF,0xFF,
  0xF3,0x17,0x00,0x00,0x00,0x00,0xB0,0xFF,0xFF,0xFF,0x6C,0xF0,0xFF,0xFF,0xFF,0x79,
  0x00,0x00,0x00,0x00,0x00,0xB0,0xFF,0xFF,0xFF,0x6C,
};
const font_glyph_t glyph_1049_24 = {1049, 24, 15, 22, 17, 1, 22, font_1049_24};

const unsigned char font_1050_24[] = {
  0xB8,0xFF,0xFF,0xFF,0x60,0x00,0x00,0x00,0x12,0xF1,0xFF,0xFF,0xFF,0xDF,0x0A,0xB8,
  0xFF,0xFF,0xFF,0x60,0x00,0x00,0x00,0x88,0xFF,0xFF,0xFF,0xFF,0x4E,0x00,0xB8,0xFF,
  0xFF,0xFF,0x60,0x00,0x00,0x19,0xF6,0xFF,0xFF,0xFF,0xB0,0x00,0x00,0xB8,0xFF,0xFF,
  0xFF,0x60,0x00,0x00,0x95,0xFF,0xFF,0xFF,0xF5,0x1F,0x00,0x00,0xB8,0xFF,0xFF,0xFF,
  0x60,0x00,0x21,0xFA,0xFF,0xFF,0xFF,0x77,0x00,0x00,0x00,0xB8,0xFF,0xFF,0xFF,0x60,
  0x00,0x9F,0xFF,0xFF,0xFF,0xD4,0x05,0x00,0x00,0x00,0xB8,0xFF,0xFF,0xFF,0xD4,0xB8,
  0xFD,0xFF,0xFF,0xFF,0x3C,0x00,0x00,0x00,0x00,0xB8,0xFF,0xFF,0xFF,0xFF,0xFF,0xFF,
  0xFF,0xFF,0xB8,0x00,0x00,0x00,0x00,0x00,0xB8,0xFF,0xFF,0xFF,0xFF,0xFF,0xFF,0xFF,
  0xFF,0xF4,0x1A,0x00,0x00,0x00,0x00,0xB8,0xFF,0xFF,0xFF,0xFF,0xFF,0xFF,0xFF,0xFF,
  0xFF,0x9E,0x00,0x00,0x00,0x00,0xB8,0xFF,0xFF,0xFF,0x60,0x00,0x67,0xFF,0xFF,0xFF,
  0xFD,0x30,0x00,0x00,0x00,0xB8,0xFF,0xFF,0xFF,0x60,0x00,0x05,0xDE,0xFF,0xFF,0xFF,
  0xBC,0x00,0x00,0x00,0xB8,0xFF,0xFF,0xFF,0x60,0x00,0x00,0x5F,0xFF,0xFF,0xFF,0xFF,
  0x4A,0x00,0x00,0xB8,0xFF,0xFF,0xFF,0x60,0x00,0x00,0x03,0xD8,0xFF,0xFF,0xFF,0xD6,
  0x04,0x00,0xB8,0xFF,0xFF,0xFF,0x60,0x00,0x00,0x00,0x57,0xFF,0xFF,0xFF,0xFF,0x6A,
  0x00,0xB8,0xFF,0xFF,0xFF,0x60,0x00,0x00,0x00,0x02,0xD0,0xFF,0xFF,0xFF,0xEB,0x0F,
  0xB8,0xFF,0xFF,0xFF,0x60,0x00,0x00,0x00,0x00,0x4F,0xFF,0xFF,0xFF,0xFF,0x89,
};
const font_glyph_t glyph_1050_24 = {1050, 24, 15, 17, 16, 1, 17, font_1050_24};

const unsigned char font_1051_24[] = {
  0x00,0x00,0x00,0x3C,0xFF,0xFF,0xFF,0xFF,0xFF,0xFF,0xFF,0xFF,0xFF,0xFF,0xFF,0xA8,
  0x00,0x00,0x00,0x46,0xFF,0xFF,0xFF,0xFF,0xFF,0xFF,0xFF,0xFF,0xFF,0xFF,0xFF,0xA8,
  0x00,0x00,0x00,0x4E,0xFF,0xFF,0xFF,0xFF,0xFF,0xFF,0xFF,0xFF,0xFF,0xFF,0xFF,0xA8,
  0x00,0x00,0x00,0x58,0xFF,0xFF,0xFF,0xBF,0x2C,0x2C,0x2C,0x8D,0xFF,0xFF,0xFF,0xA8,
  0x00,0x00,0x00,0x60,0xFF,0xFF,0xFF,0xA6,0x00,0x00,0x00,0x74,0xFF,0xFF,0xFF,0xA8,
  0x00,0x00,0x00,0x68,0xFF,0xFF,0xFF,0x99,0x00,0x00,0x00,0x74,0xFF,0xFF,0xFF,0xA8,
  0x00,0x00,0x00,0x72,0xFF,0xFF,0xFF,0x8C,0x00,0x00,0x00,0x74,0xFF,0xFF,0xFF,0xA8,
  0x00,0x00,0x00,0x7B,0xFF,0xFF,0xFF,0x7E,0x00,0x00,0x00,0x74,0xFF,0xFF,0xFF,0xA8,
  0x00,0x00,0x00,0x8A,0xFF,0xFF,0xFF,0x72,0x00,0x00,0x00,0x74,0xFF,0xFF,0xFF,0xA8,
  0x00,0x00,0x00,0x9E,0xFF,0xFF,0xFF,0x60,0x00,0x00,0x00,0x74,0xFF,0xFF,0xFF,0xA8,
  0x00,0x00,0x00,0xC0,0xFF,0xFF,0xFF,0x46,0x00,0x00,0x00,0x74,0xFF,0xFF,0xFF,0xA8,
  0x00,0x00,0x04,0xF1,0xFF,0xFF,0xFF,0x21,0x00,0x00,0x00,0x74,0xFF,0xFF,0xFF,0xA8,
  0x00,0x00,0x53,0xFF,0xFF,0xFF,0xEA,0x01,0x00,0x00,0x00,0x74,0xFF,0xFF,0xFF,0xA8,
  0x1D,0x65,0xEE,0xFF,0xFF,0xFF,0x9D,0x00,0x00,0x00,0x00,0x74,0xFF,0xFF,0xFF,0xA8,
  0x90,0xFF,0xFF,0xFF,0xFF,0xFD,0x2F,0x00,0x00,0x00,0x00,0x74,0xFF,0xFF,0xFF,0xA8,
  0x90,0xFF,0xFF,0xFF,0xFF,0x7B,0x00,0x00,0x00,0x00,0x00,0x74,0xFF,0xFF,0xFF,0xA8,
  0x90,0xFD,0xEE,0xBC,0x51,0x00,0x00,0x00,0x00,0x00,0x00,0x74,0xFF,0xFF,0xFF,0xA8,
  
};
const font_glyph_t glyph_1051_24 = {1051, 24, 16, 17, 17, 0, 17, font_1051_24};

const unsigned char font_1052_24[] = {
  0xB4,0xFF,0xFF,0xFF,0xFF,0xD9,0x00,0x00,0x00,0x00,0x00,0x00,0x00,0xD9,0xFF,0xFF,
  0xFF,0xFF,0xB8,0xB4,0xFF,0xFF,0xFF,0xFF,0xFF,0x2C,0x00,0x00,0x00,0x00,0x00,0x2C,
  0xFF,0xFF,0xFF,0xFF,0xFF,0xB8,0xB4,0xFF,0xFF,0xFF,0xFF,0xFF,0x7E,0x00,0x00,0x00,
  0x00,0x00,0x7E,0xFF,0xFF,0xFF,0xFF,0xFF,0xB8,0xB4,0xFF,0xFF,0xFF,0xFF,0xFF,0xD1,
  0x00,0x00,0x00,0x00,0x00,0xD2,0xFF,0xFF,0xFF,0xFF,0xFF,0xB8,0xB4,0xFF,0xFF,0xFF,
  0xFF,0xFF,0xFF,0x23,0x00,0x00,0x00,0x23,0xFF,0xFF,0xFF,0xFF,0xFF,0xFF,0xB8,0xB4,
  0xFF,0xFF,0xFF,0xD3,0xFF,0xFF,0x76,0x00,0x00,0x00,0x76,0xFF,0xFF,0xD2,0xFF,0xFF,
  0xFF,0xB8,0xB4,0xFF,0xFF,0xFF,0x88,0xFF,0xFF,0xC8,0x00,0x00,0x00,0xC8,0xFF,0xFF,
  0x86,0xFF,0xFF,0xFF,0xB8,0xB4,0xFF,0xFF,0xFF,0x40,0xFE,0xFF,0xFF,0x1B,0x00,0x1B,
  0xFF,0xFF,0xFE,0x3D,0xFF,0xFF,0xFF,0xB8,0xB4,0xFF,0xFF,0xFF,0x32,0xC2,0xFF,0xFF,
  0x6E,0x00,0x6E,0xFF,0xFF,0xC2,0x2F,0xFF,0xFF,0xFF,0xB8,0xB4,0xFF,0xFF,0xFF,0x3E,
  0x6B,0xFF,0xFF,0xC0,0x00,0xC0,0xFF,0xFF,0x6A,0x3C,0xFF,0xFF,0xFF,0xB8,0xB4,0xFF,
  0xFF,0xFF,0x4B,0x17,0xFD,0xFF,0xFD,0x2A,0xFD,0xFF,0xFD,0x17,0x48,0xFF,0xFF,0xFF,
  0xB8,0xB4,0xFF,0xFF,0xFF,0x58,0x00,0xBC,0xFF,0xFF,0xCA,0xFF,0xFF,0xBC,0x00,0x55,
  0xFF,0xFF,0xFF,0xB8,0xB4,0xFF,0xFF,0xFF,0x65,0x00,0x66,0xFF,0xFF,0xFF,0xFF,0xFF,
  0x65,0x00,0x62,0xFF,0xFF,0xFF,0xB8,0xB4,0xFF,0xFF,0xFF,0x6C,0x00,0x13,0xFB,0xFF,
  0xFF,0xFF,0xFB,0x13,0x00,0x68,0xFF,0xFF,0xFF,0xB8,0xB4,0xFF,0xFF,0xFF,0x6C,0x00,
  0x00,0xB6,0xFF,0xFF,0xFF,0xB6,0x00,0x00,0x68,0xFF,0xFF,0xFF,0xB8,0xB4,0xFF,0xFF,
  0xFF,0x6C,0x00,0x00,0x5F,0xFF,0xFF,0xFF,0x5E,0x00,0x00,0x68,0xFF,0xFF,0xFF,0xB8,
  0xB4,0xFF,0xFF,0xFF,0x6C,0x00,0x00,0x0F,0xF9,0xFF,0xF9,0x0F,0x00,0x00,0x68,0xFF,
  0xFF,0xFF,0xB8,
};
const font_glyph_t glyph_1052_24 = {1052, 24, 19, 17, 21, 1, 17, font_1052_24};

const unsigned char font_1053_24[] = {
  0xB4,0xFF,0xFF,0xFF,0x6C,0x00,0x00,0x00,0x00,0x00,0x88,0xFF,0xFF,0xFF,0x90,0xB4,
  0xFF,0xFF,0xFF,0x6C,0x00,0x00,0x00,0x00,0x00,0x88,0xFF,0xFF,0xFF,0x90,0xB4,0xFF,
  0xFF,0xFF,0x6C,0x00,0x00,0x00,0x00,0x00,0x88,0xFF,0xFF,0xFF,0x90,0xB4,0xFF,0xFF,
  0xFF,0x6C,0x00,0x00,0x00,0x00,0x00,0x88,0xFF,0xFF,0xFF,0x90,0xB4,0xFF,0xFF,0xFF,
  0x6C,0x00,0x00,0x00,0x00,0x00,0x88,0xFF,0xFF,0xFF,0x90,0xB4,0xFF,0xFF,0xFF,0x6C,
  0x00,0x00,0x00,0x00,0x00,0x88,0xFF,0xFF,0xFF,0x90,0xB4,0xFF,0xFF,0xFF,0x87,0x2C,
  0x2C,0x2C,0x2C,0x2C,0x9E,0xFF,0xFF,0xFF,0x90,0xB4,0xFF,0xFF,0xFF,0xFF,0xFF,0xFF,
  0xFF,0xFF,0xFF,0xFF,0xFF,0xFF,0xFF,0x90,0xB4,0xFF,0xFF,0xFF,0xFF,0xFF,0xFF,0xFF,
  0xFF,0xFF,0xFF,0xFF,0xFF,0xFF,0x90,0xB4,0xFF,0xFF,0xFF,0xFF,0xFF,0xFF,0xFF,0xFF,
  0xFF,0xFF,0xFF,0xFF,0xFF,0x90,0xB4,0xFF,0xFF,0xFF,0x6C,0x00,0x00,0x00,0x00,0x00,
  0x88,0xFF,0xFF,0xFF,0x90,0xB4,0xFF,0xFF,0xFF,0x6C,0x00,0x00,0x00,0x00,0x00,0x88,
  0xFF,0xFF,0xFF,0x90,0xB4,0xFF,0xFF,0xFF,0x6C,0x00,0x00,0x00,0x00,0x00,0x88,0xFF,
  0xFF,0xFF,0x90,0xB4,0xFF,0xFF,0xFF,0x6C,0x00,0x00,0x00,0x00,0x00,0x88,0xFF,0xFF,
  0xFF,0x90,0xB4,0xFF,0xFF,0xFF,0x6C,0x00,0x00,0x00,0x00,0x00,0x88,0xFF,0xFF,0xFF,
  0x90,0xB4,0xFF,0xFF,0xFF,0x6C,0x00,0x00,0x00,0x00,0x00,0x88,0xFF,0xFF,0xFF,0x90,
  0xB4,0xFF,0xFF,0xFF,0x6C,0x00,0x00,0x00,0x00,0x00,0x88,0xFF,0xFF,0xFF,0x90,
};
const font_glyph_t glyph_1053_24 = {1053, 24, 15, 17, 17, 1, 17, font_1053_24};

const unsigned char font_1054_24[] = {
  0x00,0x00,0x00,0x00,0x1A,0x84,0xCF,0xF5,0xFD,0xE7,0xB2,0x54,0x02,0x00,0x00,0x00,
  0x00,0x00,0x00,0x5D,0xF3,0xFF,0xFF,0xFF,0xFF,0xFF,0xFF,0xFF,0xC2,0x18,0x00,0x00,
  0x00,0x00,0x5C,0xFF,0xFF,0xFF,0xFF,0xFF,0xFF,0xFF,0xFF,0xFF,0xFF,0xD8,0x0F,0x00,
  0x00,0x19,0xF3,0xFF,0xFF,0xFF,0xC4,0x52,0x3E,0x7B,0xF6,0xFF,0xFF,0xFF,0x97,0x00,
  0x00,0x86,0xFF,0xFF,0xFF,0xD1,0x07,0x00,0x00,0x00,0x4D,0xFF,0xFF,0xFF,0xFB,0x18,
  0x00,0xD9,0xFF,0xFF,0xFF,0x5E,0x00,0x00,0x00,0x00,0x00,0xCF,0xFF,0xFF,0xFF,0x66,
  0x0C,0xFF,0xFF,0xFF,0xFF,0x20,0x00,0x00,0x00,0x00,0x00,0x91,0xFF,0xFF,0xFF,0x9B,
  0x25,0xFF,0xFF,0xFF,0xFF,0x06,0x00,0x00,0x00,0x00,0x00,0x76,0xFF,0xFF,0xFF,0xB5,
  0x2C,0xFF,0xFF,0xFF,0xFF,0x00,0x00,0x00,0x00,0x00,0x00,0x70,0xFF,0xFF,0xFF,0xBC,
  0x25,0xFF,0xFF,0xFF,0xFF,0x06,0x00,0x00,0x00,0x00,0x00,0x77,0xFF,0xFF,0xFF,0xB5,
  0x0C,0xFF,0xFF,0xFF,0xFF,0x23,0x00,0x00,0x00,0x00,0x00,0x93,0xFF,0xFF,0xFF,0x9B,
  0x00,0xD9,0xFF,0xFF,0xFF,0x61,0x00,0x00,0x00,0x00,0x00,0xD2,0xFF,0xFF,0xFF,0x69,
  0x00,0x86,0xFF,0xFF,0xFF,0xD4,0x08,0x00,0x00,0x00,0x4E,0xFF,0xFF,0xFF,0xFC,0x1A,
  0x00,0x19,0xF2,0xFF,0xFF,0xFF,0xC7,0x53,0x3D,0x79,0xF6,0xFF,0xFF,0xFF,0x9B,0x00,
  0x00,0x00,0x5A,0xFF,0xFF,0xFF,0xFF,0xFF,0xFF,0xFF,0xFF,0xFF,0xFF,0xD9,0x10,0x00,
  0x00,0x00,0x00,0x58,0xF3,0xFF,0xFF,0xFF,0xFF,0xFF,0xFF,0xFF,0xC5,0x19,0x00,0x00,
  0x00,0x00,0x00,0x00,0x19,0x82,0xCE,0xF5,0xFD,0xE8,0xB3,0x56,0x02,0x00,0x00,0x00,
  
};
const font_glyph_t glyph_1054_24 = {1054, 24, 16, 17, 17, 0, 17, font_1054_24};

const unsigned char font_1055_24[] = {
  0xB8,0xFF,0xFF,0xFF,0xFF,0xFF,0xFF,0xFF,0xFF,0xFF,0xFF,0xFF,0xFF,0xFF,0xA0,0xB8,
  0xFF,0xFF,0xFF,0xFF,0xFF,0xFF,0xFF,0xFF,0xFF,0xFF,0xFF,0xFF,0xFF,0xA0,0xB8,0xFF,
  0xFF,0xFF,0xFF,0xFF,0xFF,0xFF,0xFF,0xFF,0xFF,0xFF,0xFF,0xFF,0xA0,0xB8,0xFF,0xFF,
  0xFF,0x7C,0x2C,0x2C,0x2C,0x2C,0x2C,0x93,0xFF,0xFF,0xFF,0xA0,0xB8,0xFF,0xFF,0xFF,
  0x60,0x00,0x00,0x00,0x00,0x00,0x7C,0xFF,0xFF,0xFF,0xA0,0xB8,0xFF,0xFF,0xFF,0x60,
  0x00,0x00,0x00,0x00,0x00,0x7C,0xFF,0xFF,0xFF,0xA0,0xB8,0xFF,0xFF,0xFF,0x60,0x00,
  0x00,0x00,0x00,0x00,0x7C,0xFF,0xFF,0xFF,0xA0,0xB8,0xFF,0xFF,0xFF,0x60,0x00,0x00,
  0x00,0x00,0x00,0x7C,0xFF,0xFF,0xFF,0xA0,0xB8,0xFF,0xFF,0xFF,0x60,0x00,0x00,0x00,
  0x00,0x00,0x7C,0xFF,0xFF,0xFF,0xA0,0xB8,0xFF,0xFF,0xFF,0x60,0x00,0x00,0x00,0x00,
  0x00,0x7C,0xFF,0xFF,0xFF,0xA0,0xB8,0xFF,0xFF,0xFF,0x60,0x00,0x00,0x00,0x00,0x00,
  0x7C,0xFF,0xFF,0xFF,0xA0,0xB8,0xFF,0xFF,0xFF,0x60,0x00,0x00,0x00,0x00,0x00,0x7C,
  0xFF,0xFF,0xFF,0xA0,0xB8,0xFF,0xFF,0xFF,0x60,0x00,0x00,0x00,0x00,0x00,0x7C,0xFF,
  0xFF,0xFF,0xA0,0xB8,0xFF,0xFF,0xFF,0x60,0x00,0x00,0x00,0x00,0x00,0x7C,0xFF,0xFF,
  0xFF,0xA0,0xB8,0xFF,0xFF,0xFF,0x60,0x00,0x00,0x00,0x00,0x00,0x7C,0xFF,0xFF,0xFF,
  0xA0,0xB8,0xFF,0xFF,0xFF,0x60,0x00,0x00,0x00,0x00,0x00,0x7C,0xFF,0xFF,0xFF,0xA0,
  0xB8,0xFF,0xFF,0xFF,0x60,0x00,0x00,0x00,0x00,0x00,0x7C,0xFF,0xFF,0xFF,0xA0,
};
const font_glyph_t glyph_1055_24 = {1055, 24, 15, 17, 17, 1, 17, font_1055_24};

const unsigned char font_1056_24[] = {
  0xB4,0xFF,0xFF,0xFF,0xFF,0xFF,0xFF,0xFB,0xE5,0xAF,0x4F,0x01,0x00,0x00,0xB4,0xFF,
  0xFF,0xFF,0xFF,0xFF,0xFF,0xFF,0xFF,0xFF,0xFF,0xB9,0x0F,0x00,0xB4,0xFF,0xFF,0xFF,
  0xFF,0xFF,0xFF,0xFF,0xFF,0xFF,0xFF,0xFF,0xBD,0x01,0xB4,0xFF,0xFF,0xFF,0x85,0x2C,
  0x2C,0x36,0x8C,0xFF,0xFF,0xFF,0xFF,0x4A,0xB4,0xFF,0xFF,0xFF,0x6C,0x00,0x00,0x00,
  0x00,0xB0,0xFF,0xFF,0xFF,0x99,0xB4,0xFF,0xFF,0xFF,0x6C,0x00,0x00,0x00,0x00,0x76,
  0xFF,0xFF,0xFF,0xB4,0xB4,0xFF,0xFF,0xFF,0x6C,0x00,0x00,0x00,0x00,0x9A,0xFF,0xFF,
  0xFF,0xA4,0xB4,0xFF,0xFF,0xFF,0x87,0x2C,0x2C,0x33,0x77,0xFB,0xFF,0xFF,0xFF,0x64,
  0xB4,0xFF,0xFF,0xFF,0xFF,0xFF,0xFF,0xFF,0xFF,0xFF,0xFF,0xFF,0xD7,0x07,0xB4,0xFF,
  0xFF,0xFF,0xFF,0xFF,0xFF,0xFF,0xFF,0xFF,0xFF,0xD2,0x1F,0x00,0xB4,0xFF,0xFF,0xFF,
  0xFF,0xFF,0xFF,0xFC,0xE8,0xB6,0x5F,0x05,0x00,0x00,0xB4,0xFF,0xFF,0xFF,0x6C,0x00,
  0x00,0x00,0x00,0x00,0x00,0x00,0x00,0x00,0xB4,0xFF,0xFF,0xFF,0x6C,0x00,0x00,0x00,
  0x00,0x00,0x00,0x00,0x00,0x00,0xB4,0xFF,0xFF,0xFF,0x6C,0x00,0x00,0x00,0x00,0x00,
  0x00,0x00,0x00,0x00,0xB4,0xFF,0xFF,0xFF,0x6C,0x00,0x00,0x00,0x00,0x00,0x00,0x00,
  0x00,0x00,0xB4,0xFF,0xFF,0xFF,0x6C,0x00,0x00,0x00,0x00,0x00,0x00,0x00,0x00,0x00,
  0xB4,0xFF,0xFF,0xFF,0x6C,0x00,0x00,0x00,0x00,0x00,0x00,0x00,0x00,0x00,
};
const font_glyph_t glyph_1056_24 = {1056, 24, 14, 17, 16, 1, 17, font_1056_24};

const unsigned char font_1057_24[] = {
  0x00,0x00,0x00,0x00,0x2E,0x99,0xDC,0xFA,0xFA,0xE3,0xAE,0x53,0x01,0x00,0x00,0x00,
  0x00,0x00,0x00,0x7F,0xFD,0xFF,0xFF,0xFF,0xFF,0xFF,0xFF,0xFF,0xC0,0x15,0x00,0x00,
  0x00,0x00,0x78,0xFF,0xFF,0xFF,0xFF,0xFF,0xFF,0xFF,0xFF,0xFF,0xFF,0xCC,0x07,0x00,
  0x00,0x26,0xFB,0xFF,0xFF,0xFF,0x9C,0x43,0x3F,0x74,0xF0,0xFF,0xFF,0xFF,0x73,0x00,
  0x00,0x94,0xFF,0xFF,0xFF,0xA7,0x00,0x00,0x00,0x00,0x50,0xFF,0xFF,0xFF,0xD6,0x00,
  0x00,0xE2,0xFF,0xFF,0xFF,0x42,0x00,0x00,0x00,0x00,0x07,0xFF,0xFF,0xFF,0xFF,0x0F,
  0x10,0xFF,0xFF,0xFF,0xFF,0x15,0x00,0x00,0x00,0x00,0x00,0x00,0x00,0x00,0x00,0x00,
  0x28,0xFF,0xFF,0xFF,0xFF,0x03,0x00,0x00,0x00,0x00,0x00,0x00,0x00,0x00,0x00,0x00,
  0x2C,0xFF,0xFF,0xFF,0xFF,0x00,0x00,0x00,0x00,0x00,0x00,0x00,0x00,0x00,0x00,0x00,
  0x28,0xFF,0xFF,0xFF,0xFF,0x03,0x00,0x00,0x00,0x00,0x00,0x00,0x00,0x00,0x00,0x00,
  0x13,0xFF,0xFF,0xFF,0xFF,0x15,0x00,0x00,0x00,0x00,0x00,0x00,0x00,0x00,0x00,0x00,
  0x00,0xE7,0xFF,0xFF,0xFF,0x3E,0x00,0x00,0x00,0x00,0x0E,0xFF,0xFF,0xFF,0xFF,0x0E,
  0x00,0x9C,0xFF,0xFF,0xFF,0x9F,0x00,0x00,0x00,0x00,0x5C,0xFF,0xFF,0xFF,0xDD,0x00,
  0x00,0x31,0xFE,0xFF,0xFF,0xFF,0x97,0x43,0x40,0x7D,0xF5,0xFF,0xFF,0xFF,0x7D,0x00,
  0x00,0x00,0x89,0xFF,0xFF,0xFF,0xFF,0xFF,0xFF,0xFF,0xFF,0xFF,0xFF,0xD1,0x0A,0x00,
  0x00,0x00,0x02,0x8E,0xFF,0xFF,0xFF,0xFF,0xFF,0xFF,0xFF,0xFF,0xC3,0x17,0x00,0x00,
  0x00,0x00,0x00,0x00,0x35,0x9D,0xDD,0xFA,0xFB,0xE3,0xAE,0x52,0x01,0x00,0x00,0x00,
  
};
const font_glyph_t glyph_1057_24 = {1057, 24, 16, 17, 16, 0, 17, font_1057_24};

const unsigned char font_1058_24[] = {
  0x90,0xFF,0xFF,0xFF,0xFF,0xFF,0xFF,0xFF,0xFF,0xFF,0xFF,0xFF,0xFF,0xFF,0xB4,0x90,
  0xFF,0xFF,0xFF,0xFF,0xFF,0xFF,0xFF,0xFF,0xFF,0xFF,0xFF,0xFF,0xFF,0xB4,0x90,0xFF,
  0xFF,0xFF,0xFF,0xFF,0xFF,0xFF,0xFF,0xFF,0xFF,0xFF,0xFF,0xFF,0xB4,0x19,0x2C,0x2C,
  0x2C,0x2C,0xA2,0xFF,0xFF,0xFF,0xA6,0x2C,0x2C,0x2C,0x2C,0x1F,0x00,0x00,0x00,0x00,
  0x00,0x8C,0xFF,0xFF,0xFF,0x90,0x00,0x00,0x00,0x00,0x00,0x00,0x00,0x00,0x00,0x00,
  0x8C,0xFF,0xFF,0xFF,0x90,0x00,0x00,0x00,0x00,0x00,0x00,0x00,0x00,0x00,0x00,0x8C,
  0xFF,0xFF,0xFF,0x90,0x00,0x00,0x00,0x00,0x00,0x00,0x00,0x00,0x00,0x00,0x8C,0xFF,
  0xFF,0xFF,0x90,0x00,0x00,0x00,0x00,0x00,0x00,0x00,0x00,0x00,0x00,0x8C,0xFF,0xFF,
  0xFF,0x90,0x00,0x00,0x00,0x00,0x00,0x00,0x00,0x00,0x00,0x00,0x8C,0xFF,0xFF,0xFF,
  0x90,0x00,0x00,0x00,0x00,0x00,0x00,0x00,0x00,0x00,0x00,0x8C,0xFF,0xFF,0xFF,0x90,
  0x00,0x00,0x00,0x00,0x00,0x00,0x00,0x00,0x00,0x00,0x8C,0xFF,0xFF,0xFF,0x90,0x00,
  0x00,0x00,0x00,0x00,0x00,0x00,0x00,0x00,0x00,0x8C,0xFF,0xFF,0xFF,0x90,0x00,0x00,
  0x00,0x00,0x00,0x00,0x00,0x00,0x00,0x00,0x8C,0xFF,0xFF,0xFF,0x90,0x00,0x00,0x00,
  0x00,0x00,0x00,0x00,0x00,0x00,0x00,0x8C,0xFF,0xFF,0xFF,0x90,0x00,0x00,0x00,0x00,
  0x00,0x00,0x00,0x00,0x00,0x00,0x8C,0xFF,0xFF,0xFF,0x90,0x00,0x00,0x00,0x00,0x00,
  0x00,0x00,0x00,0x00,0x00,0x8C,0xFF,0xFF,0xFF,0x90,0x00,0x00,0x00,0x00,0x00,
};
const font_glyph_t glyph_1058_24 = {1058, 24, 15, 17, 15, 0, 17, font_1058_24};

const unsigned char font_1059_24[] = {
  0xB1,0xFF,0xFF,0xFF,0xA8,0x00,0x00,0x00,0x00,0x00,0x75,0xFF,0xFF,0xFF,0xDC,0x02,
  0x2D,0xFE,0xFF,0xFF,0xFD,0x26,0x00,0x00,0x00,0x00,0xD8,0xFF,0xFF,0xFF,0x6F,0x00,
  0x00,0xA5,0xFF,0xFF,0xFF,0x9E,0x00,0x00,0x00,0x3C,0xFF,0xFF,0xFF,0xF1,0x0D,0x00,
  0x00,0x23,0xFB,0xFF,0xFF,0xFB,0x1F,0x00,0x00,0x9E,0xFF,0xFF,0xFF,0x90,0x00,0x00,
  0x00,0x00,0x98,0xFF,0xFF,0xFF,0x93,0x00,0x0D,0xF4,0xFF,0xFF,0xFE,0x24,0x00,0x00,
  0x00,0x00,0x1B,0xF7,0xFF,0xFF,0xF7,0x16,0x64,0xFF,0xFF,0xFF,0xB2,0x00,0x00,0x00,
  0x00,0x00,0x00,0x8C,0xFF,0xFF,0xFF,0x88,0xC6,0xFF,0xFF,0xFF,0x45,0x00,0x00,0x00,
  0x00,0x00,0x00,0x14,0xF2,0xFF,0xFF,0xF7,0xFF,0xFF,0xFF,0xD5,0x01,0x00,0x00,0x00,
  0x00,0x00,0x00,0x00,0x7F,0xFF,0xFF,0xFF,0xFF,0xFF,0xFF,0x67,0x00,0x00,0x00,0x00,
  0x00,0x00,0x00,0x00,0x0E,0xEC,0xFF,0xFF,0xFF,0xFF,0xEF,0x0A,0x00,0x00,0x00,0x00,
  0x00,0x00,0x00,0x00,0x00,0x73,0xFF,0xFF,0xFF,0xFF,0x8A,0x00,0x00,0x00,0x00,0x00,
  0x00,0x00,0x00,0x00,0x00,0x09,0xEB,0xFF,0xFF,0xFC,0x1F,0x00,0x00,0x00,0x00,0x00,
  0x00,0x00,0x00,0x00,0x00,0x17,0xFA,0xFF,0xFF,0xAB,0x00,0x00,0x00,0x00,0x00,0x00,
  0x00,0x00,0x00,0x2D,0x3C,0xBB,0xFF,0xFF,0xFF,0x3B,0x00,0x00,0x00,0x00,0x00,0x00,
  0x00,0x00,0x00,0xF5,0xFF,0xFF,0xFF,0xFF,0xAE,0x00,0x00,0x00,0x00,0x00,0x00,0x00,
  0x00,0x00,0x00,0xEF,0xFF,0xFF,0xFF,0xD7,0x15,0x00,0x00,0x00,0x00,0x00,0x00,0x00,
  0x00,0x00,0x00,0xE7,0xFE,0xE4,0x8E,0x0F,0x00,0x00,0x00,0x00,0x00,0x00,0x00,0x00,
  
};
const font_glyph_t glyph_1059_24 = {1059, 24, 16, 17, 15, 0, 17, font_1059_24};

const unsigned char font_1060_24[] = {
  0x00,0x00,0x00,0x00,0x00,0x00,0x00,0x00,0xE0,0xFF,0xFF,0xFF,0x14,0x00,0x00,0x00,
  0x00,0x00,0x00,0x00,0x00,0x00,0x00,0x00,0x00,0x00,0x00,0x00,0xE0,0xFF,0xFF,0xFF,
  0x14,0x00,0x00,0x00,0x00,0x00,0x00,0x00,0x00,0x00,0x00,0x00,0x3B,0xA1,0xDE,0xFA,
  0xFF,0xFF,0xFF,0xFF,0xFD,0xE7,0xAE,0x4F,0x01,0x00,0x00,0x00,0x00,0x00,0x07,0x9E,
  0xFF,0xFF,0xFF,0xFF,0xFF,0xFF,0xFF,0xFF,0xFF,0xFF,0xFF,0xFF,0xBF,0x16,0x00,0x00,
  0x00,0x01,0xAB,0xFF,0xFF,0xFF,0xFF,0xFF,0xFF,0xFF,0xFF,0xFF,0xFF,0xFF,0xFF,0xFF,
  0xFF,0xD1,0x0B,0x00,0x00,0x57,0xFF,0xFF,0xFF,0xFE,0xA0,0x56,0xEB,0xFF,0xFF,0xFF,
  0x62,0x8B,0xF7,0xFF,0xFF,0xFF,0x84,0x00,0x00,0xCA,0xFF,0xFF,0xFF,0x6C,0x00,0x00,
  0xE0,0xFF,0xFF,0xFF,0x14,0x00,0x45,0xFF,0xFF,0xFF,0xED,0x05,0x10,0xFF,0xFF,0xFF,
  0xE6,0x02,0x00,0x00,0xE0,0xFF,0xFF,0xFF,0x14,0x00,0x00,0xC1,0xFF,0xFF,0xFF,0x34,
  0x30,0xFF,0xFF,0xFF,0xB6,0x00,0x00,0x00,0xE0,0xFF,0xFF,0xFF,0x14,0x00,0x00,0x8E,
  0xFF,0xFF,0xFF,0x54,0x34,0xFF,0xFF,0xFF,0xB1,0x00,0x00,0x00,0xE0,0xFF,0xFF,0xFF,
  0x14,0x00,0x00,0x8B,0xFF,0xFF,0xFF,0x58,0x19,0xFF,0xFF,0xFF,0xDF,0x02,0x00,0x00,
  0xE0,0xFF,0xFF,0xFF,0x14,0x00,0x00,0xB9,0xFF,0xFF,0xFF,0x3D,0x00,0xD9,0xFF,0xFF,
  0xFF,0x69,0x00,0x00,0xE0,0xFF,0xFF,0xFF,0x14,0x00,0x3F,0xFE,0xFF,0xFF,0xF4,0x0A,
  0x00,0x6A,0xFF,0xFF,0xFF,0xFF,0xA3,0x5C,0xEC,0xFF,0xFF,0xFF,0x63,0x8C,0xF7,0xFF,
  0xFF,0xFF,0x91,0x00,0x00,0x03,0xBC,0xFF,0xFF,0xFF,0xFF,0xFF,0xFF,0xFF,0xFF,0xFF,
  0xFF,0xFF,0xFF,0xFF,0xFF,0xDA,0x0F,0x00,0x00,0x00,0x0B,0xAB,0xFF,0xFF,0xFF,0xFF,
  0xFF,0xFF,0xFF,0xFF,0xFF,0xFF,0xFF,0xFF,0xC7,0x1C,0x00,0x00,0x00,0x00,0x00,0x00,
  0x40,0xA5,0xE1,0xFB,0xFF,0xFF,0xFF,0xFF,0xFD,0xE7,0xB1,0x55,0x02,0x00,0x00,0x00,
  0x00,0x00,0x00,0x00,0x00,0x00,0x00,0x00,0xE0,0xFF,0xFF,0xFF,0x14,0x00,0x00,0x00,
  0x00,0x00,0x00,0x00,0x00,0x00,0x00,0x00,0x00,0x00,0x00,0x00,0xE0,0xFF,0xFF,0xFF,
  0x14,0x00,0x00,0x00,0x00,0x00,0x00,0x00,
};
const font_glyph_t glyph_1060_24 = {1060, 24, 20, 18, 20, 0, 17, font_1060_24};

const unsigned char font_1061_24[] = {
  0x8A,0xFF,0xFF,0xFF,0xFC,0x24,0x00,0x00,0x00,0x00,0xCA,0xFF,0xFF,0xFF,0xD7,0x04,
  0x0F,0xEB,0xFF,0xFF,0xFF,0x9E,0x00,0x00,0x00,0x48,0xFF,0xFF,0xFF,0xFF,0x4A,0x00,
  0x00,0x6A,0xFF,0xFF,0xFF,0xFB,0x21,0x00,0x00,0xC7,0xFF,0xFF,0xFF,0xBA,0x00,0x00,
  0x00,0x04,0xD6,0xFF,0xFF,0xFF,0x9C,0x00,0x44,0xFF,0xFF,0xFF,0xFD,0x2E,0x00,0x00,
  0x00,0x00,0x47,0xFF,0xFF,0xFF,0xFB,0x1F,0xC3,0xFF,0xFF,0xFF,0x9B,0x00,0x00,0x00,
  0x00,0x00,0x00,0xB6,0xFF,0xFF,0xFF,0xC9,0xFF,0xFF,0xFF,0xF3,0x17,0x00,0x00,0x00,
  0x00,0x00,0x00,0x2A,0xFC,0xFF,0xFF,0xFF,0xFF,0xFF,0xFF,0x7A,0x00,0x00,0x00,0x00,
  0x00,0x00,0x00,0x00,0x94,0xFF,0xFF,0xFF,0xFF,0xFF,0xE1,0x09,0x00,0x00,0x00,0x00,
  0x00,0x00,0x00,0x00,0x31,0xFF,0xFF,0xFF,0xFF,0xFF,0x89,0x00,0x00,0x00,0x00,0x00,
  0x00,0x00,0x00,0x00,0xA8,0xFF,0xFF,0xFF,0xFF,0xFF,0xED,0x11,0x00,0x00,0x00,0x00,
  0x00,0x00,0x00,0x3B,0xFF,0xFF,0xFF,0xFF,0xFF,0xFF,0xFF,0x91,0x00,0x00,0x00,0x00,
  0x00,0x00,0x02,0xCC,0xFF,0xFF,0xFF,0xB9,0xFF,0xFF,0xFF,0xFB,0x27,0x00,0x00,0x00,
  0x00,0x00,0x5F,0xFF,0xFF,0xFF,0xF5,0x17,0xB6,0xFF,0xFF,0xFF,0xB5,0x00,0x00,0x00,
  0x00,0x0C,0xE6,0xFF,0xFF,0xFF,0x8C,0x00,0x36,0xFF,0xFF,0xFF,0xFF,0x46,0x00,0x00,
  0x00,0x86,0xFF,0xFF,0xFF,0xF5,0x17,0x00,0x00,0xB8,0xFF,0xFF,0xFF,0xD3,0x04,0x00,
  0x21,0xF7,0xFF,0xFF,0xFF,0x8C,0x00,0x00,0x00,0x38,0xFF,0xFF,0xFF,0xFF,0x6A,0x00,
  0xAA,0xFF,0xFF,0xFF,0xF5,0x17,0x00,0x00,0x00,0x00,0xB8,0xFF,0xFF,0xFF,0xEB,0x0F,
  
};
const font_glyph_t glyph_1061_24 = {1061, 24, 16, 17, 15, 0, 17, font_1061_24};

const unsigned char font_1062_24[] = {
  0xFC,0xFF,0xFF,0xFF,0x1C,0x00,0x00,0x00,0x00,0x00,0xC4,0xFF,0xFF,0xFF,0x5C,0x00,
  0x00,0xFC,0xFF,0xFF,0xFF,0x1C,0x00,0x00,0x00,0x00,0x00,0xC4,0xFF,0xFF,0xFF,0x5C,
  0x00,0x00,0xFC,0xFF,0xFF,0xFF,0x1C,0x00,0x00,0x00,0x00,0x00,0xC4,0xFF,0xFF,0xFF,
  0x5C,0x00,0x00,0xFC,0xFF,0xFF,0xFF,0x1C,0x00,0x00,0x00,0x00,0x00,0xC4,0xFF,0xFF,
  0xFF,0x5C,0x00,0x00,0xFC,0xFF,0xFF,0xFF,0x1C,0x00,0x00,0x00,0x00,0x00,0xC4,0xFF,
  0xFF,0xFF,0x5C,0x00,0x00,0xFC,0xFF,0xFF,0xFF,0x1C,0x00,0x00,0x00,0x00,0x00,0xC4,
  0xFF,0xFF,0xFF,0x5C,0x00,0x00,0xFC,0xFF,0xFF,0xFF,0x1C,0x00,0x00,0x00,0x00,0x00,
  0xC4,0xFF,0xFF,0xFF,0x5C,0x00,0x00,0xFC,0xFF,0xFF,0xFF,0x1C,0x00,0x00,0x00,0x00,
  0x00,0xC4,0xFF,0xFF,0xFF,0x5C,0x00,0x00,0xFC,0xFF,0xFF,0xFF,0x1C,0x00,0x00,0x00,
  0x00,0x00,0xC4,0xFF,0xFF,0xFF,0x5C,0x00,0x00,0xFC,0xFF,0xFF,0xFF,0x1C,0x00,0x00,
  0x00,0x00,0x00,0xC4,0xFF,0xFF,0xFF,0x5C,0x00,0x00,0xFC,0xFF,0xFF,0xFF,0x1C,0x00,
  0x00,0x00,0x00,0x00,0xC4,0xFF,0xFF,0xFF,0x5C,0x00,0x00,0xFC,0xFF,0xFF,0xFF,0x1C,
  0x00,0x00,0x00,0x00,0x00,0xC4,0xFF,0xFF,0xFF,0x5C,0x00,0x00,0xFC,0xFF,0xFF,0xFF,
  0x1C,0x00,0x00,0x00,0x00,0x00,0xC4,0xFF,0xFF,0xFF,0x5C,0x00,0x00,0xFC,0xFF,0xFF,
  0xFF,0x43,0x2C,0x2C,0x2C,0x2C,0x2C,0xCE,0xFF,0xFF,0xFF,0x74,0x20,0x1F,0xFC,0xFF,
  0xFF,0xFF,0xFF,0xFF,0xFF,0xFF,0xFF,0xFF,0xFF,0xFF,0xFF,0xFF,0xFF,0xFF,0xF2,0xFC,
  0xFF,0xFF,0xFF,0xFF,0xFF,0xFF,0xFF,0xFF,0xFF,0xFF,0xFF,0xFF,0xFF,0xFF,0xFF,0xEA,
  0xFC,0xFF,0xFF,0xFF,0xFF,0xFF,0xFF,0xFF,0xFF,0xFF,0xFF,0xFF,0xFF,0xFF,0xFF,0xFF,
  0xE2,0x00,0x00,0x00,0x00,0x00,0x00,0x00,0x00,0x00,0x00,0x00,0x00,0x24,0xFF,0xFF,
  0xFF,0xDA,0x00,0x00,0x00,0x00,0x00,0x00,0x00,0x00,0x00,0x00,0x00,0x00,0x24,0xFF,
  0xFF,0xFF,0xD1,0x00,0x00,0x00,0x00,0x00,0x00,0x00,0x00,0x00,0x00,0x00,0x00,0x24,
  0xFF,0xFF,0xFF,0xC8,0x00,0x00,0x00,0x00,0x00,0x00,0x00,0x00,0x00,0x00,0x00,0x00,
  0x24,0xFF,0xFF,0xFF,0xC0,
};
const font_glyph_t glyph_1062_24 = {1062, 24, 17, 21, 19, 1, 17, font_1062_24};

const unsigned char font_1063_24[] = {
  0x6C,0xFF,0xFF,0xFF,0xB0,0x00,0x00,0x00,0x00,0x00,0x98,0xFF,0xFF,0xFF,0x84,0x6C,
  0xFF,0xFF,0xFF,0xB0,0x00,0x00,0x00,0x00,0x00,0x98,0xFF,0xFF,0xFF,0x84,0x6C,0xFF,
  0xFF,0xFF,0xB0,0x00,0x00,0x00,0x00,0x00,0x98,0xFF,0xFF,0xFF,0x84,0x6C,0xFF,0xFF,
  0xFF,0xB0,0x00,0x00,0x00,0x00,0x00,0x98,0xFF,0xFF,0xFF,0x84,0x6C,0xFF,0xFF,0xFF,
  0xB0,0x00,0x00,0x00,0x00,0x00,0x98,0xFF,0xFF,0xFF,0x84,0x67,0xFF,0xFF,0xFF,0xB4,
  0x00,0x00,0x00,0x00,0x00,0x98,0xFF,0xFF,0xFF,0x84,0x4D,0xFF,0xFF,0xFF,0xE4,0x05,
  0x00,0x00,0x00,0x00,0x98,0xFF,0xFF,0xFF,0x84,0x0F,0xF7,0xFF,0xFF,0xFF,0xB4,0x46,
  0x2A,0x33,0x49,0xC2,0xFF,0xFF,0xFF,0x84,0x00,0x7E,0xFF,0xFF,0xFF,0xFF,0xFF,0xFF,
  0xFF,0xFF,0xFF,0xFF,0xFF,0xFF,0x84,0x00,0x02,0x8C,0xFE,0xFF,0xFF,0xFF,0xFF,0xFF,
  0xFF,0xFF,0xFF,0xFF,0xFF,0x84,0x00,0x00,0x00,0x2F,0x90,0xCE,0xF0,0xFE,0xF5,0xDE,
  0xE8,0xFF,0xFF,0xFF,0x84,0x00,0x00,0x00,0x00,0x00,0x00,0x00,0x00,0x00,0x00,0x98,
  0xFF,0xFF,0xFF,0x84,0x00,0x00,0x00,0x00,0x00,0x00,0x00,0x00,0x00,0x00,0x98,0xFF,
  0xFF,0xFF,0x84,0x00,0x00,0x00,0x00,0x00,0x00,0x00,0x00,0x00,0x00,0x98,0xFF,0xFF,
  0xFF,0x84,0x00,0x00,0x00,0x00,0x00,0x00,0x00,0x00,0x00,0x00,0x98,0xFF,0xFF,0xFF,
  0x84,0x00,0x00,0x00,0x00,0x00,0x00,0x00,0x00,0x00,0x00,0x98,0xFF,0xFF,0xFF,0x84,
  0x00,0x00,0x00,0x00,0x00,0x00,0x00,0x00,0x00,0x00,0x98,0xFF,0xFF,0xFF,0x84,
};
const font_glyph_t glyph_1063_24 = {1063, 24, 15, 17, 17, 1, 17, font_1063_24};

const unsigned char font_1064_24[] = {
  0xCC,0xFF,0xFF,0xFF,0x54,0x00,0x00,0x00,0x6C,0xFF,0xFF,0xFF,0xB0,0x00,0x00,0x00,
  0x20,0xFF,0xFF,0xFF,0xF8,0xCC,0xFF,0xFF,0xFF,0x54,0x00,0x00,0x00,0x6C,0xFF,0xFF,
  0xFF,0xB0,0x00,0x00,0x00,0x20,0xFF,0xFF,0xFF,0xF8,0xCC,0xFF,0xFF,0xFF,0x54,0x00,
  0x00,0x00,0x6C,0xFF,0xFF,0xFF,0xB0,0x00,0x00,0x00,0x20,0xFF,0xFF,0xFF,0xF8,0xCC,
  0xFF,0xFF,0xFF,0x54,0x00,0x00,0x00,0x6C,0xFF,0xFF,0xFF,0xB0,0x00,0x00,0x00,0x20,
  0xFF,0xFF,0xFF,0xF8,0xCC,0xFF,0xFF,0xFF,0x54,0x00,0x00,0x00,0x6C,0xFF,0xFF,0xFF,
  0xB0,0x00,0x00,0x00,0x20,0xFF,0xFF,0xFF,0xF8,0xCC,0xFF,0xFF,0xFF,0x54,0x00,0x00,
  0x00,0x6C,0xFF,0xFF,0xFF,0xB0,0x00,0x00,0x00,0x20,0xFF,0xFF,0xFF,0xF8,0xCC,0xFF,
  0xFF,0xFF,0x54,0x00,0x00,0x00,0x6C,0xFF,0xFF,0xFF,0xB0,0x00,0x00,0x00,0x20,0xFF,
  0xFF,0xFF,0xF8,0xCC,0xFF,0xFF,0xFF,0x54,0x00,0x00,0x00,0x6C,0xFF,0xFF,0xFF,0xB0,
  0x00,0x00,0x00,0x20,0xFF,0xFF,0xFF,0xF8,0xCC,0xFF,0xFF,0xFF,0x54,0x00,0x00,0x00,
  0x6C,0xFF,0xFF,0xFF,0xB0,0x00,0x00,0x00,0x20,0xFF,0xFF,0xFF,0xF8,0xCC,0xFF,0xFF,
  0xFF,0x54,0x00,0x00,0x00,0x6C,0xFF,0xFF,0xFF,0xB0,0x00,0x00,0x00,0x20,0xFF,0xFF,
  0xFF,0xF8,0xCC,0xFF,0xFF,0xFF,0x54,0x00,0x00,0x00,0x6C,0xFF,0xFF,0xFF,0xB0,0x00,
  0x00,0x00,0x20,0xFF,0xFF,0xFF,0xF8,0xCC,0xFF,0xFF,0xFF,0x54,0x00,0x00,0x00,0x6C,
  0xFF,0xFF,0xFF,0xB0,0x00,0x00,0x00,0x20,0xFF,0xFF,0xFF,0xF8,0xCC,0xFF,0xFF,0xFF,
  0x54,0x00,0x00,0x00,0x6C,0xFF,0xFF,0xFF,0xB0,0x00,0x00,0x00,0x20,0xFF,0xFF,0xFF,
  0xF8,0xCC,0xFF,0xFF,0xFF,0x72,0x2C,0x2C,0x2C,0x85,0xFF,0xFF,0xFF,0xBE,0x2C,0x2C,
  0x2C,0x47,0xFF,0xFF,0xFF,0xF8,0xCC,0xFF,0xFF,0xFF,0xFF,0xFF,0xFF,0xFF,0xFF,0xFF,
  0xFF,0xFF,0xFF,0xFF,0xFF,0xFF,0xFF,0xFF,0xFF,0xFF,0xF8,0xCC,0xFF,0xFF,0xFF,0xFF,
  0xFF,0xFF,0xFF,0xFF,0xFF,0xFF,0xFF,0xFF,0xFF,0xFF,0xFF,0xFF,0xFF,0xFF,0xFF,0xF8,
  0xCC,0xFF,0xFF,0xFF,0xFF,0xFF,0xFF,0xFF,0xFF,0xFF,0xFF,0xFF,0xFF,0xFF,0xFF,0xFF,
  0xFF,0xFF,0xFF,0xFF,0xF8,
};
const font_glyph_t glyph_1064_24 = {1064, 24, 21, 17, 23, 1, 17, font_1064_24};

const unsigned char font_1065_24[] = {
  0xCC,0xFF,0xFF,0xFF,0x54,0x00,0x00,0x00,0x6C,0xFF,0xFF,0xFF,0xB0,0x00,0x00,0x00,
  0x20,0xFF,0xFF,0xFF,0xF8,0x00,0x00,0x00,0xCC,0xFF,0xFF,0xFF,0x54,0x00,0x00,0x00,
  0x6C,0xFF,0xFF,0xFF,0xB0,0x00,0x00,0x00,0x20,0xFF,0xFF,0xFF,0xF8,0x00,0x00,0x00,
  0xCC,0xFF,0xFF,0xFF,0x54,0x00,0x00,0x00,0x6C,0xFF,0xFF,0xFF,0xB0,0x00,0x00,0x00,
  0x20,0xFF,0xFF,0xFF,0xF8,0x00,0x00,0x00,0xCC,0xFF,0xFF,0xFF,0x54,0x00,0x00,0x00,
  0x6C,0xFF,0xFF,0xFF,0xB0,0x00,0x00,0x00,0x20,0xFF,0xFF,0xFF,0xF8,0x00,0x00,0x00,
  0xCC,0xFF,0xFF,0xFF,0x54,0x00,0x00,0x00,0x6C,0xFF,0xFF,0xFF,0xB0,0x00,0x00,0x00,
  0x20,0xFF,0xFF,0xFF,0xF8,0x00,0x00,0x00,0xCC,0xFF,0xFF,0xFF,0x54,0x00,0x00,0x00,
  0x6C,0xFF,0xFF,0xFF,0xB0,0x00,0x00,0x00,0x20,0xFF,0xFF,0xFF,0xF8,0x00,0x00,0x00,
  0xCC,0xFF,0xFF,0xFF,0x54,0x00,0x00,0x00,0x6C,0xFF,0xFF,0xFF,0xB0,0x00,0x00,0x00,
  0x20,0xFF,0xFF,0xFF,0xF8,0x00,0x00,0x00,0xCC,0xFF,0xFF,0xFF,0x54,0x00,0x00,0x00,
  0x6C,0xFF,0xFF,0xFF,0xB0,0x00,0x00,0x00,0x20,0xFF,0xFF,0xFF,0xF8,0x00,0x00,0x00,
  0xCC,0xFF,0xFF,0xFF,0x54,0x00,0x00,0x00,0x6C,0xFF,0xFF,0xFF,0xB0,0x00,0x00,0x00,
  0x20,0xFF,0xFF,0xFF,0xF8,0x00,0x00,0x00,0xCC,0xFF,0xFF,0xFF,0x54,0x00,0x00,0x00,
  0x6C,0xFF,0xFF,0xFF,0xB0,0x00,0x00,0x00,0x20,0xFF,0xFF,0xFF,0xF8,0x00,0x00,0x00,
  0xCC,0xFF,0xFF,0xFF,0x54,0x00,0x00,0x00,0x6C,0xFF,0xFF,0xFF,0xB0,0x00,0x00,0x00,
  0x20,0xFF,0xFF,0xFF,0xF8,0x00,0x00,0x00,0xCC,0xFF,0xFF,0xFF,0x54,0x00,0x00,0x00,
  0x6C,0xFF,0xFF,0xFF,0xB0,0x00,0x00,0x00,0x20,0xFF,0xFF,0xFF,0xF8,0x00,0x00,0x00,
  0xCC,0xFF,0xFF,0xFF,0x54,0x00,0x00,0x00,0x6C,0xFF,0xFF,0xFF,0xB0,0x00,0x00,0x00,
  0x20,0xFF,0xFF,0xFF,0xF8,0x00,0x00,0x00,0xCC,0xFF,0xFF,0xFF,0x72,0x2C,0x2C,0x2C,
  0x85,0xFF,0xFF,0xFF,0xBE,0x2C,0x2C,0x2C,0x47,0xFF,0xFF,0xFF,0xFA,0x08,0x08,0x04,
  0xCC,0xFF,0xFF,0xFF,0xFF,0xFF,0xFF,0xFF,0xFF,0xFF,0xFF,0xFF,0xFF,0xFF,0xFF,0xFF,
  0xFF,0xFF,0xFF,0xFF,0xFF,0xFF,0xFF,0x7C,0xCC,0xFF,0xFF,0xFF,0xFF,0xFF,0xFF,0xFF,
  0xFF,0xFF,0xFF,0xFF,0xFF,0xFF,0xFF,0xFF,0xFF,0xFF,0xFF,0xFF,0xFF,0xFF,0xFF,0x73,
  0xCC,0xFF,0xFF,0xFF,0xFF,0xFF,0xFF,0xFF,0xFF,0xFF,0xFF,0xFF,0xFF,0xFF,0xFF,0xFF,
  0xFF,0xFF,0xFF,0xFF,0xFF,0xFF,0xFF,0x6A,0x00,0x00,0x00,0x00,0x00,0x00,0x00,0x00,
  0x00,0x00,0x00,0x00,0x00,0x00,0x00,0x00,0x00,0x00,0x00,0x74,0xFF,0xFF,0xFF,0x62,
  0x00,0x00,0x00,0x00,0x00,0x00,0x00,0x00,0x00,0x00,0x00,0x00,0x00,0x00,0x00,0x00,
  0x00,0x00,0x00,0x74,0xFF,0xFF,0xFF,0x5A,0x00,0x00,0x00,0x00,0x00,0x00,0x00,0x00,
  0x00,0x00,0x00,0x00,0x00,0x00,0x00,0x00,0x00,0x00,0x00,0x74,0xFF,0xFF,0xFF,0x50,
  0x00,0x00,0x00,0x00,0x00,0x00,0x00,0x00,0x00,0x00,0x00,0x00,0x00,0x00,0x00,0x00,
  0x00,0x00,0x00,0x74,0xFF,0xFF,0xFF,0x48,
};
const font_glyph_t glyph_1065_24 = {1065, 24, 24, 21, 25, 1, 17, font_1065_24};

const unsigned char font_1066_24[] = {
  0xAC,0xFF,0xFF,0xFF,0xFF,0xFF,0xFF,0xFF,0xFF,0x28,0x00,0x00,0x00,0x00,0x00,0x00,
  0x00,0x00,0x00,0xAC,0xFF,0xFF,0xFF,0xFF,0xFF,0xFF,0xFF,0xFF,0x28,0x00,0x00,0x00,
  0x00,0x00,0x00,0x00,0x00,0x00,0xAC,0xFF,0xFF,0xFF,0xFF,0xFF,0xFF,0xFF,0xFF,0x28,
  0x00,0x00,0x00,0x00,0x00,0x00,0x00,0x00,0x00,0x08,0x0C,0x0C,0x0C,0x0C,0xFA,0xFF,
  0xFF,0xFF,0x28,0x00,0x00,0x00,0x00,0x00,0x00,0x00,0x00,0x00,0x00,0x00,0x00,0x00,
  0x00,0xF8,0xFF,0xFF,0xFF,0x28,0x00,0x00,0x00,0x00,0x00,0x00,0x00,0x00,0x00,0x00,
  0x00,0x00,0x00,0x00,0xF8,0xFF,0xFF,0xFF,0x4C,0x28,0x25,0x14,0x00,0x00,0x00,0x00,
  0x00,0x00,0x00,0x00,0x00,0x00,0x00,0xF8,0xFF,0xFF,0xFF,0xFF,0xFF,0xFF,0xFF,0xE8,
  0x9C,0x27,0x00,0x00,0x00,0x00,0x00,0x00,0x00,0x00,0xF8,0xFF,0xFF,0xFF,0xFF,0xFF,
  0xFF,0xFF,0xFF,0xFF,0xF9,0x63,0x00,0x00,0x00,0x00,0x00,0x00,0x00,0xF8,0xFF,0xFF,
  0xFF,0xFF,0xFF,0xFF,0xFF,0xFF,0xFF,0xFF,0xFE,0x3F,0x00,0x00,0x00,0x00,0x00,0x00,
  0xF8,0xFF,0xFF,0xFF,0x28,0x00,0x04,0x39,0xD5,0xFF,0xFF,0xFF,0xBF,0x00,0x00,0x00,
  0x00,0x00,0x00,0xF8,0xFF,0xFF,0xFF,0x28,0x00,0x00,0x00,0x33,0xFF,0xFF,0xFF,0xFB,
  0x05,0x00,0x00,0x00,0x00,0x00,0xF8,0xFF,0xFF,0xFF,0x28,0x00,0x00,0x00,0x0E,0xFF,
  0xFF,0xFF,0xFF,0x10,0x00,0x00,0x00,0x00,0x00,0xF8,0xFF,0xFF,0xFF,0x28,0x00,0x00,
  0x00,0x54,0xFF,0xFF,0xFF,0xF3,0x02,0x00,0x00,0x00,0x00,0x00,0xF8,0xFF,0xFF,0xFF,
  0x4D,0x2C,0x30,0x6A,0xF0,0xFF,0xFF,0xFF,0xA5,0x00,0x00,0x00,0x00,0x00,0x00,0xF8,
  0xFF,0xFF,0xFF,0xFF,0xFF,0xFF,0xFF,0xFF,0xFF,0xFF,0xF0,0x23,0x00,0x00,0x00,0x00,
  0x00,0x00,0xF8,0xFF,0xFF,0xFF,0xFF,0xFF,0xFF,0xFF,0xFF,0xFF,0xE2,0x37,0x00,0x00,
  0x00,0x00,0x00,0x00,0x00,0xF8,0xFF,0xFF,0xFF,0xFF,0xFF,0xFE,0xEC,0xBF,0x6F,0x0C,
  0x00,0x00,0x00,
};
const font_glyph_t glyph_1066_24 = {1066, 24, 19, 17, 19, 0, 17, font_1066_24};

const unsigned char font_1067_24[] = {
  0xB4,0xFF,0xFF,0xFF,0x6C,0x00,0x00,0x00,0x00,0x00,0x00,0x00,0x00,0x00,0x68,0xFF,
  0xFF,0xFF,0xB0,0xB4,0xFF,0xFF,0xFF,0x6C,0x00,0x00,0x00,0x00,0x00,0x00,0x00,0x00,
  0x00,0x68,0xFF,0xFF,0xFF,0xB0,0xB4,0xFF,0xFF,0xFF,0x6C,0x00,0x00,0x00,0x00,0x00,
  0x00,0x00,0x00,0x00,0x68,0xFF,0xFF,0xFF,0xB0,0xB4,0xFF,0xFF,0xFF,0x6C,0x00,0x00,
  0x00,0x00,0x00,0x00,0x00,0x00,0x00,0x68,0xFF,0xFF,0xFF,0xB0,0xB4,0xFF,0xFF,0xFF,
  0x6C,0x00,0x00,0x00,0x00,0x00,0x00,0x00,0x00,0x00,0x68,0xFF,0xFF,0xFF,0xB0,0xB4,
  0xFF,0xFF,0xFF,0x85,0x28,0x27,0x1A,0x02,0x00,0x00,0x00,0x00,0x00,0x68,0xFF,0xFF,
  0xFF,0xB0,0xB4,0xFF,0xFF,0xFF,0xFF,0xFF,0xFF,0xFF,0xF4,0xB2,0x46,0x00,0x00,0x00,
  0x68,0xFF,0xFF,0xFF,0xB0,0xB4,0xFF,0xFF,0xFF,0xFF,0xFF,0xFF,0xFF,0xFF,0xFF,0xFF,
  0x9D,0x03,0x00,0x68,0xFF,0xFF,0xFF,0xB0,0xB4,0xFF,0xFF,0xFF,0xFF,0xFF,0xFF,0xFF,
  0xFF,0xFF,0xFF,0xFF,0x81,0x00,0x68,0xFF,0xFF,0xFF,0xB0,0xB4,0xFF,0xFF,0xFF,0x6C,
  0x00,0x01,0x23,0xA9,0xFF,0xFF,0xFF,0xF6,0x0D,0x68,0xFF,0xFF,0xFF,0xB0,0xB4,0xFF,
  0xFF,0xFF,0x6C,0x00,0x00,0x00,0x05,0xE7,0xFF,0xFF,0xFF,0x45,0x68,0xFF,0xFF,0xFF,
  0xB0,0xB4,0xFF,0xFF,0xFF,0x6C,0x00,0x00,0x00,0x00,0xC6,0xFF,0xFF,0xFF,0x54,0x68,
  0xFF,0xFF,0xFF,0xB0,0xB4,0xFF,0xFF,0xFF,0x6C,0x00,0x00,0x00,0x17,0xF6,0xFF,0xFF,
  0xFF,0x39,0x68,0xFF,0xFF,0xFF,0xB0,0xB4,0xFF,0xFF,0xFF,0x85,0x2C,0x2D,0x52,0xD4,
  0xFF,0xFF,0xFF,0xE6,0x04,0x68,0xFF,0xFF,0xFF,0xB0,0xB4,0xFF,0xFF,0xFF,0xFF,0xFF,
  0xFF,0xFF,0xFF,0xFF,0xFF,0xFF,0x58,0x00,0x68,0xFF,0xFF,0xFF,0xB0,0xB4,0xFF,0xFF,
  0xFF,0xFF,0xFF,0xFF,0xFF,0xFF,0xFF,0xF7,0x66,0x00,0x00,0x68,0xFF,0xFF,0xFF,0xB0,
  0xB4,0xFF,0xFF,0xFF,0xFF,0xFF,0xFF,0xF3,0xCD,0x87,0x1E,0x00,0x00,0x00,0x68,0xFF,
  0xFF,0xFF,0xB0,
};
const font_glyph_t glyph_1067_24 = {1067, 24, 19, 17, 21, 1, 17, font_1067_24};

const unsigned char font_1068_24[] = {
  0xB0,0xFF,0xFF,0xFF,0x70,0x00,0x00,0x00,0x00,0x00,0x00,0x00,0x00,0x00,0xB0,0xFF,
  0xFF,0xFF,0x70,0x00,0x00,0x00,0x00,0x00,0x00,0x00,0x00,0x00,0xB0,0xFF,0xFF,0xFF,
  0x70,0x00,0x00,0x00,0x00,0x00,0x00,0x00,0x00,0x00,0xB0,0xFF,0xFF,0xFF,0x70,0x00,
  0x00,0x00,0x00,0x00,0x00,0x00,0x00,0x00,0xB0,0xFF,0xFF,0xFF,0x70,0x00,0x00,0x00,
  0x00,0x00,0x00,0x00,0x00,0x00,0xB0,0xFF,0xFF,0xFF,0x88,0x28,0x27,0x1B,0x02,0x00,
  0x00,0x00,0x00,0x00,0xB0,0xFF,0xFF,0xFF,0xFF,0xFF,0xFF,0xFF,0xF6,0xB6,0x49,0x00,
  0x00,0x00,0xB0,0xFF,0xFF,0xFF,0xFF,0xFF,0xFF,0xFF,0xFF,0xFF,0xFF,0x9F,0x04,0x00,
  0xB0,0xFF,0xFF,0xFF,0xFF,0xFF,0xFF,0xFF,0xFF,0xFF,0xFF,0xFF,0x88,0x00,0xB0,0xFF,
  0xFF,0xFF,0x70,0x00,0x01,0x22,0xA4,0xFF,0xFF,0xFF,0xF9,0x12,0xB0,0xFF,0xFF,0xFF,
  0x70,0x00,0x00,0x00,0x04,0xE3,0xFF,0xFF,0xFF,0x4C,0xB0,0xFF,0xFF,0xFF,0x70,0x00,
  0x00,0x00,0x00,0xC2,0xFF,0xFF,0xFF,0x5C,0xB0,0xFF,0xFF,0xFF,0x70,0x00,0x00,0x00,
  0x14,0xF3,0xFF,0xFF,0xFF,0x41,0xB0,0xFF,0xFF,0xFF,0x89,0x2C,0x2D,0x50,0xD0,0xFF,
  0xFF,0xFF,0xE9,0x07,0xB0,0xFF,0xFF,0xFF,0xFF,0xFF,0xFF,0xFF,0xFF,0xFF,0xFF,0xFF,
  0x5C,0x00,0xB0,0xFF,0xFF,0xFF,0xFF,0xFF,0xFF,0xFF,0xFF,0xFF,0xF9,0x6B,0x00,0x00,
  0xB0,0xFF,0xFF,0xFF,0xFF,0xFF,0xFF,0xF4,0xCD,0x89,0x21,0x00,0x00,0x00,
};
const font_glyph_t glyph_1068_24 = {1068, 24, 14, 17, 15, 1, 17, font_1068_24};

const unsigned char font_1069_24[] = {
  0x00,0x00,0x00,0x2D,0x96,0xD6,0xF6,0xFC,0xE8,0xB2,0x55,0x01,0x00,0x00,0x00,0x00,
  0x01,0x85,0xFD,0xFF,0xFF,0xFF,0xFF,0xFF,0xFF,0xFF,0xBD,0x12,0x00,0x00,0x00,0x81,
  0xFF,0xFF,0xFF,0xFF,0xFF,0xFF,0xFF,0xFF,0xFF,0xFF,0xC8,0x05,0x00,0x23,0xFB,0xFF,
  0xFF,0xFF,0x8F,0x3D,0x32,0x6B,0xF0,0xFF,0xFF,0xFF,0x73,0x00,0x84,0xFF,0xFF,0xFF,
  0x9D,0x00,0x00,0x00,0x00,0x4D,0xFF,0xFF,0xFF,0xE4,0x02,0xC0,0xFF,0xFF,0xFF,0x56,
  0x00,0x00,0x00,0x00,0x01,0xE2,0xFF,0xFF,0xFF,0x33,0x00,0x00,0x00,0x00,0x00,0x10,
  0x2C,0x2C,0x2C,0x2C,0xC3,0xFF,0xFF,0xFF,0x60,0x00,0x00,0x00,0x00,0x00,0x5C,0xFF,
  0xFF,0xFF,0xFF,0xFF,0xFF,0xFF,0xFF,0x77,0x00,0x00,0x00,0x00,0x00,0x5C,0xFF,0xFF,
  0xFF,0xFF,0xFF,0xFF,0xFF,0xFF,0x7C,0x00,0x00,0x00,0x00,0x00,0x5C,0xFF,0xFF,0xFF,
  0xFF,0xFF,0xFF,0xFF,0xFF,0x78,0x00,0x00,0x00,0x00,0x00,0x00,0x00,0x00,0x00,0x00,
  0xB1,0xFF,0xFF,0xFF,0x63,0xBE,0xFF,0xFF,0xFF,0x5C,0x00,0x00,0x00,0x00,0x00,0xDE,
  0xFF,0xFF,0xFF,0x36,0x8A,0xFF,0xFF,0xFF,0xAA,0x00,0x00,0x00,0x00,0x3E,0xFF,0xFF,
  0xFF,0xE8,0x03,0x2B,0xFD,0xFF,0xFF,0xFF,0x9A,0x3B,0x2C,0x60,0xE8,0xFF,0xFF,0xFF,
  0x7F,0x00,0x00,0x88,0xFF,0xFF,0xFF,0xFF,0xFF,0xFF,0xFF,0xFF,0xFF,0xFF,0xD1,0x08,
  0x00,0x00,0x01,0x87,0xFD,0xFF,0xFF,0xFF,0xFF,0xFF,0xFF,0xFF,0xC7,0x17,0x00,0x00,
  0x00,0x00,0x00,0x2D,0x94,0xD5,0xF6,0xFD,0xEA,0xB6,0x5B,0x03,0x00,0x00,0x00,
};
const font_glyph_t glyph_1069_24 = {1069, 24, 15, 17, 15, 0, 17, font_1069_24};

const unsigned char font_1070_24[] = {
  0x90,0xFF,0xFF,0xFF,0x8C,0x00,0x00,0x00,0x00,0x03,0x5B,0xB6,0xEA,0xFC,0xF3,0xCB,
  0x7E,0x14,0x00,0x00,0x00,0x00,0x90,0xFF,0xFF,0xFF,0x8C,0x00,0x00,0x00,0x1E,0xCB,
  0xFF,0xFF,0xFF,0xFF,0xFF,0xFF,0xFF,0xF0,0x51,0x00,0x00,0x00,0x90,0xFF,0xFF,0xFF,
  0x8C,0x00,0x00,0x14,0xDF,0xFF,0xFF,0xFF,0xFF,0xFF,0xFF,0xFF,0xFF,0xFF,0xFD,0x4D,
  0x00,0x00,0x90,0xFF,0xFF,0xFF,0x8C,0x00,0x00,0xA4,0xFF,0xFF,0xFF,0xF0,0x73,0x3D,
  0x57,0xCF,0xFF,0xFF,0xFF,0xEC,0x11,0x00,0x90,0xFF,0xFF,0xFF,0x8C,0x00,0x22,0xFE,
  0xFF,0xFF,0xFF,0x3E,0x00,0x00,0x00,0x0C,0xDD,0xFF,0xFF,0xFF,0x79,0x00,0x90,0xFF,
  0xFF,0xFF,0x8C,0x00,0x73,0xFF,0xFF,0xFF,0xC3,0x00,0x00,0x00,0x00,0x00,0x6A,0xFF,
  0xFF,0xFF,0xCF,0x00,0x90,0xFF,0xFF,0xFF,0x94,0x10,0xAE,0xFF,0xFF,0xFF,0x87,0x00,
  0x00,0x00,0x00,0x00,0x2B,0xFF,0xFF,0xFF,0xFD,0x06,0x90,0xFF,0xFF,0xFF,0xFF,0xFF,
  0xFF,0xFF,0xFF,0xFF,0x6E,0x00,0x00,0x00,0x00,0x00,0x0E,0xFF,0xFF,0xFF,0xFF,0x1D,
  0x90,0xFF,0xFF,0xFF,0xFF,0xFF,0xFF,0xFF,0xFF,0xFF,0x68,0x00,0x00,0x00,0x00,0x00,
  0x08,0xFF,0xFF,0xFF,0xFF,0x24,0x90,0xFF,0xFF,0xFF,0xFF,0xFF,0xFF,0xFF,0xFF,0xFF,
  0x6E,0x00,0x00,0x00,0x00,0x00,0x0F,0xFF,0xFF,0xFF,0xFF,0x1D,0x90,0xFF,0xFF,0xFF,
  0x8C,0x00,0xA7,0xFF,0xFF,0xFF,0x89,0x00,0x00,0x00,0x00,0x00,0x2B,0xFF,0xFF,0xFF,
  0xFD,0x06,0x90,0xFF,0xFF,0xFF,0x8C,0x00,0x73,0xFF,0xFF,0xFF,0xC6,0x00,0x00,0x00,
  0x00,0x00,0x6C,0xFF,0xFF,0xFF,0xCF,0x00,0x90,0xFF,0xFF,0xFF,0x8C,0x00,0x22,0xFE,
  0xFF,0xFF,0xFF,0x41,0x00,0x00,0x00,0x0C,0xDD,0xFF,0xFF,0xFF,0x7C,0x00,0x90,0xFF,
  0xFF,0xFF,0x8C,0x00,0x00,0xA4,0xFF,0xFF,0xFF,0xF0,0x75,0x3D,0x55,0xCD,0xFF,0xFF,
  0xFF,0xED,0x12,0x00,0x90,0xFF,0xFF,0xFF,0x8C,0x00,0x00,0x14,0xDE,0xFF,0xFF,0xFF,
  0xFF,0xFF,0xFF,0xFF,0xFF,0xFF,0xFE,0x52,0x00,0x00,0x90,0xFF,0xFF,0xFF,0x8C,0x00,
  0x00,0x00,0x1D,0xCA,0xFF,0xFF,0xFF,0xFF,0xFF,0xFF,0xFF,0xF1,0x53,0x00,0x00,0x00,
  0x90,0xFF,0xFF,0xFF,0x8C,0x00,0x00,0x00,0x00,0x03,0x58,0xB3,0xE8,0xFD,0xF5,0xCD,
  0x81,0x17,0x00,0x00,0x00,0x00,
};
const font_glyph_t glyph_1070_24 = {1070, 24, 22, 17, 23, 1, 17, font_1070_24};

const unsigned char font_1071_24[] = {
  0x00,0x00,0x00,0x00,0x1C,0x86,0xCC,0xF1,0xFE,0xFF,0xFF,0xFF,0xFF,0xFF,0xC4,0x00,
  0x00,0x00,0x52,0xF4,0xFF,0xFF,0xFF,0xFF,0xFF,0xFF,0xFF,0xFF,0xFF,0xC4,0x00,0x00,
  0x2A,0xF9,0xFF,0xFF,0xFF,0xFF,0xFF,0xFF,0xFF,0xFF,0xFF,0xFF,0xC4,0x00,0x00,0x98,
  0xFF,0xFF,0xFF,0xED,0x5D,0x2F,0x2C,0x78,0xFF,0xFF,0xFF,0xC4,0x00,0x00,0xCE,0xFF,
  0xFF,0xFF,0x70,0x00,0x00,0x00,0x5C,0xFF,0xFF,0xFF,0xC4,0x00,0x00,0xD9,0xFF,0xFF,
  0xFF,0x44,0x00,0x00,0x00,0x5C,0xFF,0xFF,0xFF,0xC4,0x00,0x00,0xBC,0xFF,0xFF,0xFF,
  0x58,0x00,0x00,0x00,0x5C,0xFF,0xFF,0xFF,0xC4,0x00,0x00,0x6B,0xFF,0xFF,0xFF,0xCA,
  0x1B,0x00,0x00,0x5C,0xFF,0xFF,0xFF,0xC4,0x00,0x00,0x06,0xC4,0xFF,0xFF,0xFF,0xFF,
  0xF2,0xF0,0xF8,0xFF,0xFF,0xFF,0xC4,0x00,0x00,0x00,0x0D,0xCD,0xFF,0xFF,0xFF,0xFF,
  0xFF,0xFF,0xFF,0xFF,0xFF,0xC4,0x00,0x00,0x00,0x0F,0xF0,0xFF,0xFF,0xFF,0xFF,0xFF,
  0xFF,0xFF,0xFF,0xFF,0xC4,0x00,0x00,0x00,0x79,0xFF,0xFF,0xFF,0xF5,0x14,0x00,0x5C,
  0xFF,0xFF,0xFF,0xC4,0x00,0x00,0x09,0xEA,0xFF,0xFF,0xFF,0x90,0x00,0x00,0x5C,0xFF,
  0xFF,0xFF,0xC4,0x00,0x00,0x6B,0xFF,0xFF,0xFF,0xFA,0x1B,0x00,0x00,0x5C,0xFF,0xFF,
  0xFF,0xC4,0x00,0x05,0xE0,0xFF,0xFF,0xFF,0x9A,0x00,0x00,0x00,0x5C,0xFF,0xFF,0xFF,
  0xC4,0x00,0x5E,0xFF,0xFF,0xFF,0xFC,0x23,0x00,0x00,0x00,0x5C,0xFF,0xFF,0xFF,0xC4,
  0x02,0xD6,0xFF,0xFF,0xFF,0xA5,0x00,0x00,0x00,0x00,0x5C,0xFF,0xFF,0xFF,0xC4,
};
const font_glyph_t glyph_1071_24 = {1071, 24, 15, 17, 14, -2, 17, font_1071_24};

const unsigned char font_1072_24[] = {
  0x00,0x00,0x0B,0x75,0xC8,0xF3,0xFD,0xEB,0xB1,0x47,0x00,0x00,0x00,0x00,0x1E,0xDC,
  0xFF,0xFF,0xFF,0xFF,0xFF,0xFF,0xFF,0x86,0x00,0x00,0x00,0xC0,0xFF,0xFF,0xFF,0xE7,
  0xD1,0xFF,0xFF,0xFF,0xFF,0x3C,0x00,0x19,0xFF,0xFF,0xFF,0xE8,0x09,0x00,0x8C,0xFF,
  0xFF,0xFF,0x90,0x00,0x06,0x24,0x24,0x24,0x1C,0x00,0x00,0x4F,0xFF,0xFF,0xFF,0xA9,
  0x00,0x00,0x00,0x37,0x9E,0xD9,0xF6,0xFF,0xFF,0xFF,0xFF,0xFF,0xAC,0x00,0x00,0x72,
  0xFF,0xFF,0xFF,0xFF,0xFF,0xFF,0xFF,0xFF,0xFF,0xAC,0x00,0x22,0xFC,0xFF,0xFF,0xF0,
  0x50,0x1E,0x61,0xFF,0xFF,0xFF,0xAC,0x00,0x65,0xFF,0xFF,0xFF,0x8E,0x00,0x00,0x4C,
  0xFF,0xFF,0xFF,0xAC,0x00,0x6D,0xFF,0xFF,0xFF,0xAA,0x01,0x04,0xA1,0xFF,0xFF,0xFF,
  0xAC,0x00,0x32,0xFF,0xFF,0xFF,0xFF,0xDF,0xEA,0xFF,0xFF,0xFF,0xFF,0xB0,0x00,0x00,
  0x97,0xFF,0xFF,0xFF,0xFF,0xFF,0xF1,0xFF,0xFF,0xFF,0xCC,0x00,0x00,0x01,0x64,0xCF,
  0xFA,0xF2,0xAD,0x23,0xEC,0xFF,0xFF,0xFC,0x19,
};
const font_glyph_t glyph_1072_24 = {1072, 24, 13, 13, 13, 0, 13, font_1072_24};

const unsigned char font_1073_24[] = {
  0x00,0x00,0x00,0x00,0x00,0x00,0x00,0x00,0x6E,0xFF,0xFF,0xE9,0x00,0x00,0x00,0x00,
  0x00,0x00,0x00,0x36,0x8B,0xCD,0xFF,0xFF,0xFF,0xBD,0x00,0x00,0x00,0x00,0x00,0x14,
  0xB1,0xFF,0xFF,0xFF,0xFF,0xFF,0xFC,0x44,0x00,0x00,0x00,0x00,0x0F,0xD3,0xFF,0xFF,
  0xFF,0xFF,0xFC,0xB8,0x38,0x00,0x00,0x00,0x00,0x00,0x9C,0xFF,0xFF,0xF3,0x8A,0x45,
  0x0F,0x00,0x00,0x00,0x00,0x00,0x00,0x20,0xFD,0xFF,0xF0,0x28,0x00,0x00,0x00,0x00,
  0x00,0x00,0x00,0x00,0x00,0x78,0xFF,0xFF,0x87,0x80,0xD8,0xFC,0xF3,0xC2,0x5A,0x00,
  0x00,0x00,0x00,0xB8,0xFF,0xFF,0xF2,0xFF,0xFF,0xFF,0xFF,0xFF,0xFF,0x9B,0x00,0x00,
  0x00,0xE4,0xFF,0xFF,0xFF,0xFF,0xFF,0xFF,0xFF,0xFF,0xFF,0xFF,0x59,0x00,0x03,0xFE,
  0xFF,0xFF,0xFF,0xAD,0x1E,0x1D,0xA0,0xFF,0xFF,0xFF,0xCB,0x00,0x0F,0xFF,0xFF,0xFF,
  0xFE,0x13,0x00,0x00,0x08,0xF4,0xFF,0xFF,0xFF,0x0E,0x1E,0xFF,0xFF,0xFF,0xE3,0x00,
  0x00,0x00,0x00,0xCE,0xFF,0xFF,0xFF,0x28,0x05,0xFE,0xFF,0xFF,0xE2,0x00,0x00,0x00,
  0x00,0xCD,0xFF,0xFF,0xFF,0x27,0x00,0xD5,0xFF,0xFF,0xFD,0x12,0x00,0x00,0x06,0xF2,
  0xFF,0xFF,0xFD,0x0B,0x00,0x81,0xFF,0xFF,0xFF,0xAA,0x1F,0x1B,0x98,0xFF,0xFF,0xFF,
  0xBE,0x00,0x00,0x11,0xE8,0xFF,0xFF,0xFF,0xFF,0xFF,0xFF,0xFF,0xFF,0xFE,0x3F,0x00,
  0x00,0x00,0x36,0xEA,0xFF,0xFF,0xFF,0xFF,0xFF,0xFF,0xFC,0x69,0x00,0x00,0x00,0x00,
  0x00,0x16,0x87,0xD7,0xF9,0xFC,0xE0,0x9D,0x2E,0x00,0x00,0x00,
};
const font_glyph_t glyph_1073_24 = {1073, 24, 14, 18, 14, 0, 18, font_1073_24};

const unsigned char font_1074_24[] = {
  0x9C,0xFF,0xFF,0xFF,0xFF,0xFF,0xFA,0xDE,0xA4,0x37,0x00,0x00,0x9C,0xFF,0xFF,0xFF,
  0xFF,0xFF,0xFF,0xFF,0xFF,0xFE,0x62,0x00,0x9C,0xFF,0xFF,0xFF,0xFF,0xFF,0xFF,0xFF,
  0xFF,0xFF,0xF3,0x0A,0x9C,0xFF,0xFF,0xFF,0x59,0x08,0x29,0xEC,0xFF,0xFF,0xFF,0x31,
  0x9C,0xFF,0xFF,0xFF,0x54,0x00,0x00,0xC3,0xFF,0xFF,0xFF,0x1E,0x9C,0xFF,0xFF,0xFF,
  0xAA,0x80,0x8E,0xFB,0xFF,0xFF,0x92,0x00,0x9C,0xFF,0xFF,0xFF,0xFF,0xFF,0xFF,0xFF,
  0xFC,0x82,0x00,0x00,0x9C,0xFF,0xFF,0xFF,0xFF,0xFF,0xFF,0xFF,0xFF,0xFF,0xC3,0x1C,
  0x9C,0xFF,0xFF,0xFF,0x54,0x00,0x01,0x33,0xFF,0xFF,0xFF,0xBD,0x9C,0xFF,0xFF,0xFF,
  0x5A,0x08,0x09,0x39,0xFF,0xFF,0xFF,0xF4,0x9C,0xFF,0xFF,0xFF,0xFF,0xFF,0xFF,0xFF,
  0xFF,0xFF,0xFF,0xCF,0x9C,0xFF,0xFF,0xFF,0xFF,0xFF,0xFF,0xFF,0xFF,0xFF,0xFA,0x48,
  0x9C,0xFF,0xFF,0xFF,0xFF,0xFF,0xFF,0xF8,0xDB,0x9F,0x2E,0x00,
};
const font_glyph_t glyph_1074_24 = {1074, 24, 12, 13, 13, 1, 13, font_1074_24};

const unsigned char font_1075_24[] = {
  0xF4,0xFF,0xFF,0xFF,0xFF,0xFF,0xFF,0xFF,0xFC,0xF4,0xFF,0xFF,0xFF,0xFF,0xFF,0xFF,
  0xFF,0xFC,0xF4,0xFF,0xFF,0xFF,0xFF,0xFF,0xFF,0xFF,0xFC,0xF4,0xFF,0xFF,0xFF,0x0C,
  0x0C,0x0C,0x0C,0x0C,0xF4,0xFF,0xFF,0xFF,0x00,0x00,0x00,0x00,0x00,0xF4,0xFF,0xFF,
  0xFF,0x00,0x00,0x00,0x00,0x00,0xF4,0xFF,0xFF,0xFF,0x00,0x00,0x00,0x00,0x00,0xF4,
  0xFF,0xFF,0xFF,0x00,0x00,0x00,0x00,0x00,0xF4,0xFF,0xFF,0xFF,0x00,0x00,0x00,0x00,
  0x00,0xF4,0xFF,0xFF,0xFF,0x00,0x00,0x00,0x00,0x00,0xF4,0xFF,0xFF,0xFF,0x00,0x00,
  0x00,0x00,0x00,0xF4,0xFF,0xFF,0xFF,0x00,0x00,0x00,0x00,0x00,0xF4,0xFF,0xFF,0xFF,
  0x00,0x00,0x00,0x00,0x00,
};
const font_glyph_t glyph_1075_24 = {1075, 24, 9, 13, 10, 1, 13, font_1075_24};

const unsigned char font_1076_24[] = {
  0x00,0x00,0x00,0x92,0xFF,0xFF,0xFF,0xFF,0xFF,0xFF,0xFF,0xFF,0xFF,0x4C,0x00,0x00,
  0x00,0x00,0x00,0x96,0xFF,0xFF,0xFF,0xFF,0xFF,0xFF,0xFF,0xFF,0xFF,0x4C,0x00,0x00,
  0x00,0x00,0x00,0x9A,0xFF,0xFF,0xFF,0xFF,0xFF,0xFF,0xFF,0xFF,0xFF,0x4C,0x00,0x00,
  0x00,0x00,0x00,0x9E,0xFF,0xFF,0xFF,0x5F,0x0C,0xA8,0xFF,0xFF,0xFF,0x4C,0x00,0x00,
  0x00,0x00,0x00,0xA2,0xFF,0xFF,0xFF,0x50,0x00,0xA4,0xFF,0xFF,0xFF,0x4C,0x00,0x00,
  0x00,0x00,0x00,0xAC,0xFF,0xFF,0xFF,0x40,0x00,0xA4,0xFF,0xFF,0xFF,0x4C,0x00,0x00,
  0x00,0x00,0x00,0xC5,0xFF,0xFF,0xFF,0x21,0x00,0xA4,0xFF,0xFF,0xFF,0x4C,0x00,0x00,
  0x00,0x00,0x09,0xF4,0xFF,0xFF,0xEB,0x01,0x00,0xA4,0xFF,0xFF,0xFF,0x4C,0x00,0x00,
  0x00,0x00,0x71,0xFF,0xFF,0xFF,0x9E,0x00,0x00,0xA4,0xFF,0xFF,0xFF,0x4C,0x00,0x00,
  0x08,0x3E,0xF6,0xFF,0xFF,0xFF,0x3D,0x0C,0x0C,0xAA,0xFF,0xFF,0xFF,0x55,0x0C,0x02,
  0xB0,0xFF,0xFF,0xFF,0xFF,0xFF,0xFF,0xFF,0xFF,0xFF,0xFF,0xFF,0xFF,0xFF,0xFF,0x34,
  0xB0,0xFF,0xFF,0xFF,0xFF,0xFF,0xFF,0xFF,0xFF,0xFF,0xFF,0xFF,0xFF,0xFF,0xFF,0x34,
  0xB0,0xFF,0xFF,0xFF,0xFF,0xFF,0xFF,0xFF,0xFF,0xFF,0xFF,0xFF,0xFF,0xFF,0xFF,0x34,
  0xB0,0xFF,0xFF,0xFF,0x60,0x00,0x00,0x00,0x00,0x00,0x00,0xC0,0xFF,0xFF,0xFF,0x34,
  0xB0,0xFF,0xFF,0xFF,0x60,0x00,0x00,0x00,0x00,0x00,0x00,0xC0,0xFF,0xFF,0xFF,0x34,
  0xB0,0xFF,0xFF,0xFF,0x60,0x00,0x00,0x00,0x00,0x00,0x00,0xC0,0xFF,0xFF,0xFF,0x34,
  0xB0,0xFF,0xFF,0xFF,0x60,0x00,0x00,0x00,0x00,0x00,0x00,0xC0,0xFF,0xFF,0xFF,0x34,
  
};
const font_glyph_t glyph_1076_24 = {1076, 24, 16, 17, 15, 0, 13, font_1076_24};

const unsigned char font_1077_24[] = {
  0x00,0x00,0x00,0x2C,0xA0,0xE2,0xFC,0xF5,0xCB,0x6D,0x05,0x00,0x00,0x00,0x00,0x61,
  0xFB,0xFF,0xFF,0xFF,0xFF,0xFF,0xFF,0xC3,0x0C,0x00,0x00,0x38,0xFD,0xFF,0xFF,0xFF,
  0xFF,0xFF,0xFF,0xFF,0xFF,0x9D,0x00,0x00,0xBB,0xFF,0xFF,0xFF,0x94,0x17,0x2F,0xD6,
  0xFF,0xFF,0xFD,0x1D,0x11,0xFD,0xFF,0xFF,0xEC,0x05,0x00,0x00,0x5C,0xFF,0xFF,0xFF,
  0x65,0x3A,0xFF,0xFF,0xFF,0xE0,0x7C,0x7C,0x7C,0x9F,0xFF,0xFF,0xFF,0x8C,0x47,0xFF,
  0xFF,0xFF,0xFF,0xFF,0xFF,0xFF,0xFF,0xFF,0xFF,0xFF,0x97,0x3E,0xFF,0xFF,0xFF,0xFF,
  0xFF,0xFF,0xFF,0xFF,0xFF,0xFF,0xFF,0x98,0x15,0xFE,0xFF,0xFF,0xF5,0x15,0x00,0x00,
  0x00,0x00,0x1C,0x00,0x00,0x00,0xB9,0xFF,0xFF,0xFF,0xCB,0x3A,0x10,0x2E,0x90,0xF5,
  0x37,0x00,0x00,0x2C,0xF7,0xFF,0xFF,0xFF,0xFF,0xFF,0xFF,0xFF,0xFF,0xE9,0x13,0x00,
  0x00,0x44,0xED,0xFF,0xFF,0xFF,0xFF,0xFF,0xFF,0xFF,0x8E,0x01,0x00,0x00,0x00,0x15,
  0x82,0xD0,0xF5,0xFD,0xE5,0xA8,0x3C,0x00,0x00,
};
const font_glyph_t glyph_1077_24 = {1077, 24, 13, 13, 13, 0, 13, font_1077_24};

const unsigned char font_1078_24[] = {
  0x3C,0xFD,0xFF,0xFF,0xFF,0xA6,0x00,0x00,0x14,0xFF,0xFF,0xFF,0xDC,0x00,0x00,0x03,
  0xD3,0xFF,0xFF,0xFF,0xED,0x1A,0x00,0x88,0xFF,0xFF,0xFF,0xFF,0x37,0x00,0x14,0xFF,
  0xFF,0xFF,0xDC,0x00,0x00,0x65,0xFF,0xFF,0xFF,0xFF,0x57,0x00,0x00,0x07,0xD2,0xFF,
  0xFF,0xFF,0xC5,0x01,0x14,0xFF,0xFF,0xFF,0xDC,0x00,0x0C,0xE7,0xFF,0xFF,0xFF,0xA7,
  0x00,0x00,0x00,0x00,0x2F,0xFA,0xFF,0xFF,0xFF,0x54,0x14,0xFF,0xFF,0xFF,0xDC,0x00,
  0x81,0xFF,0xFF,0xFF,0xE5,0x13,0x00,0x00,0x00,0x00,0x00,0x79,0xFF,0xFF,0xFF,0xE7,
  0xB9,0xFF,0xFF,0xFF,0xF7,0xB0,0xF5,0xFF,0xFF,0xFF,0x48,0x00,0x00,0x00,0x00,0x00,
  0x00,0x03,0xD9,0xFF,0xFF,0xFF,0xFF,0xFF,0xFF,0xFF,0xFF,0xFF,0xFF,0xFF,0xFF,0xB3,
  0x00,0x00,0x00,0x00,0x00,0x00,0x00,0x19,0xF7,0xFF,0xFF,0xFF,0xFF,0xFF,0xFF,0xFF,
  0xFF,0xFF,0xFF,0xFF,0xFF,0xF2,0x12,0x00,0x00,0x00,0x00,0x00,0x00,0x95,0xFF,0xFF,
  0xFF,0xFF,0xFF,0xFF,0xFF,0xFF,0xFF,0xFF,0xFF,0xFF,0xFF,0xFF,0x88,0x00,0x00,0x00,
  0x00,0x00,0x1F,0xFA,0xFF,0xFF,0xFF,0x46,0x14,0xFF,0xFF,0xFF,0xDC,0x00,0x76,0xFF,
  0xFF,0xFF,0xF4,0x16,0x00,0x00,0x00,0x00,0x9C,0xFF,0xFF,0xFF,0xD3,0x01,0x14,0xFF,
  0xFF,0xFF,0xDC,0x00,0x11,0xF5,0xFF,0xFF,0xFF,0x8E,0x00,0x00,0x00,0x24,0xFC,0xFF,
  0xFF,0xFF,0x62,0x00,0x14,0xFF,0xFF,0xFF,0xDC,0x00,0x00,0x96,0xFF,0xFF,0xFF,0xF7,
  0x19,0x00,0x00,0xA3,0xFF,0xFF,0xFF,0xEA,0x08,0x00,0x14,0xFF,0xFF,0xFF,0xDC,0x00,
  0x00,0x27,0xFE,0xFF,0xFF,0xFF,0x93,0x00,0x28,0xFD,0xFF,0xFF,0xFF,0x82,0x00,0x00,
  0x14,0xFF,0xFF,0xFF,0xDC,0x00,0x00,0x00,0xB5,0xFF,0xFF,0xFF,0xF9,0x1E,
};
const font_glyph_t glyph_1078_24 = {1078, 24, 22, 13, 22, 0, 13, font_1078_24};

const unsigned char font_1079_24[] = {
  0x00,0x00,0x12,0x82,0xD3,0xF8,0xFB,0xE9,0xBE,0x6F,0x0A,0x00,0x00,0x27,0xE5,0xFF,
  0xFF,0xFF,0xFF,0xFF,0xFF,0xFF,0xD3,0x10,0x00,0xC3,0xFF,0xFF,0xFF,0xF2,0xD5,0xFC,
  0xFF,0xFF,0xFF,0x7D,0x0C,0xFF,0xFF,0xFF,0xF3,0x13,0x00,0x69,0xFF,0xFF,0xFF,0x9E,
  0x00,0x00,0x00,0x00,0x1B,0x4C,0x51,0xBB,0xFF,0xFF,0xFF,0x51,0x00,0x00,0x00,0x00,
  0x6B,0xFF,0xFF,0xFF,0xFF,0xF7,0x62,0x00,0x00,0x00,0x00,0x00,0x64,0xFF,0xFF,0xFF,
  0xFF,0xFF,0xBD,0x0D,0x00,0x00,0x00,0x00,0x00,0x00,0x08,0x7F,0xFF,0xFF,0xFF,0x8F,
  0x00,0x00,0x00,0x00,0x00,0x00,0x00,0x19,0xFF,0xFF,0xFF,0xD3,0x40,0xFF,0xFF,0xFF,
  0xD4,0x0A,0x00,0x54,0xFF,0xFF,0xFF,0xCD,0x0C,0xEF,0xFF,0xFF,0xFF,0xF0,0xD5,0xFC,
  0xFF,0xFF,0xFF,0x80,0x00,0x49,0xF4,0xFF,0xFF,0xFF,0xFF,0xFF,0xFF,0xFF,0xB5,0x07,
  0x00,0x00,0x1F,0x8D,0xD5,0xF8,0xFD,0xE7,0xB3,0x55,0x01,0x00,
};
const font_glyph_t glyph_1079_24 = {1079, 24, 12, 13, 12, 0, 13, font_1079_24};

const unsigned char font_1080_24[] = {
  0xF4,0xFF,0xFF,0xFF,0x00,0x00,0x00,0xBC,0xFF,0xFF,0xFF,0x74,0xF4,0xFF,0xFF,0xFF,
  0x00,0x00,0x33,0xFF,0xFF,0xFF,0xFF,0x74,0xF4,0xFF,0xFF,0xFF,0x00,0x00,0xAA,0xFF,
  0xFF,0xFF,0xFF,0x74,0xF4,0xFF,0xFF,0xFF,0x00,0x23,0xFD,0xFF,0xFF,0xFF,0xFF,0x74,
  0xF4,0xFF,0xFF,0xFF,0x00,0x95,0xFF,0xFF,0xFF,0xFF,0xFF,0x74,0xF4,0xFF,0xFF,0xFF,
  0x16,0xF7,0xFF,0xED,0xFF,0xFF,0xFF,0x74,0xF4,0xFF,0xFF,0xFF,0x84,0xFF,0xF2,0x90,
  0xFF,0xFF,0xFF,0x74,0xF4,0xFF,0xFF,0xFF,0xEE,0xFF,0x8D,0x80,0xFF,0xFF,0xFF,0x74,
  0xF4,0xFF,0xFF,0xFF,0xFF,0xFA,0x1B,0x80,0xFF,0xFF,0xFF,0x74,0xF4,0xFF,0xFF,0xFF,
  0xFF,0x9F,0x00,0x80,0xFF,0xFF,0xFF,0x74,0xF4,0xFF,0xFF,0xFF,0xFE,0x29,0x00,0x80,
  0xFF,0xFF,0xFF,0x74,0xF4,0xFF,0xFF,0xFF,0xB3,0x00,0x00,0x80,0xFF,0xFF,0xFF,0x74,
  0xF4,0xFF,0xFF,0xFF,0x3C,0x00,0x00,0x80,0xFF,0xFF,0xFF,0x74,
};
const font_glyph_t glyph_1080_24 = {1080, 24, 12, 13, 13, 1, 13, font_1080_24};

const unsigned char font_1081_24[] = {
  0x00,0x3F,0x80,0x80,0x1A,0x00,0x00,0x47,0x80,0x80,0x15,0x00,0x00,0x61,0xFF,0xFF,
  0x6C,0x00,0x00,0xC2,0xFF,0xFD,0x0F,0x00,0x00,0x11,0xED,0xFF,0xF8,0xA8,0xC2,0xFF,
  0xFF,0xAA,0x00,0x00,0x00,0x00,0x3E,0xEA,0xFF,0xFF,0xFF,0xFF,0xC0,0x12,0x00,0x00,
  0x00,0x00,0x00,0x0D,0x56,0x7C,0x74,0x3F,0x01,0x00,0x00,0x00,0x00,0x00,0x00,0x00,
  0x00,0x00,0x00,0x00,0x00,0x00,0x00,0x00,0xF4,0xFF,0xFF,0xFF,0x00,0x00,0x00,0xBC,
  0xFF,0xFF,0xFF,0x74,0xF4,0xFF,0xFF,0xFF,0x00,0x00,0x33,0xFF,0xFF,0xFF,0xFF,0x74,
  0xF4,0xFF,0xFF,0xFF,0x00,0x00,0xAA,0xFF,0xFF,0xFF,0xFF,0x74,0xF4,0xFF,0xFF,0xFF,
  0x00,0x23,0xFD,0xFF,0xFF,0xFF,0xFF,0x74,0xF4,0xFF,0xFF,0xFF,0x00,0x95,0xFF,0xFF,
  0xFF,0xFF,0xFF,0x74,0xF4,0xFF,0xFF,0xFF,0x16,0xF7,0xFF,0xED,0xFF,0xFF,0xFF,0x74,
  0xF4,0xFF,0xFF,0xFF,0x84,0xFF,0xF2,0x90,0xFF,0xFF,0xFF,0x74,0xF4,0xFF,0xFF,0xFF,
  0xEE,0xFF,0x8D,0x80,0xFF,0xFF,0xFF,0x74,0xF4,0xFF,0xFF,0xFF,0xFF,0xFA,0x1B,0x80,
  0xFF,0xFF,0xFF,0x74,0xF4,0xFF,0xFF,0xFF,0xFF,0x9F,0x00,0x80,0xFF,0xFF,0xFF,0x74,
  0xF4,0xFF,0xFF,0xFF,0xFE,0x29,0x00,0x80,0xFF,0xFF,0xFF,0x74,0xF4,0xFF,0xFF,0xFF,
  0xB3,0x00,0x00,0x80,0xFF,0xFF,0xFF,0x74,0xF4,0xFF,0xFF,0xFF,0x3C,0x00,0x00,0x80,
  0xFF,0xFF,0xFF,0x74,
};
const font_glyph_t glyph_1081_24 = {1081, 24, 12, 19, 13, 1, 19, font_1081_24};

const unsigned char font_1082_24[] = {
  0x9C,0xFF,0xFF,0xFF,0x54,0x00,0x00,0xC0,0xFF,0xFF,0xFF,0xFE,0x3B,0x9C,0xFF,0xFF,
  0xFF,0x54,0x00,0x38,0xFF,0xFF,0xFF,0xFF,0x92,0x00,0x9C,0xFF,0xFF,0xFF,0x54,0x00,
  0xAC,0xFF,0xFF,0xFF,0xE0,0x0C,0x00,0x9C,0xFF,0xFF,0xFF,0x54,0x26,0xFE,0xFF,0xFF,
  0xFF,0x45,0x00,0x00,0x9C,0xFF,0xFF,0xFF,0xCD,0xD3,0xFF,0xFF,0xFF,0x9F,0x00,0x00,
  0x00,0x9C,0xFF,0xFF,0xFF,0xFF,0xFF,0xFF,0xFF,0xFD,0x11,0x00,0x00,0x00,0x9C,0xFF,
  0xFF,0xFF,0xFF,0xFF,0xFF,0xFF,0xFF,0x5A,0x00,0x00,0x00,0x9C,0xFF,0xFF,0xFF,0xFF,
  0xFF,0xFF,0xFF,0xFF,0xDF,0x07,0x00,0x00,0x9C,0xFF,0xFF,0xFF,0x54,0x4D,0xFF,0xFF,
  0xFF,0xFF,0x73,0x00,0x00,0x9C,0xFF,0xFF,0xFF,0x54,0x03,0xE1,0xFF,0xFF,0xFF,0xEE,
  0x11,0x00,0x9C,0xFF,0xFF,0xFF,0x54,0x00,0x79,0xFF,0xFF,0xFF,0xFF,0x8C,0x00,0x9C,
  0xFF,0xFF,0xFF,0x54,0x00,0x16,0xF9,0xFF,0xFF,0xFF,0xF9,0x20,0x9C,0xFF,0xFF,0xFF,
  0x54,0x00,0x00,0xA6,0xFF,0xFF,0xFF,0xFF,0xA6,
};
const font_glyph_t glyph_1082_24 = {1082, 24, 13, 13, 14, 1, 13, font_1082_24};

const unsigned char font_1083_24[] = {
  0x00,0x00,0x95,0xFF,0xFF,0xFF,0xFF,0xFF,0xFF,0xFF,0xFF,0xFF,0x74,0x00,0x00,0xA0,
  0xFF,0xFF,0xFF,0xFF,0xFF,0xFF,0xFF,0xFF,0xFF,0x74,0x00,0x00,0xAB,0xFF,0xFF,0xFF,
  0xFF,0xFF,0xFF,0xFF,0xFF,0xFF,0x74,0x00,0x00,0xB5,0xFF,0xFF,0xFF,0x28,0x0C,0x86,
  0xFF,0xFF,0xFF,0x74,0x00,0x00,0xC0,0xFF,0xFF,0xFF,0x0E,0x00,0x80,0xFF,0xFF,0xFF,
  0x74,0x00,0x00,0xCB,0xFF,0xFF,0xFF,0x02,0x00,0x80,0xFF,0xFF,0xFF,0x74,0x00,0x00,
  0xDB,0xFF,0xFF,0xF2,0x00,0x00,0x80,0xFF,0xFF,0xFF,0x74,0x00,0x02,0xF6,0xFF,0xFF,
  0xE1,0x00,0x00,0x80,0xFF,0xFF,0xFF,0x74,0x00,0x30,0xFF,0xFF,0xFF,0xC0,0x00,0x00,
  0x80,0xFF,0xFF,0xFF,0x74,0x16,0xB7,0xFF,0xFF,0xFF,0x87,0x00,0x00,0x80,0xFF,0xFF,
  0xFF,0x74,0xDE,0xFF,0xFF,0xFF,0xFF,0x31,0x00,0x00,0x80,0xFF,0xFF,0xFF,0x74,0xDA,
  0xFF,0xFF,0xFF,0x9D,0x00,0x00,0x00,0x80,0xFF,0xFF,0xFF,0x74,0xD6,0xFD,0xDD,0x7A,
  0x04,0x00,0x00,0x00,0x80,0xFF,0xFF,0xFF,0x74,
};
const font_glyph_t glyph_1083_24 = {1083, 24, 13, 13, 13, 0, 13, font_1083_24};

const unsigned char font_1084_24[] = {
  0x9C,0xFF,0xFF,0xFF,0xFF,0x63,0x00,0x00,0x00,0x00,0x3C,0xFF,0xFF,0xFF,0xFF,0xE4,
  0x9C,0xFF,0xFF,0xFF,0xFF,0xB8,0x00,0x00,0x00,0x00,0x91,0xFF,0xFF,0xFF,0xFF,0xE4,
  0x9C,0xFF,0xFF,0xFF,0xFF,0xFB,0x12,0x00,0x00,0x02,0xE6,0xFF,0xFF,0xFF,0xFF,0xE4,
  0x9C,0xFF,0xFF,0xFF,0xFF,0xFF,0x63,0x00,0x00,0x3E,0xFF,0xFF,0xFF,0xFF,0xFF,0xE4,
  0x9C,0xFF,0xFF,0xFF,0xFF,0xFF,0xB8,0x00,0x00,0x94,0xFF,0xFF,0xFF,0xFF,0xFF,0xE4,
  0x9C,0xFF,0xFF,0xFF,0xFF,0xFF,0xFB,0x12,0x03,0xE8,0xFF,0xFE,0xFF,0xFF,0xFF,0xE4,
  0x9C,0xFF,0xFF,0xFF,0xE0,0xFF,0xFF,0x63,0x40,0xFF,0xFF,0xC0,0xFF,0xFF,0xFF,0xE4,
  0x9C,0xFF,0xFF,0xFF,0x86,0xFF,0xFF,0xB8,0x98,0xFF,0xFF,0x66,0xFF,0xFF,0xFF,0xE4,
  0x9C,0xFF,0xFF,0xFF,0x54,0xD7,0xFF,0xFB,0xED,0xFF,0xF2,0x19,0xFF,0xFF,0xFF,0xE4,
  0x9C,0xFF,0xFF,0xFF,0x54,0x7D,0xFF,0xFF,0xFF,0xFF,0xA1,0x10,0xFF,0xFF,0xFF,0xE4,
  0x9C,0xFF,0xFF,0xFF,0x54,0x23,0xFF,0xFF,0xFF,0xFF,0x46,0x10,0xFF,0xFF,0xFF,0xE4,
  0x9C,0xFF,0xFF,0xFF,0x54,0x00,0xC7,0xFF,0xFF,0xE8,0x03,0x10,0xFF,0xFF,0xFF,0xE4,
  0x9C,0xFF,0xFF,0xFF,0x54,0x00,0x6E,0xFF,0xFF,0x92,0x00,0x10,0xFF,0xFF,0xFF,0xE4,
  
};
const font_glyph_t glyph_1084_24 = {1084, 24, 16, 13, 18, 1, 13, font_1084_24};

const unsigned char font_1085_24[] = {
  0xF4,0xFF,0xFF,0xFF,0x00,0x00,0x00,0x8C,0xFF,0xFF,0xFF,0x68,0xF4,0xFF,0xFF,0xFF,
  0x00,0x00,0x00,0x8C,0xFF,0xFF,0xFF,0x68,0xF4,0xFF,0xFF,0xFF,0x00,0x00,0x00,0x8C,
  0xFF,0xFF,0xFF,0x68,0xF4,0xFF,0xFF,0xFF,0x00,0x00,0x00,0x8C,0xFF,0xFF,0xFF,0x68,
  0xF4,0xFF,0xFF,0xFF,0x08,0x08,0x08,0x90,0xFF,0xFF,0xFF,0x68,0xF4,0xFF,0xFF,0xFF,
  0xFF,0xFF,0xFF,0xFF,0xFF,0xFF,0xFF,0x68,0xF4,0xFF,0xFF,0xFF,0xFF,0xFF,0xFF,0xFF,
  0xFF,0xFF,0xFF,0x68,0xF4,0xFF,0xFF,0xFF,0xFF,0xFF,0xFF,0xFF,0xFF,0xFF,0xFF,0x68,
  0xF4,0xFF,0xFF,0xFF,0x00,0x00,0x00,0x8C,0xFF,0xFF,0xFF,0x68,0xF4,0xFF,0xFF,0xFF,
  0x00,0x00,0x00,0x8C,0xFF,0xFF,0xFF,0x68,0xF4,0xFF,0xFF,0xFF,0x00,0x00,0x00,0x8C,
  0xFF,0xFF,0xFF,0x68,0xF4,0xFF,0xFF,0xFF,0x00,0x00,0x00,0x8C,0xFF,0xFF,0xFF,0x68,
  0xF4,0xFF,0xFF,0xFF,0x00,0x00,0x00,0x8C,0xFF,0xFF,0xFF,0x68,
};
const font_glyph_t glyph_1085_24 = {1085, 24, 12, 13, 13, 1, 13, font_1085_24};

const unsigned char font_1086_24[] = {
  0x00,0x00,0x00,0x36,0xA7,0xE6,0xFD,0xF5,0xCA,0x72,0x08,0x00,0x00,0x00,0x00,0x76,
  0xFE,0xFF,0xFF,0xFF,0xFF,0xFF,0xFF,0xD4,0x1B,0x00,0x00,0x50,0xFF,0xFF,0xFF,0xFF,
  0xFF,0xFF,0xFF,0xFF,0xFF,0xCA,0x02,0x00,0xD6,0xFF,0xFF,0xFF,0x85,0x14,0x36,0xE1,
  0xFF,0xFF,0xFF,0x52,0x28,0xFF,0xFF,0xFF,0xDA,0x01,0x00,0x00,0x5F,0xFF,0xFF,0xFF,
  0xA3,0x53,0xFF,0xFF,0xFF,0xA1,0x00,0x00,0x00,0x25,0xFF,0xFF,0xFF,0xCF,0x5E,0xFF,
  0xFF,0xFF,0x96,0x00,0x00,0x00,0x1A,0xFF,0xFF,0xFF,0xDA,0x53,0xFF,0xFF,0xFF,0xA1,
  0x00,0x00,0x00,0x25,0xFF,0xFF,0xFF,0xCF,0x28,0xFF,0xFF,0xFF,0xD6,0x00,0x00,0x00,
  0x5B,0xFF,0xFF,0xFF,0xA4,0x00,0xD6,0xFF,0xFF,0xFF,0x81,0x16,0x35,0xDE,0xFF,0xFF,
  0xFF,0x52,0x00,0x50,0xFF,0xFF,0xFF,0xFF,0xFF,0xFF,0xFF,0xFF,0xFF,0xCA,0x02,0x00,
  0x00,0x79,0xFE,0xFF,0xFF,0xFF,0xFF,0xFF,0xFF,0xD7,0x1C,0x00,0x00,0x00,0x00,0x37,
  0xA7,0xE5,0xFD,0xF5,0xCB,0x75,0x0A,0x00,0x00,
};
const font_glyph_t glyph_1086_24 = {1086, 24, 13, 13, 13, 0, 13, font_1086_24};

const unsigned char font_1087_24[] = {
  0xF4,0xFF,0xFF,0xFF,0xFF,0xFF,0xFF,0xFF,0xFF,0xFF,0xFF,0x74,0xF4,0xFF,0xFF,0xFF,
  0xFF,0xFF,0xFF,0xFF,0xFF,0xFF,0xFF,0x74,0xF4,0xFF,0xFF,0xFF,0xFF,0xFF,0xFF,0xFF,
  0xFF,0xFF,0xFF,0x74,0xF4,0xFF,0xFF,0xFF,0x0C,0x0C,0x0C,0x8A,0xFF,0xFF,0xFF,0x74,
  0xF4,0xFF,0xFF,0xFF,0x00,0x00,0x00,0x84,0xFF,0xFF,0xFF,0x74,0xF4,0xFF,0xFF,0xFF,
  0x00,0x00,0x00,0x84,0xFF,0xFF,0xFF,0x74,0xF4,0xFF,0xFF,0xFF,0x00,0x00,0x00,0x84,
  0xFF,0xFF,0xFF,0x74,0xF4,0xFF,0xFF,0xFF,0x00,0x00,0x00,0x84,0xFF,0xFF,0xFF,0x74,
  0xF4,0xFF,0xFF,0xFF,0x00,0x00,0x00,0x84,0xFF,0xFF,0xFF,0x74,0xF4,0xFF,0xFF,0xFF,
  0x00,0x00,0x00,0x84,0xFF,0xFF,0xFF,0x74,0xF4,0xFF,0xFF,0xFF,0x00,0x00,0x00,0x84,
  0xFF,0xFF,0xFF,0x74,0xF4,0xFF,0xFF,0xFF,0x00,0x00,0x00,0x84,0xFF,0xFF,0xFF,0x74,
  0xF4,0xFF,0xFF,0xFF,0x00,0x00,0x00,0x84,0xFF,0xFF,0xFF,0x74,
};
const font_glyph_t glyph_1087_24 = {1087, 24, 12, 13, 13, 1, 13, font_1087_24};

const unsigned char font_1088_24[] = {
  0xD8,0xFF,0xFF,0xE2,0x2F,0xBD,0xF8,0xF6,0xC3,0x4A,0x00,0x00,0xD8,0xFF,0xFF,0xFD,
  0xF2,0xFF,0xFF,0xFF,0xFF,0xFF,0x67,0x00,0xD8,0xFF,0xFF,0xFF,0xFF,0xFF,0xFF,0xFF,
  0xFF,0xFF,0xF7,0x1C,0xD8,0xFF,0xFF,0xFF,0x92,0x1B,0x28,0xD3,0xFF,0xFF,0xFF,0x7C,
  0xD8,0xFF,0xFF,0xFF,0x1C,0x00,0x00,0x51,0xFF,0xFF,0xFF,0xB7,0xD8,0xFF,0xFF,0xFF,
  0x18,0x00,0x00,0x1D,0xFF,0xFF,0xFF,0xD7,0xD8,0xFF,0xFF,0xFF,0x18,0x00,0x00,0x12,
  0xFF,0xFF,0xFF,0xDF,0xD8,0xFF,0xFF,0xFF,0x18,0x00,0x00,0x1D,0xFF,0xFF,0xFF,0xD5,
  0xD8,0xFF,0xFF,0xFF,0x1D,0x00,0x00,0x50,0xFF,0xFF,0xFF,0xB2,0xD8,0xFF,0xFF,0xFF,
  0x9A,0x19,0x25,0xD3,0xFF,0xFF,0xFF,0x71,0xD8,0xFF,0xFF,0xFF,0xFF,0xFF,0xFF,0xFF,
  0xFF,0xFF,0xF1,0x13,0xD8,0xFF,0xFF,0xFF,0xF8,0xFF,0xFF,0xFF,0xFF,0xFD,0x58,0x00,
  0xD8,0xFF,0xFF,0xFF,0x43,0xB9,0xF7,0xF6,0xC0,0x42,0x00,0x00,0xD8,0xFF,0xFF,0xFF,
  0x18,0x00,0x00,0x00,0x00,0x00,0x00,0x00,0xD8,0xFF,0xFF,0xFF,0x18,0x00,0x00,0x00,
  0x00,0x00,0x00,0x00,0xD8,0xFF,0xFF,0xFF,0x18,0x00,0x00,0x00,0x00,0x00,0x00,0x00,
  0xD8,0xFF,0xFF,0xFF,0x18,0x00,0x00,0x00,0x00,0x00,0x00,0x00,0xD8,0xFF,0xFF,0xFF,
  0x18,0x00,0x00,0x00,0x00,0x00,0x00,0x00,
};
const font_glyph_t glyph_1088_24 = {1088, 24, 12, 18, 14, 1, 13, font_1088_24};

const unsigned char font_1089_24[] = {
  0x00,0x00,0x00,0x47,0xB4,0xEC,0xFE,0xEE,0xB8,0x4D,0x00,0x00,0x00,0x00,0x8F,0xFF,
  0xFF,0xFF,0xFF,0xFF,0xFF,0xFF,0x91,0x00,0x00,0x5F,0xFF,0xFF,0xFF,0xFF,0xFF,0xFF,
  0xFF,0xFF,0xFF,0x51,0x01,0xDE,0xFF,0xFF,0xFF,0x5B,0x12,0x70,0xFF,0xFF,0xFF,0xB8,
  0x2C,0xFF,0xFF,0xFF,0xC3,0x00,0x00,0x00,0xDE,0xFF,0xFF,0xE4,0x54,0xFF,0xFF,0xFF,
  0x9D,0x00,0x00,0x00,0x13,0x18,0x18,0x16,0x60,0xFF,0xFF,0xFF,0x94,0x00,0x00,0x00,
  0x00,0x00,0x00,0x00,0x54,0xFF,0xFF,0xFF,0x9D,0x00,0x00,0x00,0x00,0x00,0x00,0x00,
  0x2C,0xFF,0xFF,0xFF,0xC2,0x00,0x00,0x00,0xA5,0xC4,0xC4,0xB2,0x01,0xDE,0xFF,0xFF,
  0xFE,0x59,0x12,0x5D,0xFE,0xFF,0xFF,0xC1,0x00,0x60,0xFF,0xFF,0xFF,0xFF,0xFF,0xFF,
  0xFF,0xFF,0xFF,0x5B,0x00,0x00,0x8F,0xFF,0xFF,0xFF,0xFF,0xFF,0xFF,0xFF,0x90,0x00,
  0x00,0x00,0x00,0x45,0xB3,0xEB,0xFE,0xED,0xB6,0x48,0x00,0x00,
};
const font_glyph_t glyph_1089_24 = {1089, 24, 12, 13, 12, 0, 13, font_1089_24};

const unsigned char font_1090_24[] = {
  0xB0,0xFF,0xFF,0xFF,0xFF,0xFF,0xFF,0xFF,0xFF,0xFF,0xFF,0xFF,0x38,0xB0,0xFF,0xFF,
  0xFF,0xFF,0xFF,0xFF,0xFF,0xFF,0xFF,0xFF,0xFF,0x38,0xB0,0xFF,0xFF,0xFF,0xFF,0xFF,
  0xFF,0xFF,0xFF,0xFF,0xFF,0xFF,0x38,0x06,0x08,0x08,0x08,0xC2,0xFF,0xFF,0xFF,0x40,
  0x08,0x08,0x08,0x02,0x00,0x00,0x00,0x00,0xC0,0xFF,0xFF,0xFF,0x38,0x00,0x00,0x00,
  0x00,0x00,0x00,0x00,0x00,0xC0,0xFF,0xFF,0xFF,0x38,0x00,0x00,0x00,0x00,0x00,0x00,
  0x00,0x00,0xC0,0xFF,0xFF,0xFF,0x38,0x00,0x00,0x00,0x00,0x00,0x00,0x00,0x00,0xC0,
  0xFF,0xFF,0xFF,0x38,0x00,0x00,0x00,0x00,0x00,0x00,0x00,0x00,0xC0,0xFF,0xFF,0xFF,
  0x38,0x00,0x00,0x00,0x00,0x00,0x00,0x00,0x00,0xC0,0xFF,0xFF,0xFF,0x38,0x00,0x00,
  0x00,0x00,0x00,0x00,0x00,0x00,0xC0,0xFF,0xFF,0xFF,0x38,0x00,0x00,0x00,0x00,0x00,
  0x00,0x00,0x00,0xC0,0xFF,0xFF,0xFF,0x38,0x00,0x00,0x00,0x00,0x00,0x00,0x00,0x00,
  0xC0,0xFF,0xFF,0xFF,0x38,0x00,0x00,0x00,0x00,
};
const font_glyph_t glyph_1090_24 = {1090, 24, 13, 13, 13, 0, 13, font_1090_24};

const unsigned char font_1091_24[] = {
  0x01,0xE3,0xFF,0xFF,0xFF,0x50,0x00,0x00,0x00,0xDE,0xFF,0xFF,0xFF,0x5B,0x00,0x8D,
  0xFF,0xFF,0xFF,0x97,0x00,0x00,0x28,0xFF,0xFF,0xFF,0xF6,0x0D,0x00,0x36,0xFF,0xFF,
  0xFF,0xDE,0x00,0x00,0x71,0xFF,0xFF,0xFF,0xAA,0x00,0x00,0x01,0xDD,0xFF,0xFF,0xFF,
  0x26,0x00,0xBC,0xFF,0xFF,0xFF,0x52,0x00,0x00,0x00,0x86,0xFF,0xFF,0xFF,0x6D,0x0C,
  0xF9,0xFF,0xFF,0xF2,0x08,0x00,0x00,0x00,0x2E,0xFF,0xFF,0xFF,0xB4,0x50,0xFF,0xFF,
  0xFF,0xA2,0x00,0x00,0x00,0x00,0x00,0xD8,0xFF,0xFF,0xF5,0xA0,0xFF,0xFF,0xFF,0x48,
  0x00,0x00,0x00,0x00,0x00,0x80,0xFF,0xFF,0xFF,0xFC,0xFF,0xFF,0xEC,0x04,0x00,0x00,
  0x00,0x00,0x00,0x28,0xFF,0xFF,0xFF,0xFF,0xFF,0xFF,0x98,0x00,0x00,0x00,0x00,0x00,
  0x00,0x00,0xD1,0xFF,0xFF,0xFF,0xFF,0xFF,0x3F,0x00,0x00,0x00,0x00,0x00,0x00,0x00,
  0x78,0xFF,0xFF,0xFF,0xFF,0xE5,0x02,0x00,0x00,0x00,0x00,0x00,0x00,0x00,0x23,0xFF,
  0xFF,0xFF,0xFF,0x8E,0x00,0x00,0x00,0x00,0x00,0x00,0x00,0x00,0x00,0xD1,0xFF,0xFF,
  0xFF,0x36,0x00,0x00,0x00,0x00,0x00,0x00,0x00,0x00,0x00,0xD8,0xFF,0xFF,0xDD,0x00,
  0x00,0x00,0x00,0x00,0x00,0x00,0x06,0x18,0x76,0xFF,0xFF,0xFF,0x83,0x00,0x00,0x00,
  0x00,0x00,0x00,0x00,0x64,0xFF,0xFF,0xFF,0xFF,0xFC,0x22,0x00,0x00,0x00,0x00,0x00,
  0x00,0x00,0x64,0xFF,0xFF,0xFF,0xFF,0x87,0x00,0x00,0x00,0x00,0x00,0x00,0x00,0x00,
  0x51,0xF2,0xFD,0xDA,0x70,0x02,0x00,0x00,0x00,0x00,0x00,0x00,
};
const font_glyph_t glyph_1091_24 = {1091, 24, 14, 18, 12, -1, 13, font_1091_24};

const unsigned char font_1092_24[] = {
  0x00,0x00,0x00,0x00,0x00,0x00,0x2C,0xFF,0xFF,0xFF,0xCC,0x00,0x00,0x00,0x00,0x00,
  0x00,0x00,0x00,0x00,0x00,0x00,0x00,0x2C,0xFF,0xFF,0xFF,0xCC,0x00,0x00,0x00,0x00,
  0x00,0x00,0x00,0x00,0x00,0x00,0x00,0x00,0x2C,0xFF,0xFF,0xFF,0xCC,0x00,0x00,0x00,
  0x00,0x00,0x00,0x00,0x00,0x00,0x00,0x00,0x00,0x2C,0xFF,0xFF,0xFF,0xCC,0x00,0x00,
  0x00,0x00,0x00,0x00,0x00,0x00,0x00,0x00,0x00,0x00,0x2C,0xFF,0xFF,0xFF,0xCC,0x00,
  0x00,0x00,0x00,0x00,0x00,0x00,0x00,0x12,0x96,0xE8,0xFC,0xE0,0xFF,0xFF,0xFF,0xF4,
  0xEA,0xFB,0xD2,0x61,0x00,0x00,0x00,0x0D,0xD3,0xFF,0xFF,0xFF,0xFF,0xFF,0xFF,0xFF,
  0xFF,0xFF,0xFF,0xFF,0xFF,0x80,0x00,0x00,0x89,0xFF,0xFF,0xFF,0xFF,0xFF,0xFF,0xFF,
  0xFF,0xFF,0xFF,0xFF,0xFF,0xFF,0xFD,0x29,0x03,0xED,0xFF,0xFF,0xFF,0x69,0x3C,0xFF,
  0xFF,0xFF,0xD1,0x1A,0xBA,0xFF,0xFF,0xFF,0x8D,0x30,0xFF,0xFF,0xFF,0xD5,0x00,0x2C,
  0xFF,0xFF,0xFF,0xCC,0x00,0x38,0xFF,0xFF,0xFF,0xCF,0x52,0xFF,0xFF,0xFF,0xA4,0x00,
  0x2C,0xFF,0xFF,0xFF,0xCC,0x00,0x07,0xFF,0xFF,0xFF,0xF1,0x5F,0xFF,0xFF,0xFF,0x95,
  0x00,0x2C,0xFF,0xFF,0xFF,0xCC,0x00,0x00,0xF9,0xFF,0xFF,0xFF,0x58,0xFF,0xFF,0xFF,
  0x9D,0x00,0x2C,0xFF,0xFF,0xFF,0xCC,0x00,0x03,0xFE,0xFF,0xFF,0xF8,0x3B,0xFF,0xFF,
  0xFF,0xC7,0x00,0x2C,0xFF,0xFF,0xFF,0xCC,0x00,0x2B,0xFF,0xFF,0xFF,0xDB,0x0A,0xF6,
  0xFF,0xFF,0xFF,0x5E,0x40,0xFF,0xFF,0xFF,0xD1,0x18,0xAE,0xFF,0xFF,0xFF,0xA0,0x00,
  0x9A,0xFF,0xFF,0xFF,0xFF,0xFF,0xFF,0xFF,0xFF,0xFF,0xFF,0xFF,0xFF,0xFF,0xFF,0x3A,
  0x00,0x15,0xDF,0xFF,0xFF,0xFF,0xFF,0xFF,0xFF,0xFF,0xFF,0xFF,0xFF,0xFF,0xFF,0x8E,
  0x00,0x00,0x00,0x17,0x9E,0xEC,0xFC,0xE1,0xFF,0xFF,0xFF,0xF4,0xEC,0xFD,0xD5,0x69,
  0x01,0x00,0x00,0x00,0x00,0x00,0x00,0x00,0x2C,0xFF,0xFF,0xFF,0xCC,0x00,0x00,0x00,
  0x00,0x00,0x00,0x00,0x00,0x00,0x00,0x00,0x00,0x2C,0xFF,0xFF,0xFF,0xCC,0x00,0x00,
  0x00,0x00,0x00,0x00,0x00,0x00,0x00,0x00,0x00,0x00,0x2C,0xFF,0xFF,0xFF,0xCC,0x00,
  0x00,0x00,0x00,0x00,0x00,0x00,0x00,0x00,0x00,0x00,0x00,0x2C,0xFF,0xFF,0xFF,0xCC,
  0x00,0x00,0x00,0x00,0x00,0x00,0x00,0x00,0x00,0x00,0x00,0x00,0x2C,0xFF,0xFF,0xFF,
  0xCC,0x00,0x00,0x00,0x00,0x00,0x00,
};
const font_glyph_t glyph_1092_24 = {1092, 24, 17, 23, 18, 0, 18, font_1092_24};

const unsigned char font_1093_24[] = {
  0x68,0xFF,0xFF,0xFF,0xB8,0x00,0x00,0x2B,0xFE,0xFF,0xFF,0xE4,0x09,0x05,0xDE,0xFF,
  0xFF,0xFF,0x38,0x00,0xAE,0xFF,0xFF,0xFF,0x65,0x00,0x00,0x5D,0xFF,0xFF,0xFF,0xB8,
  0x32,0xFF,0xFF,0xFF,0xDB,0x04,0x00,0x00,0x03,0xD5,0xFF,0xFF,0xFF,0xD6,0xFF,0xFF,
  0xFF,0x59,0x00,0x00,0x00,0x00,0x50,0xFF,0xFF,0xFF,0xFF,0xFF,0xFF,0xD0,0x02,0x00,
  0x00,0x00,0x00,0x01,0xCA,0xFF,0xFF,0xFF,0xFF,0xFF,0x4B,0x00,0x00,0x00,0x00,0x00,
  0x00,0x81,0xFF,0xFF,0xFF,0xFF,0xF6,0x0B,0x00,0x00,0x00,0x00,0x00,0x0E,0xEC,0xFF,
  0xFF,0xFF,0xFF,0xFF,0x7A,0x00,0x00,0x00,0x00,0x00,0x7F,0xFF,0xFF,0xFF,0xFF,0xFF,
  0xFF,0xEF,0x10,0x00,0x00,0x00,0x14,0xF2,0xFF,0xFF,0xF7,0xA9,0xFF,0xFF,0xFF,0x86,
  0x00,0x00,0x00,0x8D,0xFF,0xFF,0xFF,0x90,0x19,0xF6,0xFF,0xFF,0xF4,0x18,0x00,0x1B,
  0xF7,0xFF,0xFF,0xF5,0x18,0x00,0x8A,0xFF,0xFF,0xFF,0x92,0x00,0x99,0xFF,0xFF,0xFF,
  0x88,0x00,0x00,0x14,0xF2,0xFF,0xFF,0xFA,0x1F,
};
const font_glyph_t glyph_1093_24 = {1093, 24, 13, 13, 12, 0, 13, font_1093_24};

const unsigned char font_1094_24[] = {
  0xF4,0xFF,0xFF,0xFF,0x00,0x00,0x00,0x84,0xFF,0xFF,0xFF,0x74,0x00,0x00,0xF4,0xFF,
  0xFF,0xFF,0x00,0x00,0x00,0x84,0xFF,0xFF,0xFF,0x74,0x00,0x00,0xF4,0xFF,0xFF,0xFF,
  0x00,0x00,0x00,0x84,0xFF,0xFF,0xFF,0x74,0x00,0x00,0xF4,0xFF,0xFF,0xFF,0x00,0x00,
  0x00,0x84,0xFF,0xFF,0xFF,0x74,0x00,0x00,0xF4,0xFF,0xFF,0xFF,0x00,0x00,0x00,0x84,
  0xFF,0xFF,0xFF,0x74,0x00,0x00,0xF4,0xFF,0xFF,0xFF,0x00,0x00,0x00,0x84,0xFF,0xFF,
  0xFF,0x74,0x00,0x00,0xF4,0xFF,0xFF,0xFF,0x00,0x00,0x00,0x84,0xFF,0xFF,0xFF,0x74,
  0x00,0x00,0xF4,0xFF,0xFF,0xFF,0x00,0x00,0x00,0x84,0xFF,0xFF,0xFF,0x74,0x00,0x00,
  0xF4,0xFF,0xFF,0xFF,0x00,0x00,0x00,0x84,0xFF,0xFF,0xFF,0x74,0x00,0x00,0xF4,0xFF,
  0xFF,0xFF,0x0C,0x0C,0x0C,0x8A,0xFF,0xFF,0xFF,0x7A,0x08,0x04,0xF4,0xFF,0xFF,0xFF,
  0xFF,0xFF,0xFF,0xFF,0xFF,0xFF,0xFF,0xFF,0xFF,0x84,0xF4,0xFF,0xFF,0xFF,0xFF,0xFF,
  0xFF,0xFF,0xFF,0xFF,0xFF,0xFF,0xFF,0x7B,0xF4,0xFF,0xFF,0xFF,0xFF,0xFF,0xFF,0xFF,
  0xFF,0xFF,0xFF,0xFF,0xFF,0x72,0x00,0x00,0x00,0x00,0x00,0x00,0x00,0x00,0x00,0x6C,
  0xFF,0xFF,0xFF,0x6A,0x00,0x00,0x00,0x00,0x00,0x00,0x00,0x00,0x00,0x6C,0xFF,0xFF,
  0xFF,0x62,0x00,0x00,0x00,0x00,0x00,0x00,0x00,0x00,0x00,0x6C,0xFF,0xFF,0xFF,0x58,
  0x00,0x00,0x00,0x00,0x00,0x00,0x00,0x00,0x00,0x6C,0xFF,0xFF,0xFF,0x50,
};
const font_glyph_t glyph_1094_24 = {1094, 24, 14, 17, 15, 1, 13, font_1094_24};

const unsigned char font_1095_24[] = {
  0x0C,0xFF,0xFF,0xFF,0xE8,0x00,0x00,0x00,0x94,0xFF,0xFF,0xFF,0x60,0x0C,0xFF,0xFF,
  0xFF,0xE8,0x00,0x00,0x00,0x94,0xFF,0xFF,0xFF,0x60,0x0C,0xFF,0xFF,0xFF,0xE8,0x00,
  0x00,0x00,0x94,0xFF,0xFF,0xFF,0x60,0x0C,0xFF,0xFF,0xFF,0xE8,0x00,0x00,0x00,0x94,
  0xFF,0xFF,0xFF,0x60,0x06,0xFF,0xFF,0xFF,0xF0,0x00,0x00,0x00,0x94,0xFF,0xFF,0xFF,
  0x60,0x00,0xE0,0xFF,0xFF,0xFF,0x6B,0x17,0x0F,0xA6,0xFF,0xFF,0xFF,0x60,0x00,0x83,
  0xFF,0xFF,0xFF,0xFF,0xFF,0xFF,0xFF,0xFF,0xFF,0xFF,0x60,0x00,0x07,0xB7,0xFF,0xFF,
  0xFF,0xFF,0xFF,0xFF,0xFF,0xFF,0xFF,0x60,0x00,0x00,0x01,0x55,0xAD,0xDF,0xF9,0xFC,
  0xF9,0xFF,0xFF,0xFF,0x60,0x00,0x00,0x00,0x00,0x00,0x00,0x00,0x00,0x94,0xFF,0xFF,
  0xFF,0x60,0x00,0x00,0x00,0x00,0x00,0x00,0x00,0x00,0x94,0xFF,0xFF,0xFF,0x60,0x00,
  0x00,0x00,0x00,0x00,0x00,0x00,0x00,0x94,0xFF,0xFF,0xFF,0x60,0x00,0x00,0x00,0x00,
  0x00,0x00,0x00,0x00,0x94,0xFF,0xFF,0xFF,0x60,
};
const font_glyph_t glyph_1095_24 = {1095, 24, 13, 13, 13, 0, 13, font_1095_24};

const unsigned char font_1096_24[] = {
  0xF4,0xFF,0xFF,0xFF,0x00,0x00,0x0C,0xFF,0xFF,0xFF,0xF0,0x00,0x00,0x1C,0xFF,0xFF,
  0xFF,0xD8,0xF4,0xFF,0xFF,0xFF,0x00,0x00,0x0C,0xFF,0xFF,0xFF,0xF0,0x00,0x00,0x1C,
  0xFF,0xFF,0xFF,0xD8,0xF4,0xFF,0xFF,0xFF,0x00,0x00,0x0C,0xFF,0xFF,0xFF,0xF0,0x00,
  0x00,0x1C,0xFF,0xFF,0xFF,0xD8,0xF4,0xFF,0xFF,0xFF,0x00,0x00,0x0C,0xFF,0xFF,0xFF,
  0xF0,0x00,0x00,0x1C,0xFF,0xFF,0xFF,0xD8,0xF4,0xFF,0xFF,0xFF,0x00,0x00,0x0C,0xFF,
  0xFF,0xFF,0xF0,0x00,0x00,0x1C,0xFF,0xFF,0xFF,0xD8,0xF4,0xFF,0xFF,0xFF,0x00,0x00,
  0x0C,0xFF,0xFF,0xFF,0xF0,0x00,0x00,0x1C,0xFF,0xFF,0xFF,0xD8,0xF4,0xFF,0xFF,0xFF,
  0x00,0x00,0x0C,0xFF,0xFF,0xFF,0xF0,0x00,0x00,0x1C,0xFF,0xFF,0xFF,0xD8,0xF4,0xFF,
  0xFF,0xFF,0x00,0x00,0x0C,0xFF,0xFF,0xFF,0xF0,0x00,0x00,0x1C,0xFF,0xFF,0xFF,0xD8,
  0xF4,0xFF,0xFF,0xFF,0x00,0x00,0x0C,0xFF,0xFF,0xFF,0xF0,0x00,0x00,0x1C,0xFF,0xFF,
  0xFF,0xD8,0xF4,0xFF,0xFF,0xFF,0x0C,0x0C,0x17,0xFF,0xFF,0xFF,0xF1,0x0C,0x0C,0x27,
  0xFF,0xFF,0xFF,0xD8,0xF4,0xFF,0xFF,0xFF,0xFF,0xFF,0xFF,0xFF,0xFF,0xFF,0xFF,0xFF,
  0xFF,0xFF,0xFF,0xFF,0xFF,0xD8,0xF4,0xFF,0xFF,0xFF,0xFF,0xFF,0xFF,0xFF,0xFF,0xFF,
  0xFF,0xFF,0xFF,0xFF,0xFF,0xFF,0xFF,0xD8,0xF4,0xFF,0xFF,0xFF,0xFF,0xFF,0xFF,0xFF,
  0xFF,0xFF,0xFF,0xFF,0xFF,0xFF,0xFF,0xFF,0xFF,0xD8,
};
const font_glyph_t glyph_1096_24 = {1096, 24, 18, 13, 20, 1, 13, font_1096_24};

const unsigned char font_1097_24[] = {
  0xF0,0xFF,0xFF,0xFF,0x00,0x00,0x04,0xFF,0xFF,0xFF,0xF0,0x00,0x00,0x18,0xFF,0xFF,
  0xFF,0xE0,0x00,0x00,0x00,0xF0,0xFF,0xFF,0xFF,0x00,0x00,0x04,0xFF,0xFF,0xFF,0xF0,
  0x00,0x00,0x18,0xFF,0xFF,0xFF,0xE0,0x00,0x00,0x00,0xF0,0xFF,0xFF,0xFF,0x00,0x00,
  0x04,0xFF,0xFF,0xFF,0xF0,0x00,0x00,0x18,0xFF,0xFF,0xFF,0xE0,0x00,0x00,0x00,0xF0,
  0xFF,0xFF,0xFF,0x00,0x00,0x04,0xFF,0xFF,0xFF,0xF0,0x00,0x00,0x18,0xFF,0xFF,0xFF,
  0xE0,0x00,0x00,0x00,0xF0,0xFF,0xFF,0xFF,0x00,0x00,0x04,0xFF,0xFF,0xFF,0xF0,0x00,
  0x00,0x18,0xFF,0xFF,0xFF,0xE0,0x00,0x00,0x00,0xF0,0xFF,0xFF,0xFF,0x00,0x00,0x04,
  0xFF,0xFF,0xFF,0xF0,0x00,0x00,0x18,0xFF,0xFF,0xFF,0xE0,0x00,0x00,0x00,0xF0,0xFF,
  0xFF,0xFF,0x00,0x00,0x04,0xFF,0xFF,0xFF,0xF0,0x00,0x00,0x18,0xFF,0xFF,0xFF,0xE0,
  0x00,0x00,0x00,0xF0,0xFF,0xFF,0xFF,0x00,0x00,0x04,0xFF,0xFF,0xFF,0xF0,0x00,0x00,
  0x18,0xFF,0xFF,0xFF,0xE0,0x00,0x00,0x00,0xF0,0xFF,0xFF,0xFF,0x00,0x00,0x04,0xFF,
  0xFF,0xFF,0xF0,0x00,0x00,0x18,0xFF,0xFF,0xFF,0xE0,0x00,0x00,0x00,0xF0,0xFF,0xFF,
  0xFF,0x0C,0x0C,0x10,0xFF,0xFF,0xFF,0xF1,0x0C,0x0C,0x23,0xFF,0xFF,0xFF,0xE2,0x08,
  0x08,0x06,0xF0,0xFF,0xFF,0xFF,0xFF,0xFF,0xFF,0xFF,0xFF,0xFF,0xFF,0xFF,0xFF,0xFF,
  0xFF,0xFF,0xFF,0xFF,0xFF,0xFF,0xC0,0xF0,0xFF,0xFF,0xFF,0xFF,0xFF,0xFF,0xFF,0xFF,
  0xFF,0xFF,0xFF,0xFF,0xFF,0xFF,0xFF,0xFF,0xFF,0xFF,0xFF,0xB7,0xF0,0xFF,0xFF,0xFF,
  0xFF,0xFF,0xFF,0xFF,0xFF,0xFF,0xFF,0xFF,0xFF,0xFF,0xFF,0xFF,0xFF,0xFF,0xFF,0xFF,
  0xAE,0x00,0x00,0x00,0x00,0x00,0x00,0x00,0x00,0x00,0x00,0x00,0x00,0x00,0x00,0x00,
  0x00,0x34,0xFF,0xFF,0xFF,0xA6,0x00,0x00,0x00,0x00,0x00,0x00,0x00,0x00,0x00,0x00,
  0x00,0x00,0x00,0x00,0x00,0x00,0x34,0xFF,0xFF,0xFF,0x9E,0x00,0x00,0x00,0x00,0x00,
  0x00,0x00,0x00,0x00,0x00,0x00,0x00,0x00,0x00,0x00,0x00,0x34,0xFF,0xFF,0xFF,0x94,
  0x00,0x00,0x00,0x00,0x00,0x00,0x00,0x00,0x00,0x00,0x00,0x00,0x00,0x00,0x00,0x00,
  0x34,0xFF,0xFF,0xFF,0x8C,
};
const font_glyph_t glyph_1097_24 = {1097, 24, 21, 17, 22, 1, 13, font_1097_24};

const unsigned char font_1098_24[] = {
  0x94,0xFF,0xFF,0xFF,0xFF,0xFF,0xFF,0xF4,0x00,0x00,0x00,0x00,0x00,0x00,0x00,0x00,
  0x94,0xFF,0xFF,0xFF,0xFF,0xFF,0xFF,0xF4,0x00,0x00,0x00,0x00,0x00,0x00,0x00,0x00,
  0x94,0xFF,0xFF,0xFF,0xFF,0xFF,0xFF,0xF4,0x00,0x00,0x00,0x00,0x00,0x00,0x00,0x00,
  0x09,0x10,0x10,0x10,0xFF,0xFF,0xFF,0xF4,0x00,0x00,0x00,0x00,0x00,0x00,0x00,0x00,
  0x00,0x00,0x00,0x00,0xFF,0xFF,0xFF,0xFF,0xFF,0xFF,0xFA,0xDF,0xA3,0x3B,0x00,0x00,
  0x00,0x00,0x00,0x00,0xFF,0xFF,0xFF,0xFF,0xFF,0xFF,0xFF,0xFF,0xFF,0xFF,0x84,0x00,
  0x00,0x00,0x00,0x00,0xFF,0xFF,0xFF,0xFF,0xFF,0xFF,0xFF,0xFF,0xFF,0xFF,0xFF,0x4F,
  0x00,0x00,0x00,0x00,0xFF,0xFF,0xFF,0xF6,0x08,0x08,0x18,0x97,0xFF,0xFF,0xFF,0xB2,
  0x00,0x00,0x00,0x00,0xFF,0xFF,0xFF,0xF4,0x00,0x00,0x00,0x25,0xFF,0xFF,0xFF,0xD0,
  0x00,0x00,0x00,0x00,0xFF,0xFF,0xFF,0xF4,0x08,0x08,0x18,0x97,0xFF,0xFF,0xFF,0xB6,
  0x00,0x00,0x00,0x00,0xFF,0xFF,0xFF,0xFF,0xFF,0xFF,0xFF,0xFF,0xFF,0xFF,0xFF,0x55,
  0x00,0x00,0x00,0x00,0xFF,0xFF,0xFF,0xFF,0xFF,0xFF,0xFF,0xFF,0xFF,0xFF,0x8B,0x00,
  0x00,0x00,0x00,0x00,0xFF,0xFF,0xFF,0xFF,0xFF,0xFF,0xFB,0xE1,0xA3,0x3B,0x00,0x00,
  
};
const font_glyph_t glyph_1098_24 = {1098, 24, 16, 13, 16, 0, 13, font_1098_24};

const unsigned char font_1099_24[] = {
  0x9C,0xFF,0xFF,0xFF,0x58,0x00,0x00,0x00,0x00,0x00,0x00,0x00,0x00,0x00,0xE8,0xFF,
  0xFF,0xFF,0x10,0x9C,0xFF,0xFF,0xFF,0x58,0x00,0x00,0x00,0x00,0x00,0x00,0x00,0x00,
  0x00,0xE8,0xFF,0xFF,0xFF,0x10,0x9C,0xFF,0xFF,0xFF,0x58,0x00,0x00,0x00,0x00,0x00,
  0x00,0x00,0x00,0x00,0xE8,0xFF,0xFF,0xFF,0x10,0x9C,0xFF,0xFF,0xFF,0x58,0x00,0x00,
  0x00,0x00,0x00,0x00,0x00,0x00,0x00,0xE8,0xFF,0xFF,0xFF,0x10,0x9C,0xFF,0xFF,0xFF,
  0xFF,0xFF,0xFE,0xED,0xC0,0x68,0x06,0x00,0x00,0x00,0xE8,0xFF,0xFF,0xFF,0x10,0x9C,
  0xFF,0xFF,0xFF,0xFF,0xFF,0xFF,0xFF,0xFF,0xFF,0xCF,0x15,0x00,0x00,0xE8,0xFF,0xFF,
  0xFF,0x10,0x9C,0xFF,0xFF,0xFF,0xFF,0xFF,0xFF,0xFF,0xFF,0xFF,0xFF,0xAF,0x00,0x00,
  0xE8,0xFF,0xFF,0xFF,0x10,0x9C,0xFF,0xFF,0xFF,0x5E,0x08,0x0B,0x4A,0xF7,0xFF,0xFF,
  0xFE,0x14,0x00,0xE8,0xFF,0xFF,0xFF,0x10,0x9C,0xFF,0xFF,0xFF,0x58,0x00,0x00,0x00,
  0xC4,0xFF,0xFF,0xFF,0x30,0x00,0xE8,0xFF,0xFF,0xFF,0x10,0x9C,0xFF,0xFF,0xFF,0x5D,
  0x08,0x0B,0x4A,0xF7,0xFF,0xFF,0xFF,0x16,0x00,0xE8,0xFF,0xFF,0xFF,0x10,0x9C,0xFF,
  0xFF,0xFF,0xFF,0xFF,0xFF,0xFF,0xFF,0xFF,0xFF,0xB6,0x00,0x00,0xE8,0xFF,0xFF,0xFF,
  0x10,0x9C,0xFF,0xFF,0xFF,0xFF,0xFF,0xFF,0xFF,0xFF,0xFF,0xD4,0x19,0x00,0x00,0xE8,
  0xFF,0xFF,0xFF,0x10,0x9C,0xFF,0xFF,0xFF,0xFF,0xFF,0xFF,0xEE,0xC0,0x6A,0x07,0x00,
  0x00,0x00,0xE8,0xFF,0xFF,0xFF,0x10,
};
const font_glyph_t glyph_1099_24 = {1099, 24, 19, 13, 20, 1, 13, font_1099_24};

const unsigned char font_1100_24[] = {
  0x9C,0xFF,0xFF,0xFF,0x58,0x00,0x00,0x00,0x00,0x00,0x00,0x00,0x00,0x9C,0xFF,0xFF,
  0xFF,0x58,0x00,0x00,0x00,0x00,0x00,0x00,0x00,0x00,0x9C,0xFF,0xFF,0xFF,0x58,0x00,
  0x00,0x00,0x00,0x00,0x00,0x00,0x00,0x9C,0xFF,0xFF,0xFF,0x58,0x00,0x00,0x00,0x00,
  0x00,0x00,0x00,0x00,0x9C,0xFF,0xFF,0xFF,0xFF,0xFF,0xFE,0xED,0xC0,0x68,0x06,0x00,
  0x00,0x9C,0xFF,0xFF,0xFF,0xFF,0xFF,0xFF,0xFF,0xFF,0xFF,0xCF,0x15,0x00,0x9C,0xFF,
  0xFF,0xFF,0xFF,0xFF,0xFF,0xFF,0xFF,0xFF,0xFF,0xAF,0x00,0x9C,0xFF,0xFF,0xFF,0x5E,
  0x08,0x0B,0x4A,0xF7,0xFF,0xFF,0xFE,0x14,0x9C,0xFF,0xFF,0xFF,0x58,0x00,0x00,0x00,
  0xC4,0xFF,0xFF,0xFF,0x30,0x9C,0xFF,0xFF,0xFF,0x5D,0x08,0x0B,0x4A,0xF7,0xFF,0xFF,
  0xFF,0x16,0x9C,0xFF,0xFF,0xFF,0xFF,0xFF,0xFF,0xFF,0xFF,0xFF,0xFF,0xB6,0x00,0x9C,
  0xFF,0xFF,0xFF,0xFF,0xFF,0xFF,0xFF,0xFF,0xFF,0xD4,0x19,0x00,0x9C,0xFF,0xFF,0xFF,
  0xFF,0xFF,0xFF,0xEE,0xC0,0x6A,0x07,0x00,0x00,
};
const font_glyph_t glyph_1100_24 = {1100, 24, 13, 13, 14, 1, 13, font_1100_24};

const unsigned char font_1101_24[] = {
  0x00,0x00,0x14,0x8B,0xDB,0xFB,0xF6,0xCF,0x7C,0x0D,0x00,0x00,0x00,0x29,0xE6,0xFF,
  0xFF,0xFF,0xFF,0xFF,0xFF,0xDC,0x21,0x00,0x03,0xD2,0xFF,0xFF,0xFF,0xFF,0xFF,0xFF,
  0xFF,0xFF,0xCF,0x04,0x40,0xFF,0xFF,0xFF,0xB5,0x1B,0x2B,0xD6,0xFF,0xFF,0xFF,0x57,
  0x70,0xFF,0xFF,0xFF,0x4B,0x00,0x00,0x58,0xFF,0xFF,0xFF,0xA5,0x00,0x00,0x00,0x00,
  0x00,0x26,0x28,0x4E,0xFF,0xFF,0xFF,0xCF,0x00,0x00,0x00,0x00,0x00,0xF0,0xFF,0xFF,
  0xFF,0xFF,0xFF,0xDA,0x00,0x00,0x00,0x00,0x00,0xF0,0xFF,0xFF,0xFF,0xFF,0xFF,0xCF,
  0x71,0xFF,0xFF,0xFF,0x4D,0x00,0x00,0x58,0xFF,0xFF,0xFF,0xA7,0x48,0xFF,0xFF,0xFF,
  0xBD,0x1A,0x2B,0xD8,0xFF,0xFF,0xFF,0x57,0x06,0xE0,0xFF,0xFF,0xFF,0xFF,0xFF,0xFF,
  0xFF,0xFF,0xD1,0x04,0x00,0x3A,0xF1,0xFF,0xFF,0xFF,0xFF,0xFF,0xFF,0xDE,0x21,0x00,
  0x00,0x00,0x1F,0x96,0xDF,0xFC,0xF8,0xD0,0x7C,0x0D,0x00,0x00,
};
const font_glyph_t glyph_1101_24 = {1101, 24, 12, 13, 12, 0, 13, font_1101_24};

const unsigned char font_1102_24[] = {
  0x8C,0xFF,0xFF,0xFF,0x6C,0x00,0x00,0x00,0x42,0xB0,0xEB,0xFD,0xF3,0xC3,0x64,0x04,
  0x00,0x00,0x8C,0xFF,0xFF,0xFF,0x6C,0x00,0x01,0x90,0xFF,0xFF,0xFF,0xFF,0xFF,0xFF,
  0xFF,0xC4,0x11,0x00,0x8C,0xFF,0xFF,0xFF,0x6C,0x00,0x6B,0xFF,0xFF,0xFF,0xFF,0xFF,
  0xFF,0xFF,0xFF,0xFF,0xB3,0x00,0x8C,0xFF,0xFF,0xFF,0x6C,0x07,0xEC,0xFF,0xFF,0xFF,
  0x6D,0x11,0x43,0xEE,0xFF,0xFF,0xFF,0x39,0x8C,0xFF,0xFF,0xFF,0x78,0x4F,0xFF,0xFF,
  0xFF,0xBF,0x00,0x00,0x00,0x7A,0xFF,0xFF,0xFF,0x88,0x8C,0xFF,0xFF,0xFF,0xFF,0xFF,
  0xFF,0xFF,0xFF,0x85,0x00,0x00,0x00,0x41,0xFF,0xFF,0xFF,0xB3,0x8C,0xFF,0xFF,0xFF,
  0xFF,0xFF,0xFF,0xFF,0xFF,0x7A,0x00,0x00,0x00,0x36,0xFF,0xFF,0xFF,0xBE,0x8C,0xFF,
  0xFF,0xFF,0xFF,0xFF,0xFF,0xFF,0xFF,0x85,0x00,0x00,0x00,0x41,0xFF,0xFF,0xFF,0xB3,
  0x8C,0xFF,0xFF,0xFF,0x6C,0x43,0xFF,0xFF,0xFF,0xBA,0x00,0x00,0x00,0x77,0xFF,0xFF,
  0xFF,0x89,0x8C,0xFF,0xFF,0xFF,0x6C,0x07,0xEC,0xFF,0xFF,0xFF,0x6B,0x14,0x40,0xEB,
  0xFF,0xFF,0xFF,0x39,0x8C,0xFF,0xFF,0xFF,0x6C,0x00,0x6B,0xFF,0xFF,0xFF,0xFF,0xFF,
  0xFF,0xFF,0xFF,0xFF,0xB3,0x00,0x8C,0xFF,0xFF,0xFF,0x6C,0x00,0x01,0x90,0xFF,0xFF,
  0xFF,0xFF,0xFF,0xFF,0xFF,0xC8,0x11,0x00,0x8C,0xFF,0xFF,0xFF,0x6C,0x00,0x00,0x00,
  0x43,0xB0,0xEB,0xFD,0xF3,0xC5,0x69,0x05,0x00,0x00,
};
const font_glyph_t glyph_1102_24 = {1102, 24, 18, 13, 19, 1, 13, font_1102_24};

const unsigned char font_1103_24[] = {
  0x00,0x00,0x07,0x6C,0xC4,0xF1,0xFF,0xFF,0xFF,0xFF,0xFF,0xFF,0x24,0x00,0x16,0xD0,
  0xFF,0xFF,0xFF,0xFF,0xFF,0xFF,0xFF,0xFF,0xFF,0x24,0x00,0xB4,0xFF,0xFF,0xFF,0xFF,
  0xFF,0xFF,0xFF,0xFF,0xFF,0xFF,0x24,0x1E,0xFF,0xFF,0xFF,0xFD,0x56,0x0A,0x08,0xCE,
  0xFF,0xFF,0xFF,0x24,0x40,0xFF,0xFF,0xFF,0xBE,0x00,0x00,0x00,0xCC,0xFF,0xFF,0xFF,
  0x24,0x28,0xFF,0xFF,0xFF,0xDF,0x07,0x00,0x00,0xCC,0xFF,0xFF,0xFF,0x24,0x00,0xC7,
  0xFF,0xFF,0xFF,0xCF,0x8A,0x88,0xE8,0xFF,0xFF,0xFF,0x24,0x00,0x21,0xDC,0xFF,0xFF,
  0xFF,0xFF,0xFF,0xFF,0xFF,0xFF,0xFF,0x24,0x00,0x00,0x1D,0xFF,0xFF,0xFF,0xFF,0xFF,
  0xFF,0xFF,0xFF,0xFF,0x24,0x00,0x00,0x8D,0xFF,0xFF,0xFF,0x62,0x00,0xCC,0xFF,0xFF,
  0xFF,0x24,0x00,0x21,0xF9,0xFF,0xFF,0xD0,0x02,0x00,0xCC,0xFF,0xFF,0xFF,0x24,0x00,
  0xA8,0xFF,0xFF,0xFF,0x46,0x00,0x00,0xCC,0xFF,0xFF,0xFF,0x24,0x37,0xFF,0xFF,0xFF,
  0xB6,0x00,0x00,0x00,0xCC,0xFF,0xFF,0xFF,0x24,
};
const font_glyph_t glyph_1103_24 = {1103, 24, 13, 13, 14, 0, 13, font_1103_24};

const font_glyph_t *font_table[] = {
  &glyph_33_8,
  &glyph_34_8,
  &glyph_35_8,
  &glyph_36_8,
  &glyph_37_8,
  &glyph_38_8,
  &glyph_39_8,
  &glyph_40_8,
  &glyph_41_8,
  &glyph_42_8,
  &glyph_43_8,
  &glyph_44_8,
  &glyph_45_8,
  &glyph_46_8,
  &glyph_47_8,
  &glyph_48_8,
  &glyph_49_8,
  &glyph_50_8,
  &glyph_51_8,
  &glyph_52_8,
  &glyph_53_8,
  &glyph_54_8,
  &glyph_55_8,
  &glyph_56_8,
  &glyph_57_8,
  &glyph_58_8,
  &glyph_59_8,
  &glyph_60_8,
  &glyph_61_8,
  &glyph_62_8,
  &glyph_63_8,
  &glyph_64_8,
  &glyph_65_8,
  &glyph_66_8,
  &glyph_67_8,
  &glyph_68_8,
  &glyph_69_8,
  &glyph_70_8,
  &glyph_71_8,
  &glyph_72_8,
  &glyph_73_8,
  &glyph_74_8,
  &glyph_75_8,
  &glyph_76_8,
  &glyph_77_8,
  &glyph_78_8,
  &glyph_79_8,
  &glyph_80_8,
  &glyph_81_8,
  &glyph_82_8,
  &glyph_83_8,
  &glyph_84_8,
  &glyph_85_8,
  &glyph_86_8,
  &glyph_87_8,
  &glyph_88_8,
  &glyph_89_8,
  &glyph_90_8,
  &glyph_91_8,
  &glyph_92_8,
  &glyph_93_8,
  &glyph_94_8,
  &glyph_95_8,
  &glyph_96_8,
  &glyph_97_8,
  &glyph_98_8,
  &glyph_99_8,
  &glyph_100_8,
  &glyph_101_8,
  &glyph_102_8,
  &glyph_103_8,
  &glyph_104_8,
  &glyph_105_8,
  &glyph_106_8,
  &glyph_107_8,
  &glyph_108_8,
  &glyph_109_8,
  &glyph_110_8,
  &glyph_111_8,
  &glyph_112_8,
  &glyph_113_8,
  &glyph_114_8,
  &glyph_115_8,
  &glyph_116_8,
  &glyph_117_8,
  &glyph_118_8,
  &glyph_119_8,
  &glyph_120_8,
  &glyph_121_8,
  &glyph_122_8,
  &glyph_123_8,
  &glyph_124_8,
  &glyph_125_8,
  &glyph_126_8,
  &glyph_1040_8,
  &glyph_1041_8,
  &glyph_1042_8,
  &glyph_1043_8,
  &glyph_1044_8,
  &glyph_1045_8,
  &glyph_1046_8,
  &glyph_1047_8,
  &glyph_1048_8,
  &glyph_1049_8,
  &glyph_1050_8,
  &glyph_1051_8,
  &glyph_1052_8,
  &glyph_1053_8,
  &glyph_1054_8,
  &glyph_1055_8,
  &glyph_1056_8,
  &glyph_1057_8,
  &glyph_1058_8,
  &glyph_1059_8,
  &glyph_1060_8,
  &glyph_1061_8,
  &glyph_1062_8,
  &glyph_1063_8,
  &glyph_1064_8,
  &glyph_1065_8,
  &glyph_1066_8,
  &glyph_1067_8,
  &glyph_1068_8,
  &glyph_1069_8,
  &glyph_1070_8,
  &glyph_1071_8,
  &glyph_1072_8,
  &glyph_1073_8,
  &glyph_1074_8,
  &glyph_1075_8,
  &glyph_1076_8,
  &glyph_1077_8,
  &glyph_1078_8,
  &glyph_1079_8,
  &glyph_1080_8,
  &glyph_1081_8,
  &glyph_1082_8,
  &glyph_1083_8,
  &glyph_1084_8,
  &glyph_1085_8,
  &glyph_1086_8,
  &glyph_1087_8,
  &glyph_1088_8,
  &glyph_1089_8,
  &glyph_1090_8,
  &glyph_1091_8,
  &glyph_1092_8,
  &glyph_1093_8,
  &glyph_1094_8,
  &glyph_1095_8,
  &glyph_1096_8,
  &glyph_1097_8,
  &glyph_1098_8,
  &glyph_1099_8,
  &glyph_1100_8,
  &glyph_1101_8,
  &glyph_1102_8,
  &glyph_1103_8,
  &glyph_33_16,
  &glyph_34_16,
  &glyph_35_16,
  &glyph_36_16,
  &glyph_37_16,
  &glyph_38_16,
  &glyph_39_16,
  &glyph_40_16,
  &glyph_41_16,
  &glyph_42_16,
  &glyph_43_16,
  &glyph_44_16,
  &glyph_45_16,
  &glyph_46_16,
  &glyph_47_16,
  &glyph_48_16,
  &glyph_49_16,
  &glyph_50_16,
  &glyph_51_16,
  &glyph_52_16,
  &glyph_53_16,
  &glyph_54_16,
  &glyph_55_16,
  &glyph_56_16,
  &glyph_57_16,
  &glyph_58_16,
  &glyph_59_16,
  &glyph_60_16,
  &glyph_61_16,
  &glyph_62_16,
  &glyph_63_16,
  &glyph_64_16,
  &glyph_65_16,
  &glyph_66_16,
  &glyph_67_16,
  &glyph_68_16,
  &glyph_69_16,
  &glyph_70_16,
  &glyph_71_16,
  &glyph_72_16,
  &glyph_73_16,
  &glyph_74_16,
  &glyph_75_16,
  &glyph_76_16,
  &glyph_77_16,
  &glyph_78_16,
  &glyph_79_16,
  &glyph_80_16,
  &glyph_81_16,
  &glyph_82_16,
  &glyph_83_16,
  &glyph_84_16,
  &glyph_85_16,
  &glyph_86_16,
  &glyph_87_16,
  &glyph_88_16,
  &glyph_89_16,
  &glyph_90_16,
  &glyph_91_16,
  &glyph_92_16,
  &glyph_93_16,
  &glyph_94_16,
  &glyph_95_16,
  &glyph_96_16,
  &glyph_97_16,
  &glyph_98_16,
  &glyph_99_16,
  &glyph_100_16,
  &glyph_101_16,
  &glyph_102_16,
  &glyph_103_16,
  &glyph_104_16,
  &glyph_105_16,
  &glyph_106_16,
  &glyph_107_16,
  &glyph_108_16,
  &glyph_109_16,
  &glyph_110_16,
  &glyph_111_16,
  &glyph_112_16,
  &glyph_113_16,
  &glyph_114_16,
  &glyph_115_16,
  &glyph_116_16,
  &glyph_117_16,
  &glyph_118_16,
  &glyph_119_16,
  &glyph_120_16,
  &glyph_121_16,
  &glyph_122_16,
  &glyph_123_16,
  &glyph_124_16,
  &glyph_125_16,
  &glyph_126_16,
  &glyph_1040_16,
  &glyph_1041_16,
  &glyph_1042_16,
  &glyph_1043_16,
  &glyph_1044_16,
  &glyph_1045_16,
  &glyph_1046_16,
  &glyph_1047_16,
  &glyph_1048_16,
  &glyph_1049_16,
  &glyph_1050_16,
  &glyph_1051_16,
  &glyph_1052_16,
  &glyph_1053_16,
  &glyph_1054_16,
  &glyph_1055_16,
  &glyph_1056_16,
  &glyph_1057_16,
  &glyph_1058_16,
  &glyph_1059_16,
  &glyph_1060_16,
  &glyph_1061_16,
  &glyph_1062_16,
  &glyph_1063_16,
  &glyph_1064_16,
  &glyph_1065_16,
  &glyph_1066_16,
  &glyph_1067_16,
  &glyph_1068_16,
  &glyph_1069_16,
  &glyph_1070_16,
  &glyph_1071_16,
  &glyph_1072_16,
  &glyph_1073_16,
  &glyph_1074_16,
  &glyph_1075_16,
  &glyph_1076_16,
  &glyph_1077_16,
  &glyph_1078_16,
  &glyph_1079_16,
  &glyph_1080_16,
  &glyph_1081_16,
  &glyph_1082_16,
  &glyph_1083_16,
  &glyph_1084_16,
  &glyph_1085_16,
  &glyph_1086_16,
  &glyph_1087_16,
  &glyph_1088_16,
  &glyph_1089_16,
  &glyph_1090_16,
  &glyph_1091_16,
  &glyph_1092_16,
  &glyph_1093_16,
  &glyph_1094_16,
  &glyph_1095_16,
  &glyph_1096_16,
  &glyph_1097_16,
  &glyph_1098_16,
  &glyph_1099_16,
  &glyph_1100_16,
  &glyph_1101_16,
  &glyph_1102_16,
  &glyph_1103_16,
  &glyph_33_24,
  &glyph_34_24,
  &glyph_35_24,
  &glyph_36_24,
  &glyph_37_24,
  &glyph_38_24,
  &glyph_39_24,
  &glyph_40_24,
  &glyph_41_24,
  &glyph_42_24,
  &glyph_43_24,
  &glyph_44_24,
  &glyph_45_24,
  &glyph_46_24,
  &glyph_47_24,
  &glyph_48_24,
  &glyph_49_24,
  &glyph_50_24,
  &glyph_51_24,
  &glyph_52_24,
  &glyph_53_24,
  &glyph_54_24,
  &glyph_55_24,
  &glyph_56_24,
  &glyph_57_24,
  &glyph_58_24,
  &glyph_59_24,
  &glyph_60_24,
  &glyph_61_24,
  &glyph_62_24,
  &glyph_63_24,
  &glyph_64_24,
  &glyph_65_24,
  &glyph_66_24,
  &glyph_67_24,
  &glyph_68_24,
  &glyph_69_24,
  &glyph_70_24,
  &glyph_71_24,
  &glyph_72_24,
  &glyph_73_24,
  &glyph_74_24,
  &glyph_75_24,
  &glyph_76_24,
  &glyph_77_24,
  &glyph_78_24,
  &glyph_79_24,
  &glyph_80_24,
  &glyph_81_24,
  &glyph_82_24,
  &glyph_83_24,
  &glyph_84_24,
  &glyph_85_24,
  &glyph_86_24,
  &glyph_87_24,
  &glyph_88_24,
  &glyph_89_24,
  &glyph_90_24,
  &glyph_91_24,
  &glyph_92_24,
  &glyph_93_24,
  &glyph_94_24,
  &glyph_95_24,
  &glyph_96_24,
  &glyph_97_24,
  &glyph_98_24,
  &glyph_99_24,
  &glyph_100_24,
  &glyph_101_24,
  &glyph_102_24,
  &glyph_103_24,
  &glyph_104_24,
  &glyph_105_24,
  &glyph_106_24,
  &glyph_107_24,
  &glyph_108_24,
  &glyph_109_24,
  &glyph_110_24,
  &glyph_111_24,
  &glyph_112_24,
  &glyph_113_24,
  &glyph_114_24,
  &glyph_115_24,
  &glyph_116_24,
  &glyph_117_24,
  &glyph_118_24,
  &glyph_119_24,
  &glyph_120_24,
  &glyph_121_24,
  &glyph_122_24,
  &glyph_123_24,
  &glyph_124_24,
  &glyph_125_24,
  &glyph_126_24,
  &glyph_1040_24,
  &glyph_1041_24,
  &glyph_1042_24,
  &glyph_1043_24,
  &glyph_1044_24,
  &glyph_1045_24,
  &glyph_1046_24,
  &glyph_1047_24,
  &glyph_1048_24,
  &glyph_1049_24,
  &glyph_1050_24,
  &glyph_1051_24,
  &glyph_1052_24,
  &glyph_1053_24,
  &glyph_1054_24,
  &glyph_1055_24,
  &glyph_1056_24,
  &glyph_1057_24,
  &glyph_1058_24,
  &glyph_1059_24,
  &glyph_1060_24,
  &glyph_1061_24,
  &glyph_1062_24,
  &glyph_1063_24,
  &glyph_1064_24,
  &glyph_1065_24,
  &glyph_1066_24,
  &glyph_1067_24,
  &glyph_1068_24,
  &glyph_1069_24,
  &glyph_1070_24,
  &glyph_1071_24,
  &glyph_1072_24,
  &glyph_1073_24,
  &glyph_1074_24,
  &glyph_1075_24,
  &glyph_1076_24,
  &glyph_1077_24,
  &glyph_1078_24,
  &glyph_1079_24,
  &glyph_1080_24,
  &glyph_1081_24,
  &glyph_1082_24,
  &glyph_1083_24,
  &glyph_1084_24,
  &glyph_1085_24,
  &glyph_1086_24,
  &glyph_1087_24,
  &glyph_1088_24,
  &glyph_1089_24,
  &glyph_1090_24,
  &glyph_1091_24,
  &glyph_1092_24,
  &glyph_1093_24,
  &glyph_1094_24,
  &glyph_1095_24,
  &glyph_1096_24,
  &glyph_1097_24,
  &glyph_1098_24,
  &glyph_1099_24,
  &glyph_1100_24,
  &glyph_1101_24,
  &glyph_1102_24,
  &glyph_1103_24,
};
