// 'А' (U+0410)
{
      0,   0,   0,   0,   0,   0,   0,   0,   0, 128, 255, 255, 255, 255, 150,   0,   0,   0,   0,   0,
      0,   0,   0,   0,   0,   0,   0,   0,   0, 206, 255, 255, 255, 255, 228,   1,   0,   0,   0,   0,
      0,   0,   0,   0,   0,   0,   0,   0,  29, 255, 255, 255, 255, 255, 255,  52,   0,   0,   0,   0,
      0,   0,   0,   0,   0,   0,   0,   0, 108, 255, 255, 247, 238, 255, 255, 131,   0,   0,   0,   0,
      0,   0,   0,   0,   0,   0,   0,   0, 187, 255, 255, 183, 168, 255, 255, 210,   0,   0,   0,   0,
      0,   0,   0,   0,   0,   0,   0,  15, 250, 255, 255, 110,  95, 255, 255, 255,  33,   0,   0,   0,
      0,   0,   0,   0,   0,   0,   0,  89, 255, 255, 255,  37,  23, 254, 255, 255, 111,   0,   0,   0,
      0,   0,   0,   0,   0,   0,   0, 168, 255, 255, 221,   0,   0, 206, 255, 255, 190,   0,   0,   0,
      0,   0,   0,   0,   0,   0,   5, 241, 255, 255, 148,   0,   0, 133, 255, 255, 251,  17,   0,   0,
      0,   0,   0,   0,   0,   0,  70, 255, 255, 255,  75,   0,   0,  60, 255, 255, 255,  91,   0,   0,
      0,   0,   0,   0,   0,   0, 148, 255, 255, 248,  10,   0,   0,   3, 239, 255, 255, 170,   0,   0,
      0,   0,   0,   0,   0,   0, 226, 255, 255, 185,   0,   0,   0,   0, 170, 255, 255, 242,   6,   0,
      0,   0,   0,   0,   0,  50, 255, 255, 255, 112,   0,   0,   0,   0,  97, 255, 255, 255,  72,   0,
      0,   0,   0,   0,   0, 129, 255, 255, 255,  39,   0,   0,   0,   0,  25, 254, 255, 255, 150,   0,
      0,   0,   0,   0,   0, 208, 255, 255, 222,   0,   0,   0,   0,   0,   0, 207, 255, 255, 228,   1,
      0,   0,   0,   0,  31, 255, 255, 255, 149,   0,   0,   0,   0,   0,   0, 134, 255, 255, 255,  52,
      0,   0,   0,   0, 110, 255, 255, 255,  76,   0,   0,   0,   0,   0,   0,  61, 255, 255, 255, 131,
      0,   0,   0,   0, 189, 255, 255, 249,  11,   0,   0,   0,   0,   0,   0,   4, 240, 255, 255, 209,
      0,   0,   0,  16, 251, 255, 255, 255, 255, 255, 255, 255, 255, 255, 255, 255, 255, 255, 255, 255,
      0,   0,   0,  91, 255, 255, 255, 255, 255, 255, 255, 255, 255, 255, 255, 255, 255, 255, 255, 255,
      0,   0,   0, 169, 255, 255, 255, 255, 255, 255, 255, 255, 255, 255, 255, 255, 255, 255, 255, 255,
      0,   0,   6, 241, 255, 255, 201,   0,   0,   0,   0,   0,   0,   0,   0,   0,   0, 190, 255, 255,
      0,   0,  71, 255, 255, 255, 134,   0,   0,   0,   0,   0,   0,   0,   0,   0,   0, 121, 255, 255,
      0,   0, 150, 255, 255, 255,  66,   0,   0,   0,   0,   0,   0,   0,   0,   0,   0,  52, 255, 255,
      0,   1, 228, 255, 255, 247,   8,   0,   0,   0,   0,   0,   0,   0,   0,   0,   0,   2, 236, 255,
      0,  52, 255, 255, 255, 187,   0,   0,   0,   0,   0,   0,   0,   0,   0,   0,   0,   0, 170, 255,
      0, 131, 255, 255, 255, 120,   0,   0,   0,   0,   0,   0,   0,   0,   0,   0,   0,   0, 101, 255,
      0, 210, 255, 255, 255,  52,   0,   0,   0,   0,   0,   0,   0,   0,   0,   0,   0,   0,  32, 255,
     32, 255, 255, 255, 238,   2,   0,   0,   0,   0,   0,   0,   0,   0,   0,   0,   0,   0,   0, 219,
      0,   0,   0,   0,   0,   0,   0,   0,   0,   0,   0,   0,   0,   0,   0,   0,   0,   0,   0,   0,
      0,   0,   0,   0,   0,   0,   0,   0,   0,   0,   0,   0,   0,   0,   0,   0,   0,   0,   0,   0,
      0,   0,   0,   0,   0,   0,   0,   0,   0,   0,   0,   0,   0,   0,   0,   0,   0,   0,   0,   0,
      0,   0,   0,   0,   0,   0,   0,   0,   0,   0,   0,   0,   0,   0,   0,   0,   0,   0,   0,   0,
      0,   0,   0,   0,   0,   0,   0,   0,   0,   0,   0,   0,   0,   0,   0,   0,   0,   0,   0,   0,
      0,   0,   0,   0,   0,   0,   0,   0,   0,   0,   0,   0,   0,   0,   0,   0,   0,   0,   0,   0,
      0,   0,   0,   0,   0,   0,   0,   0,   0,   0,   0,   0,   0,   0,   0,   0,   0,   0,   0,   0,
      0,   0,   0,   0,   0,   0,   0,   0,   0,   0,   0,   0,   0,   0,   0,   0,   0,   0,   0,   0,
      0,   0,   0,   0,   0,   0,   0,   0,   0,   0,   0,   0,   0,   0,   0,   0,   0,   0,   0,   0,
      0,   0,   0,   0,   0,   0,   0,   0,   0,   0,   0,   0,   0,   0,   0,   0,   0,   0,   0,   0,
      0,   0,   0,   0,   0,   0,   0,   0,   0,   0,   0,   0,   0,   0,   0,   0,   0,   0,   0,   0,
},

// 'Б' (U+0411)
{
    192, 255, 255, 255, 255, 255, 255, 255, 255, 255, 255, 255, 255, 255, 255, 255, 255, 220,   0,   0,
    192, 255, 255, 255, 255, 255, 255, 255, 255, 255, 255, 255, 255, 255, 255, 255, 255, 220,   0,   0,
    192, 255, 255, 255, 255, 255, 255, 255, 255, 255, 255, 255, 255, 255, 255, 255, 255, 220,   0,   0,
    192, 255, 255, 255,  52,   0,   0,   0,   0,   0,   0,   0,   0,   0,   0,   0,   0,   0,   0,   0,
    192, 255, 255, 255,  52,   0,   0,   0,   0,   0,   0,   0,   0,   0,   0,   0,   0,   0,   0,   0,
    192, 255, 255, 255,  52,   0,   0,   0,   0,   0,   0,   0,   0,   0,   0,   0,   0,   0,   0,   0,
    192, 255, 255, 255,  52,   0,   0,   0,   0,   0,   0,   0,   0,   0,   0,   0,   0,   0,   0,   0,
    192, 255, 255, 255,  52,   0,   0,   0,   0,   0,   0,   0,   0,   0,   0,   0,   0,   0,   0,   0,
    192, 255, 255, 255,  52,   0,   0,   0,   0,   0,   0,   0,   0,   0,   0,   0,   0,   0,   0,   0,
    192, 255, 255, 255,  52,   0,   0,   0,   0,   0,   0,   0,   0,   0,   0,   0,   0,   0,   0,   0,
    192, 255, 255, 255,  52,   0,   0,   0,   0,   0,   0,   0,   0,   0,   0,   0,   0,   0,   0,   0,
    192, 255, 255, 255,  52,   0,   0,   0,   0,   0,   0,   0,   0,   0,   0,   0,   0,   0,   0,   0,
    192, 255, 255, 255, 255, 255, 255, 255, 255, 242, 222, 187, 141,  78,   8,   0,   0,   0,   0,   0,
    192, 255, 255, 255, 255, 255, 255, 255, 255, 255, 255, 255, 255, 255, 240, 131,  10,   0,   0,   0,
    192, 255, 255, 255, 255, 255, 255, 255, 255, 255, 255, 255, 255, 255, 255, 255, 215,  28,   0,   0,
    192, 255, 255, 255,  52,   0,   0,   0,   0,   9,  29,  78, 167, 254, 255, 255, 255, 208,   5,   0,
    192, 255, 255, 255,  52,   0,   0,   0,   0,   0,   0,   0,   0,  68, 247, 255, 255, 255,  98,   0,
    192, 255, 255, 255,  52,   0,   0,   0,   0,   0,   0,   0,   0,   0, 117, 255, 255, 255, 190,   0,
    192, 255, 255, 255,  52,   0,   0,   0,   0,   0,   0,   0,   0,   0,  15, 253, 255, 255, 248,   2,
    192, 255, 255, 255,  52,   0,   0,   0,   0,   0,   0,   0,   0,   0,   0, 216, 255, 255, 255,  29,
    192, 255, 255, 255,  52,   0,   0,   0,   0,   0,   0,   0,   0,   0,   0, 197, 255, 255, 255,  45,
    192, 255, 255, 255,  52,   0,   0,   0,   0,   0,   0,   0,   0,   0,   0, 207, 255, 255, 255,  41,
    192, 255, 255, 255,  52,   0,   0,   0,   0,   0,   0,   0,   0,   0,   3, 242, 255, 255, 255,  18,
    192, 255, 255, 255,  52,   0,   0,   0,   0,   0,   0,   0,   0,   0,  78, 255, 255, 255, 219,   0,
    192, 255, 255, 255,  52,   0,   0,   0,   0,   0,   0,   0,   0,  31, 224, 255, 255, 255, 132,   0,
    192, 255, 255, 255,  52,   0,   0,   0,   0,   7,  23,  65, 139, 242, 255, 255, 255, 230,  14,   0,
    192, 255, 255, 255, 255, 255, 255, 255, 255, 255, 255, 255, 255, 255, 255, 255, 235,  46,   0,   0,
    192, 255, 255, 255, 255, 255, 255, 255, 255, 255, 255, 255, 255, 255, 253, 167,  26,   0,   0,   0,
    192, 255, 255, 255, 255, 255, 255, 255, 255, 248, 235, 212, 168, 113,  27,   0,   0,   0,   0,   0,
      0,   0,   0,   0,   0,   0,   0,   0,   0,   0,   0,   0,   0,   0,   0,   0,   0,   0,   0,   0,
      0,   0,   0,   0,   0,   0,   0,   0,   0,   0,   0,   0,   0,   0,   0,   0,   0,   0,   0,   0,
      0,   0,   0,   0,   0,   0,   0,   0,   0,   0,   0,   0,   0,   0,   0,   0,   0,   0,   0,   0,
      0,   0,   0,   0,   0,   0,   0,   0,   0,   0,   0,   0,   0,   0,   0,   0,   0,   0,   0,   0,
      0,   0,   0,   0,   0,   0,   0,   0,   0,   0,   0,   0,   0,   0,   0,   0,   0,   0,   0,   0,
      0,   0,   0,   0,   0,   0,   0,   0,   0,   0,   0,   0,   0,   0,   0,   0,   0,   0,   0,   0,
      0,   0,   0,   0,   0,   0,   0,   0,   0,   0,   0,   0,   0,   0,   0,   0,   0,   0,   0,   0,
      0,   0,   0,   0,   0,   0,   0,   0,   0,   0,   0,   0,   0,   0,   0,   0,   0,   0,   0,   0,
      0,   0,   0,   0,   0,   0,   0,   0,   0,   0,   0,   0,   0,   0,   0,   0,   0,   0,   0,   0,
      0,   0,   0,   0,   0,   0,   0,   0,   0,   0,   0,   0,   0,   0,   0,   0,   0,   0,   0,   0,
      0,   0,   0,   0,   0,   0,   0,   0,   0,   0,   0,   0,   0,   0,   0,   0,   0,   0,   0,   0,
},

// 'В' (U+0412)
{
    192, 255, 255, 255, 255, 255, 255, 255, 255, 246, 231, 199, 148,  68,   2,   0,   0,   0,   0,   0,
    192, 255, 255, 255, 255, 255, 255, 255, 255, 255, 255, 255, 255, 255, 214,  62,   0,   0,   0,   0,
    192, 255, 255, 255, 255, 255, 255, 255, 255, 255, 255, 255, 255, 255, 255, 252,  91,   0,   0,   0,
    192, 255, 255, 255,  52,   0,   0,   0,   0,   9,  31,  85, 190, 255, 255, 255, 250,  41,   0,   0,
    192, 255, 255, 255,  52,   0,   0,   0,   0,   0,   0,   0,   0, 159, 255, 255, 255, 168,   0,   0,
    192, 255, 255, 255,  52,   0,   0,   0,   0,   0,   0,   0,   0,  22, 254, 255, 255, 242,   4,   0,
    192, 255, 255, 255,  52,   0,   0,   0,   0,   0,   0,   0,   0,   0, 220, 255, 255, 255,  28,   0,
    192, 255, 255, 255,  52,   0,   0,   0,   0,   0,   0,   0,   0,   0, 209, 255, 255, 255,  42,   0,
    192, 255, 255, 255,  52,   0,   0,   0,   0,   0,   0,   0,   0,   0, 233, 255, 255, 255,  24,   0,
    192, 255, 255, 255,  52,   0,   0,   0,   0,   0,   0,   0,   0,  45, 255, 255, 255, 230,   0,   0,
    192, 255, 255, 255,  52,   0,   0,   0,   0,   0,   0,   0,   5, 188, 255, 255, 255, 134,   0,   0,
    192, 255, 255, 255,  52,   0,   0,   0,   0,   8,  35,  95, 208, 255, 255, 255, 211,  12,   0,   0,
    192, 255, 255, 255, 255, 255, 255, 255, 255, 255, 255, 255, 255, 255, 250, 159,  18,   0,   0,   0,
    192, 255, 255, 255, 255, 255, 255, 255, 255, 255, 255, 255, 255, 206,  77,   0,   0,   0,   0,   0,
    192, 255, 255, 255, 255, 255, 255, 255, 255, 255, 255, 255, 255, 255, 255, 203,  48,   0,   0,   0,
    192, 255, 255, 255,  52,   0,   0,   0,   0,   9,  29,  78, 167, 254, 255, 255, 245,  63,   0,   0,
    192, 255, 255, 255,  52,   0,   0,   0,   0,   0,   0,   0,   0,  68, 247, 255, 255, 233,  19,   0,
    192, 255, 255, 255,  52,   0,   0,   0,   0,   0,   0,   0,   0,   0, 117, 255, 255, 255, 132,   0,
    192, 255, 255, 255,  52,   0,   0,   0,   0,   0,   0,   0,   0,   0,  15, 253, 255, 255, 222,   0,
    192, 255, 255, 255,  52,   0,   0,   0,   0,   0,   0,   0,   0,   0,   0, 216, 255, 255, 255,  20,
    192, 255, 255, 255,  52,   0,   0,   0,   0,   0,   0,   0,   0,   0,   0, 197, 255, 255, 255,  43,
    192, 255, 255, 255,  52,   0,   0,   0,   0,   0,   0,   0,   0,   0,   0, 207, 255, 255, 255,  40,
    192, 255, 255, 255,  52,   0,   0,   0,   0,   0,   0,   0,   0,   0,   3, 242, 255, 255, 255,  17,
    192, 255, 255, 255,  52,   0,   0,   0,   0,   0,   0,   0,   0,   0,  78, 255, 255, 255, 216,   0,
    192, 255, 255, 255,  52,   0,   0,   0,   0,   0,   0,   0,   0,  31, 224, 255, 255, 255, 130,   0,
    192, 255, 255, 255,  52,   0,   0,   0,   0,   7,  23,  65, 139, 242, 255, 255, 255, 229,  13,   0,
    192, 255, 255, 255, 255, 255, 255, 255, 255, 255, 255, 255, 255, 255, 255, 255, 235,  45,   0,   0,
    192, 255, 255, 255, 255, 255, 255, 255, 255, 255, 255, 255, 255, 255, 253, 167,  26,   0,   0,   0,
    192, 255, 255, 255, 255, 255, 255, 255, 255, 248, 235, 212, 168, 113,  27,   0,   0,   0,   0,   0,
      0,   0,   0,   0,   0,   0,   0,   0,   0,   0,   0,   0,   0,   0,   0,   0,   0,   0,   0,   0,
      0,   0,   0,   0,   0,   0,   0,   0,   0,   0,   0,   0,   0,   0,   0,   0,   0,   0,   0,   0,
      0,   0,   0,   0,   0,   0,   0,   0,   0,   0,   0,   0,   0,   0,   0,   0,   0,   0,   0,   0,
      0,   0,   0,   0,   0,   0,   0,   0,   0,   0,   0,   0,   0,   0,   0,   0,   0,   0,   0,   0,
      0,   0,   0,   0,   0,   0,   0,   0,   0,   0,   0,   0,   0,   0,   0,   0,   0,   0,   0,   0,
      0,   0,   0,   0,   0,   0,   0,   0,   0,   0,   0,   0,   0,   0,   0,   0,   0,   0,   0,   0,
      0,   0,   0,   0,   0,   0,   0,   0,   0,   0,   0,   0,   0,   0,   0,   0,   0,   0,   0,   0,
      0,   0,   0,   0,   0,   0,   0,   0,   0,   0,   0,   0,   0,   0,   0,   0,   0,   0,   0,   0,
      0,   0,   0,   0,   0,   0,   0,   0,   0,   0,   0,   0,   0,   0,   0,   0,   0,   0,   0,   0,
      0,   0,   0,   0,   0,   0,   0,   0,   0,   0,   0,   0,   0,   0,   0,   0,   0,   0,   0,   0,
      0,   0,   0,   0,   0,   0,   0,   0,   0,   0,   0,   0,   0,   0,   0,   0,   0,   0,   0,   0,
},

// 'Г' (U+0413)
{
    204, 255, 255, 255, 255, 255, 255, 255, 255, 255, 255, 255, 255, 255, 255, 255, 255, 255,  64,   0,
    204, 255, 255, 255, 255, 255, 255, 255, 255, 255, 255, 255, 255, 255, 255, 255, 255, 255,  64,   0,
    204, 255, 255, 255, 255, 255, 255, 255, 255, 255, 255, 255, 255, 255, 255, 255, 255, 255,  64,   0,
    204, 255, 255, 255,  44,   0,   0,   0,   0,   0,   0,   0,   0,   0,   0,   0,   0,   0,   0,   0,
    204, 255, 255, 255,  44,   0,   0,   0,   0,   0,   0,   0,   0,   0,   0,   0,   0,   0,   0,   0,
    204, 255, 255, 255,  44,   0,   0,   0,   0,   0,   0,   0,   0,   0,   0,   0,   0,   0,   0,   0,
    204, 255, 255, 255,  44,   0,   0,   0,   0,   0,   0,   0,   0,   0,   0,   0,   0,   0,   0,   0,
    204, 255, 255, 255,  44,   0,   0,   0,   0,   0,   0,   0,   0,   0,   0,   0,   0,   0,   0,   0,
    204, 255, 255, 255,  44,   0,   0,   0,   0,   0,   0,   0,   0,   0,   0,   0,   0,   0,   0,   0,
    204, 255, 255, 255,  44,   0,   0,   0,   0,   0,   0,   0,   0,   0,   0,   0,   0,   0,   0,   0,
    204, 255, 255, 255,  44,   0,   0,   0,   0,   0,   0,   0,   0,   0,   0,   0,   0,   0,   0,   0,
    204, 255, 255, 255,  44,   0,   0,   0,   0,   0,   0,   0,   0,   0,   0,   0,   0,   0,   0,   0,
    204, 255, 255, 255,  44,   0,   0,   0,   0,   0,   0,   0,   0,   0,   0,   0,   0,   0,   0,   0,
    204, 255, 255, 255,  44,   0,   0,   0,   0,   0,   0,   0,   0,   0,   0,   0,   0,   0,   0,   0,
    204, 255, 255, 255,  44,   0,   0,   0,   0,   0,   0,   0,   0,   0,   0,   0,   0,   0,   0,   0,
    204, 255, 255, 255,  44,   0,   0,   0,   0,   0,   0,   0,   0,   0,   0,   0,   0,   0,   0,   0,
    204, 255, 255, 255,  44,   0,   0,   0,   0,   0,   0,   0,   0,   0,   0,   0,   0,   0,   0,   0,
    204, 255, 255, 255,  44,   0,   0,   0,   0,   0,   0,   0,   0,   0,   0,   0,   0,   0,   0,   0,
    204, 255, 255, 255,  44,   0,   0,   0,   0,   0,   0,   0,   0,   0,   0,   0,   0,   0,   0,   0,
    204, 255, 255, 255,  44,   0,   0,   0,   0,   0,   0,   0,   0,   0,   0,   0,   0,   0,   0,   0,
    204, 255, 255, 255,  44,   0,   0,   0,   0,   0,   0,   0,   0,   0,   0,   0,   0,   0,   0,   0,
    204, 255, 255, 255,  44,   0,   0,   0,   0,   0,   0,   0,   0,   0,   0,   0,   0,   0,   0,   0,
    204, 255, 255, 255,  44,   0,   0,   0,   0,   0,   0,   0,   0,   0,   0,   0,   0,   0,   0,   0,
    204, 255, 255, 255,  44,   0,   0,   0,   0,   0,   0,   0,   0,   0,   0,   0,   0,   0,   0,   0,
    204, 255, 255, 255,  44,   0,   0,   0,   0,   0,   0,   0,   0,   0,   0,   0,   0,   0,   0,   0,
    204, 255, 255, 255,  44,   0,   0,   0,   0,   0,   0,   0,   0,   0,   0,   0,   0,   0,   0,   0,
    204, 255, 255, 255,  44,   0,   0,   0,   0,   0,   0,   0,   0,   0,   0,   0,   0,   0,   0,   0,
    204, 255, 255, 255,  44,   0,   0,   0,   0,   0,   0,   0,   0,   0,   0,   0,   0,   0,   0,   0,
    204, 255, 255, 255,  44,   0,   0,   0,   0,   0,   0,   0,   0,   0,   0,   0,   0,   0,   0,   0,
      0,   0,   0,   0,   0,   0,   0,   0,   0,   0,   0,   0,   0,   0,   0,   0,   0,   0,   0,   0,
      0,   0,   0,   0,   0,   0,   0,   0,   0,   0,   0,   0,   0,   0,   0,   0,   0,   0,   0,   0,
      0,   0,   0,   0,   0,   0,   0,   0,   0,   0,   0,   0,   0,   0,   0,   0,   0,   0,   0,   0,
      0,   0,   0,   0,   0,   0,   0,   0,   0,   0,   0,   0,   0,   0,   0,   0,   0,   0,   0,   0,
      0,   0,   0,   0,   0,   0,   0,   0,   0,   0,   0,   0,   0,   0,   0,   0,   0,   0,   0,   0,
      0,   0,   0,   0,   0,   0,   0,   0,   0,   0,   0,   0,   0,   0,   0,   0,   0,   0,   0,   0,
      0,   0,   0,   0,   0,   0,   0,   0,   0,   0,   0,   0,   0,   0,   0,   0,   0,   0,   0,   0,
      0,   0,   0,   0,   0,   0,   0,   0,   0,   0,   0,   0,   0,   0,   0,   0,   0,   0,   0,   0,
      0,   0,   0,   0,   0,   0,   0,   0,   0,   0,   0,   0,   0,   0,   0,   0,   0,   0,   0,   0,
      0,   0,   0,   0,   0,   0,   0,   0,   0,   0,   0,   0,   0,   0,   0,   0,   0,   0,   0,   0,
      0,   0,   0,   0,   0,   0,   0,   0,   0,   0,   0,   0,   0,   0,   0,   0,   0,   0,   0,   0,
},

// 'Д' (U+0414)
{
      0,   0,   0,   0, 144, 255, 255, 255, 255, 255, 255, 255, 255, 255, 255, 255, 255, 255, 255, 255,
      0,   0,   0,   0, 144, 255, 255, 255, 255, 255, 255, 255, 255, 255, 255, 255, 255, 255, 255, 255,
      0,   0,   0,   0, 144, 255, 255, 255, 255, 255, 255, 255, 255, 255, 255, 255, 255, 255, 255, 255,
      0,   0,   0,   0, 144, 255, 255, 255, 104,   0,   0,   0,   0,   0,   0,   0,   0, 228, 255, 255,
      0,   0,   0,   0, 144, 255, 255, 255, 104,   0,   0,   0,   0,   0,   0,   0,   0, 228, 255, 255,
      0,   0,   0,   0, 144, 255, 255, 255, 104,   0,   0,   0,   0,   0,   0,   0,   0, 228, 255, 255,
      0,   0,   0,   0, 144, 255, 255, 255, 104,   0,   0,   0,   0,   0,   0,   0,   0, 228, 255, 255,
      0,   0,   0,   0, 144, 255, 255, 255, 104,   0,   0,   0,   0,   0,   0,   0,   0, 228, 255, 255,
      0,   0,   0,   0, 144, 255, 255, 255, 103,   0,   0,   0,   0,   0,   0,   0,   0, 228, 255, 255,
      0,   0,   0,   0, 146, 255, 255, 255, 101,   0,   0,   0,   0,   0,   0,   0,   0, 228, 255, 255,
      0,   0,   0,   0, 154, 255, 255, 255,  97,   0,   0,   0,   0,   0,   0,   0,   0, 228, 255, 255,
      0,   0,   0,   0, 161, 255, 255, 255,  91,   0,   0,   0,   0,   0,   0,   0,   0, 228, 255, 255,
      0,   0,   0,   0, 168, 255, 255, 255,  81,   0,   0,   0,   0,   0,   0,   0,   0, 228, 255, 255,
      0,   0,   0,   0, 176, 255, 255, 255,  70,   0,   0,   0,   0,   0,   0,   0,   0, 228, 255, 255,
      0,   0,   0,   0, 186, 255, 255, 255,  55,   0,   0,   0,   0,   0,   0,   0,   0, 228, 255, 255,
      0,   0,   0,   0, 207, 255, 255, 255,  38,   0,   0,   0,   0,   0,   0,   0,   0, 228, 255, 255,
      0,   0,   0,   0, 230, 255, 255, 255,  20,   0,   0,   0,   0,   0,   0,   0,   0, 228, 255, 255,
      0,   0,   0,   1, 250, 255, 255, 252,   2,   0,   0,   0,   0,   0,   0,   0,   0, 228, 255, 255,
      0,   0,   0,  19, 255, 255, 255, 233,   0,   0,   0,   0,   0,   0,   0,   0,   0, 228, 255, 255,
      0,   0,   0,  42, 255, 255, 255, 210,   0,   0,   0,   0,   0,   0,   0,   0,   0, 228, 255, 255,
      0,   0,   0,  73, 255, 255, 255, 185,   0,   0,   0,   0,   0,   0,   0,   0,   0, 228, 255, 255,
      0,   0,   0, 109, 255, 255, 255, 161,   0,   0,   0,   0,   0,   0,   0,   0,   0, 228, 255, 255,
      0,   0,   0, 148, 255, 255, 255, 136,   0,   0,   0,   0,   0,   0,   0,   0,   0, 228, 255, 255,
      0,   0,   0, 196, 255, 255, 255, 110,   0,   0,   0,   0,   0,   0,   0,   0,   0, 228, 255, 255,
      0,   0,   9, 247, 255, 255, 255,  80,   0,   0,   0,   0,   0,   0,   0,   0,   0, 228, 255, 255,
      0,   0, 100, 255, 255, 255, 255,  63,   0,   0,   0,   0,   0,   0,   0,   0,   0, 228, 255, 255,
     92, 255, 255, 255, 255, 255, 255, 255, 255, 255, 255, 255, 255, 255, 255, 255, 255, 255, 255, 255,
     92, 255, 255, 255, 255, 255, 255, 255, 255, 255, 255, 255, 255, 255, 255, 255, 255, 255, 255, 255,
     92, 255, 255, 255, 255, 255, 255, 255, 255, 255, 255, 255, 255, 255, 255, 255, 255, 255, 255, 255,
     92, 255, 255, 248,   0,   0,   0,   0,   0,   0,   0,   0,   0,   0,   0,   0,   0,   0,   0,   0,
     92, 255, 255, 248,   0,   0,   0,   0,   0,   0,   0,   0,   0,   0,   0,   0,   0,   0,   0,   0,
     92, 255, 255, 248,   0,   0,   0,   0,   0,   0,   0,   0,   0,   0,   0,   0,   0,   0,   0,   0,
     92, 255, 255, 248,   0,   0,   0,   0,   0,   0,   0,   0,   0,   0,   0,   0,   0,   0,   0,   0,
     92, 255, 255, 248,   0,   0,   0,   0,   0,   0,   0,   0,   0,   0,   0,   0,   0,   0,   0,   0,
     92, 255, 255, 248,   0,   0,   0,   0,   0,   0,   0,   0,   0,   0,   0,   0,   0,   0,   0,   0,
      0,   0,   0,   0,   0,   0,   0,   0,   0,   0,   0,   0,   0,   0,   0,   0,   0,   0,   0,   0,
      0,   0,   0,   0,   0,   0,   0,   0,   0,   0,   0,   0,   0,   0,   0,   0,   0,   0,   0,   0,
      0,   0,   0,   0,   0,   0,   0,   0,   0,   0,   0,   0,   0,   0,   0,   0,   0,   0,   0,   0,
      0,   0,   0,   0,   0,   0,   0,   0,   0,   0,   0,   0,   0,   0,   0,   0,   0,   0,   0,   0,
      0,   0,   0,   0,   0,   0,   0,   0,   0,   0,   0,   0,   0,   0,   0,   0,   0,   0,   0,   0,
},

// 'Е' (U+0415)
{
     40, 255, 255, 255, 255, 255, 255, 255, 255, 255, 255, 255, 255, 255, 255, 255, 255, 255,  40,   0,
     40, 255, 255, 255, 255, 255, 255, 255, 255, 255, 255, 255, 255, 255, 255, 255, 255, 255,  40,   0,
     40, 255, 255, 255, 255, 255, 255, 255, 255, 255, 255, 255, 255, 255, 255, 255, 255, 255,  40,   0,
     40, 255, 255, 255, 204,   0,   0,   0,   0,   0,   0,   0,   0,   0,   0,   0,   0,   0,   0,   0,
     40, 255, 255, 255, 204,   0,   0,   0,   0,   0,   0,   0,   0,   0,   0,   0,   0,   0,   0,   0,
     40, 255, 255, 255, 204,   0,   0,   0,   0,   0,   0,   0,   0,   0,   0,   0,   0,   0,   0,   0,
     40, 255, 255, 255, 204,   0,   0,   0,   0,   0,   0,   0,   0,   0,   0,   0,   0,   0,   0,   0,
     40, 255, 255, 255, 204,   0,   0,   0,   0,   0,   0,   0,   0,   0,   0,   0,   0,   0,   0,   0,
     40, 255, 255, 255, 204,   0,   0,   0,   0,   0,   0,   0,   0,   0,   0,   0,   0,   0,   0,   0,
     40, 255, 255, 255, 204,   0,   0,   0,   0,   0,   0,   0,   0,   0,   0,   0,   0,   0,   0,   0,
     40, 255, 255, 255, 204,   0,   0,   0,   0,   0,   0,   0,   0,   0,   0,   0,   0,   0,   0,   0,
     40, 255, 255, 255, 204,   0,   0,   0,   0,   0,   0,   0,   0,   0,   0,   0,   0,   0,   0,   0,
     40, 255, 255, 255, 255, 255, 255, 255, 255, 255, 255, 255, 255, 255, 255, 255, 255, 144,   0,   0,
     40, 255, 255, 255, 255, 255, 255, 255, 255, 255, 255, 255, 255, 255, 255, 255, 255, 144,   0,   0,
     40, 255, 255, 255, 255, 255, 255, 255, 255, 255, 255, 255, 255, 255, 255, 255, 255, 144,   0,   0,
     40, 255, 255, 255, 204,   0,   0,   0,   0,   0,   0,   0,   0,   0,   0,   0,   0,   0,   0,   0,
     40, 255, 255, 255, 204,   0,   0,   0,   0,   0,   0,   0,   0,   0,   0,   0,   0,   0,   0,   0,
     40, 255, 255, 255, 204,   0,   0,   0,   0,   0,   0,   0,   0,   0,   0,   0,   0,   0,   0,   0,
     40, 255, 255, 255, 204,   0,   0,   0,   0,   0,   0,   0,   0,   0,   0,   0,   0,   0,   0,   0,
     40, 255, 255, 255, 204,   0,   0,   0,   0,   0,   0,   0,   0,   0,   0,   0,   0,   0,   0,   0,
     40, 255, 255, 255, 204,   0,   0,   0,   0,   0,   0,   0,   0,   0,   0,   0,   0,   0,   0,   0,
     40, 255, 255, 255, 204,   0,   0,   0,   0,   0,   0,   0,   0,   0,   0,   0,   0,   0,   0,   0,
     40, 255, 255, 255, 204,   0,   0,   0,   0,   0,   0,   0,   0,   0,   0,   0,   0,   0,   0,   0,
     40, 255, 255, 255, 204,   0,   0,   0,   0,   0,   0,   0,   0,   0,   0,   0,   0,   0,   0,   0,
     40, 255, 255, 255, 204,   0,   0,   0,   0,   0,   0,   0,   0,   0,   0,   0,   0,   0,   0,   0,
     40, 255, 255, 255, 204,   0,   0,   0,   0,   0,   0,   0,   0,   0,   0,   0,   0,   0,   0,   0,
     40, 255, 255, 255, 255, 255, 255, 255, 255, 255, 255, 255, 255, 255, 255, 255, 255, 255, 136,   0,
     40, 255, 255, 255, 255, 255, 255, 255, 255, 255, 255, 255, 255, 255, 255, 255, 255, 255, 136,   0,
     40, 255, 255, 255, 255, 255, 255, 255, 255, 255, 255, 255, 255, 255, 255, 255, 255, 255, 136,   0,
      0,   0,   0,   0,   0,   0,   0,   0,   0,   0,   0,   0,   0,   0,   0,   0,   0,   0,   0,   0,
      0,   0,   0,   0,   0,   0,   0,   0,   0,   0,   0,   0,   0,   0,   0,   0,   0,   0,   0,   0,
      0,   0,   0,   0,   0,   0,   0,   0,   0,   0,   0,   0,   0,   0,   0,   0,   0,   0,   0,   0,
      0,   0,   0,   0,   0,   0,   0,   0,   0,   0,   0,   0,   0,   0,   0,   0,   0,   0,   0,   0,
      0,   0,   0,   0,   0,   0,   0,   0,   0,   0,   0,   0,   0,   0,   0,   0,   0,   0,   0,   0,
      0,   0,   0,   0,   0,   0,   0,   0,   0,   0,   0,   0,   0,   0,   0,   0,   0,   0,   0,   0,
      0,   0,   0,   0,   0,   0,   0,   0,   0,   0,   0,   0,   0,   0,   0,   0,   0,   0,   0,   0,
      0,   0,   0,   0,   0,   0,   0,   0,   0,   0,   0,   0,   0,   0,   0,   0,   0,   0,   0,   0,
      0,   0,   0,   0,   0,   0,   0,   0,   0,   0,   0,   0,   0,   0,   0,   0,   0,   0,   0,   0,
      0,   0,   0,   0,   0,   0,   0,   0,   0,   0,   0,   0,   0,   0,   0,   0,   0,   0,   0,   0,
      0,   0,   0,   0,   0,   0,   0,   0,   0,   0,   0,   0,   0,   0,   0,   0,   0,   0,   0,   0,
},

// 'Ё' (U+0401)
{
      0,   0,   0,   0, 172, 255, 255, 255,  76,   0,   0,   4, 255, 255, 255, 236,   0,   0,   0,   0,
      0,   0,   0,   0, 172, 255, 255, 255,  76,   0,   0,   4, 255, 255, 255, 236,   0,   0,   0,   0,
      0,   0,   0,   0, 172, 255, 255, 255,  76,   0,   0,   4, 255, 255, 255, 236,   0,   0,   0,   0,
      0,   0,   0,   0, 172, 255, 255, 255,  76,   0,   0,   4, 255, 255, 255, 236,   0,   0,   0,   0,
      0,   0,   0,   0,   0,   0,   0,   0,   0,   0,   0,   0,   0,   0,   0,   0,   0,   0,   0,   0,
      0,   0,   0,   0,   0,   0,   0,   0,   0,   0,   0,   0,   0,   0,   0,   0,   0,   0,   0,   0,
      0,   0,   0,   0,   0,   0,   0,   0,   0,   0,   0,   0,   0,   0,   0,   0,   0,   0,   0,   0,
     40, 255, 255, 255, 255, 255, 255, 255, 255, 255, 255, 255, 255, 255, 255, 255, 255, 255,  40,   0,
     40, 255, 255, 255, 255, 255, 255, 255, 255, 255, 255, 255, 255, 255, 255, 255, 255, 255,  40,   0,
     40, 255, 255, 255, 255, 255, 255, 255, 255, 255, 255, 255, 255, 255, 255, 255, 255, 255,  40,   0,
     40, 255, 255, 255, 204,   0,   0,   0,   0,   0,   0,   0,   0,   0,   0,   0,   0,   0,   0,   0,
     40, 255, 255, 255, 204,   0,   0,   0,   0,   0,   0,   0,   0,   0,   0,   0,   0,   0,   0,   0,
     40, 255, 255, 255, 204,   0,   0,   0,   0,   0,   0,   0,   0,   0,   0,   0,   0,   0,   0,   0,
     40, 255, 255, 255, 204,   0,   0,   0,   0,   0,   0,   0,   0,   0,   0,   0,   0,   0,   0,   0,
     40, 255, 255, 255, 204,   0,   0,   0,   0,   0,   0,   0,   0,   0,   0,   0,   0,   0,   0,   0,
     40, 255, 255, 255, 204,   0,   0,   0,   0,   0,   0,   0,   0,   0,   0,   0,   0,   0,   0,   0,
     40, 255, 255, 255, 204,   0,   0,   0,   0,   0,   0,   0,   0,   0,   0,   0,   0,   0,   0,   0,
     40, 255, 255, 255, 204,   0,   0,   0,   0,   0,   0,   0,   0,   0,   0,   0,   0,   0,   0,   0,
     40, 255, 255, 255, 204,   0,   0,   0,   0,   0,   0,   0,   0,   0,   0,   0,   0,   0,   0,   0,
     40, 255, 255, 255, 255, 255, 255, 255, 255, 255, 255, 255, 255, 255, 255, 255, 255, 144,   0,   0,
     40, 255, 255, 255, 255, 255, 255, 255, 255, 255, 255, 255, 255, 255, 255, 255, 255, 144,   0,   0,
     40, 255, 255, 255, 255, 255, 255, 255, 255, 255, 255, 255, 255, 255, 255, 255, 255, 144,   0,   0,
     40, 255, 255, 255, 204,   0,   0,   0,   0,   0,   0,   0,   0,   0,   0,   0,   0,   0,   0,   0,
     40, 255, 255, 255, 204,   0,   0,   0,   0,   0,   0,   0,   0,   0,   0,   0,   0,   0,   0,   0,
     40, 255, 255, 255, 204,   0,   0,   0,   0,   0,   0,   0,   0,   0,   0,   0,   0,   0,   0,   0,
     40, 255, 255, 255, 204,   0,   0,   0,   0,   0,   0,   0,   0,   0,   0,   0,   0,   0,   0,   0,
     40, 255, 255, 255, 204,   0,   0,   0,   0,   0,   0,   0,   0,   0,   0,   0,   0,   0,   0,   0,
     40, 255, 255, 255, 204,   0,   0,   0,   0,   0,   0,   0,   0,   0,   0,   0,   0,   0,   0,   0,
     40, 255, 255, 255, 204,   0,   0,   0,   0,   0,   0,   0,   0,   0,   0,   0,   0,   0,   0,   0,
     40, 255, 255, 255, 204,   0,   0,   0,   0,   0,   0,   0,   0,   0,   0,   0,   0,   0,   0,   0,
     40, 255, 255, 255, 204,   0,   0,   0,   0,   0,   0,   0,   0,   0,   0,   0,   0,   0,   0,   0,
     40, 255, 255, 255, 204,   0,   0,   0,   0,   0,   0,   0,   0,   0,   0,   0,   0,   0,   0,   0,
     40, 255, 255, 255, 204,   0,   0,   0,   0,   0,   0,   0,   0,   0,   0,   0,   0,   0,   0,   0,
     40, 255, 255, 255, 255, 255, 255, 255, 255, 255, 255, 255, 255, 255, 255, 255, 255, 255, 136,   0,
     40, 255, 255, 255, 255, 255, 255, 255, 255, 255, 255, 255, 255, 255, 255, 255, 255, 255, 136,   0,
     40, 255, 255, 255, 255, 255, 255, 255, 255, 255, 255, 255, 255, 255, 255, 255, 255, 255, 136,   0,
      0,   0,   0,   0,   0,   0,   0,   0,   0,   0,   0,   0,   0,   0,   0,   0,   0,   0,   0,   0,
      0,   0,   0,   0,   0,   0,   0,   0,   0,   0,   0,   0,   0,   0,   0,   0,   0,   0,   0,   0,
      0,   0,   0,   0,   0,   0,   0,   0,   0,   0,   0,   0,   0,   0,   0,   0,   0,   0,   0,   0,
      0,   0,   0,   0,   0,   0,   0,   0,   0,   0,   0,   0,   0,   0,   0,   0,   0,   0,   0,   0,
},

// 'Ж' (U+0416)
{
     38, 253, 255, 255, 226,   5,   0,   0,   0,   0, 200, 255, 255, 224,   0,   0,   0,   0,   0, 208,
      0, 168, 255, 255, 255,  99,   0,   0,   0,   0, 200, 255, 255, 224,   0,   0,   0,   0,  76, 255,
      0,  46, 254, 255, 255, 218,   2,   0,   0,   0, 200, 255, 255, 224,   0,   0,   0,   0, 199, 255,
      0,   0, 178, 255, 255, 255,  87,   0,   0,   0, 200, 255, 255, 224,   0,   0,   0,  66, 255, 255,
      0,   0,  55, 255, 255, 255, 209,   0,   0,   0, 200, 255, 255, 224,   0,   0,   0, 189, 255, 255,
      0,   0,   0, 188, 255, 255, 255,  76,   0,   0, 200, 255, 255, 224,   0,   0,  55, 255, 255, 255,
      0,   0,   0,  65, 255, 255, 255, 198,   0,   0, 200, 255, 255, 224,   0,   0, 178, 255, 255, 255,
      0,   0,   0,   0, 199, 255, 255, 255,  65,   0, 200, 255, 255, 224,   0,  46, 254, 255, 255, 218,
      0,   0,   0,   0,  76, 255, 255, 255, 187,   0, 200, 255, 255, 224,   0, 168, 255, 255, 255,  98,
      0,   0,   0,   0,   0, 208, 255, 255, 255,  54, 200, 255, 255, 224,  37, 253, 255, 255, 226,   5,
      0,   0,   0,   0,   0,  86, 255, 255, 255, 176, 200, 255, 255, 224, 158, 255, 255, 255, 109,   0,
      0,   0,   0,   0,   0,   2, 226, 255, 255, 254, 234, 255, 255, 242, 250, 255, 255, 243,   9,   0,
      0,   0,   0,   0,   0,  17, 250, 255, 255, 255, 255, 255, 255, 255, 255, 255, 255, 255,  35,   0,
      0,   0,   0,   0,   0, 100, 255, 255, 255, 255, 255, 255, 255, 255, 255, 255, 255, 255, 123,   0,
      0,   0,   0,   0,   0, 187, 255, 255, 255, 255, 255, 255, 255, 255, 255, 255, 255, 255, 210,   0,
      0,   0,   0,   0,  22, 252, 255, 255, 255, 255, 255, 255, 255, 255, 255, 255, 255, 255, 255,  42,
      0,   0,   0,   0, 107, 255, 255, 255, 204, 255, 255, 255, 255, 255, 255, 214, 255, 255, 255, 130,
      0,   0,   0,   0, 195, 255, 255, 252,  31, 232, 255, 255, 255, 255, 248,  36, 245, 255, 255, 217,
      0,   0,   0,  28, 254, 255, 255, 186,   0, 120, 255, 255, 255, 255, 150,   0, 169, 255, 255, 255,
      0,   0,   0, 114, 255, 255, 255,  99,   0,  14, 239, 255, 255, 251,  32,   0,  81, 255, 255, 255,
      0,   0,   0, 202, 255, 255, 250,  17,   0,   0, 200, 255, 255, 224,   0,   0,   7, 241, 255, 255,
      0,   0,  34, 255, 255, 255, 180,   0,   0,   0, 200, 255, 255, 224,   0,   0,   0, 161, 255, 255,
      0,   0, 122, 255, 255, 255,  92,   0,   0,   0, 200, 255, 255, 224,   0,   0,   0,  73, 255, 255,
      0,   0, 210, 255, 255, 247,  13,   0,   0,   0, 200, 255, 255, 224,   0,   0,   0,   4, 236, 255,
      0,  41, 255, 255, 255, 173,   0,   0,   0,   0, 200, 255, 255, 224,   0,   0,   0,   0, 153, 255,
      0, 129, 255, 255, 255,  86,   0,   0,   0,   0, 200, 255, 255, 224,   0,   0,   0,   0,  65, 255,
      0, 216, 255, 255, 244,  10,   0,   0,   0,   0, 200, 255, 255, 224,   0,   0,   0,   0,   2, 230,
     49, 255, 255, 255, 167,   0,   0,   0,   0,   0, 200, 255, 255, 224,   0,   0,   0,   0,   0, 145,
    136, 255, 255, 255,  79,   0,   0,   0,   0,   0, 200, 255, 255, 224,   0,   0,   0,   0,   0,  56,
      0,   0,   0,   0,   0,   0,   0,   0,   0,   0,   0,   0,   0,   0,   0,   0,   0,   0,   0,   0,
      0,   0,   0,   0,   0,   0,   0,   0,   0,   0,   0,   0,   0,   0,   0,   0,   0,   0,   0,   0,
      0,   0,   0,   0,   0,   0,   0,   0,   0,   0,   0,   0,   0,   0,   0,   0,   0,   0,   0,   0,
      0,   0,   0,   0,   0,   0,   0,   0,   0,   0,   0,   0,   0,   0,   0,   0,   0,   0,   0,   0,
      0,   0,   0,   0,   0,   0,   0,   0,   0,   0,   0,   0,   0,   0,   0,   0,   0,   0,   0,   0,
      0,   0,   0,   0,   0,   0,   0,   0,   0,   0,   0,   0,   0,   0,   0,   0,   0,   0,   0,   0,
      0,   0,   0,   0,   0,   0,   0,   0,   0,   0,   0,   0,   0,   0,   0,   0,   0,   0,   0,   0,
      0,   0,   0,   0,   0,   0,   0,   0,   0,   0,   0,   0,   0,   0,   0,   0,   0,   0,   0,   0,
      0,   0,   0,   0,   0,   0,   0,   0,   0,   0,   0,   0,   0,   0,   0,   0,   0,   0,   0,   0,
      0,   0,   0,   0,   0,   0,   0,   0,   0,   0,   0,   0,   0,   0,   0,   0,   0,   0,   0,   0,
      0,   0,   0,   0,   0,   0,   0,   0,   0,   0,   0,   0,   0,   0,   0,   0,   0,   0,   0,   0,
},

// 'З' (U+0417)
{
      0,   4,  46,  96, 140, 180, 212, 237, 250, 247, 229, 194, 135,  45,   0,   0,   0,   0,   0,   0,
      0, 112, 255, 255, 255, 255, 255, 255, 255, 255, 255, 255, 255, 255, 179,  26,   0,   0,   0,   0,
      0, 112, 255, 255, 255, 255, 255, 255, 255, 255, 255, 255, 255, 255, 255, 236,  47,   0,   0,   0,
      0, 112, 255, 255, 208, 128,  72,  29,  10,   8,  36, 104, 220, 255, 255, 255, 232,  20,   0,   0,
      0, 101, 150,  40,   0,   0,   0,   0,   0,   0,   0,   0,  12, 193, 255, 255, 255, 151,   0,   0,
      0,   0,   0,   0,   0,   0,   0,   0,   0,   0,   0,   0,   0,  28, 248, 255, 255, 243,   7,   0,
      0,   0,   0,   0,   0,   0,   0,   0,   0,   0,   0,   0,   0,   0, 183, 255, 255, 255,  60,   0,
      0,   0,   0,   0,   0,   0,   0,   0,   0,   0,   0,   0,   0,   0, 144, 255, 255, 255,  87,   0,
      0,   0,   0,   0,   0,   0,   0,   0,   0,   0,   0,   0,   0,   0, 141, 255, 255, 255,  90,   0,
      0,   0,   0,   0,   0,   0,   0,   0,   0,   0,   0,   0,   0,   0, 182, 255, 255, 255,  59,   0,
      0,   0,   0,   0,   0,   0,   0,   0,   0,   0,   0,   0,   0,  32, 248, 255, 255, 237,   7,   0,
      0,   0,   0,   0,   0,   0,   0,   0,   0,   0,   0,   0,  20, 204, 255, 255, 255, 121,   0,   0,
      0,   0,   0,   0,   0,   0,   0,   0,   0,  11,  47, 121, 233, 255, 255, 255, 176,   4,   0,   0,
      0,   0,   0,   0,   0,  72, 255, 255, 255, 255, 255, 255, 255, 255, 241, 122,   3,   0,   0,   0,
      0,   0,   0,   0,   0,  72, 255, 255, 255, 255, 255, 255, 255, 196,  37,   0,   0,   0,   0,   0,
      0,   0,   0,   0,   0,  72, 255, 255, 255, 255, 255, 255, 255, 255, 248, 148,  14,   0,   0,   0,
      0,   0,   0,   0,   0,   0,   0,   0,   0,  13,  45, 110, 217, 255, 255, 255, 219,  28,   0,   0,
      0,   0,   0,   0,   0,   0,   0,   0,   0,   0,   0,   0,   6, 148, 255, 255, 255, 207,   5,   0,
      0,   0,   0,   0,   0,   0,   0,   0,   0,   0,   0,   0,   0,   0, 176, 255, 255, 255, 102,   0,
      0,   0,   0,   0,   0,   0,   0,   0,   0,   0,   0,   0,   0,   0,  44, 255, 255, 255, 196,   0,
      0,   0,   0,   0,   0,   0,   0,   0,   0,   0,   0,   0,   0,   0,   0, 235, 255, 255, 248,   1,
      0,   0,   0,   0,   0,   0,   0,   0,   0,   0,   0,   0,   0,   0,   0, 218, 255, 255, 255,  13,
      0,   0,   0,   0,   0,   0,   0,   0,   0,   0,   0,   0,   0,   0,   0, 237, 255, 255, 253,   3,
      0,   0,   0,   0,   0,   0,   0,   0,   0,   0,   0,   0,   0,   0,  46, 255, 255, 255, 228,   0,
      0,   0,   0,   0,   0,   0,   0,   0,   0,   0,   0,   0,   0,   0, 172, 255, 255, 255, 157,   0,
     77, 160,  48,   0,   0,   0,   0,   0,   0,   0,   0,   0,   5, 141, 255, 255, 255, 254,  54,   0,
     84, 255, 255, 214, 134,  80,  35,  15,   3,  15,  49, 112, 215, 255, 255, 255, 255, 148,   0,   0,
     84, 255, 255, 255, 255, 255, 255, 255, 255, 255, 255, 255, 255, 255, 255, 255, 164,   3,   0,   0,
     84, 255, 255, 255, 255, 255, 255, 255, 255, 255, 255, 255, 255, 255, 229,  94,   0,   0,   0,   0,
      2,  39,  86, 133, 179, 204, 219, 235, 250, 247, 231, 201, 149,  78,   4,   0,   0,   0,   0,   0,
      0,   0,   0,   0,   0,   0,   0,   0,   0,   0,   0,   0,   0,   0,   0,   0,   0,   0,   0,   0,
      0,   0,   0,   0,   0,   0,   0,   0,   0,   0,   0,   0,   0,   0,   0,   0,   0,   0,   0,   0,
      0,   0,   0,   0,   0,   0,   0,   0,   0,   0,   0,   0,   0,   0,   0,   0,   0,   0,   0,   0,
      0,   0,   0,   0,   0,   0,   0,   0,   0,   0,   0,   0,   0,   0,   0,   0,   0,   0,   0,   0,
      0,   0,   0,   0,   0,   0,   0,   0,   0,   0,   0,   0,   0,   0,   0,   0,   0,   0,   0,   0,
      0,   0,   0,   0,   0,   0,   0,   0,   0,   0,   0,   0,   0,   0,   0,   0,   0,   0,   0,   0,
      0,   0,   0,   0,   0,   0,   0,   0,   0,   0,   0,   0,   0,   0,   0,   0,   0,   0,   0,   0,
      0,   0,   0,   0,   0,   0,   0,   0,   0,   0,   0,   0,   0,   0,   0,   0,   0,   0,   0,   0,
      0,   0,   0,   0,   0,   0,   0,   0,   0,   0,   0,   0,   0,   0,   0,   0,   0,   0,   0,   0,
      0,   0,   0,   0,   0,   0,   0,   0,   0,   0,   0,   0,   0,   0,   0,   0,   0,   0,   0,   0,
},

// 'И' (U+0418)
{
     72, 255, 255, 255, 136,   0,   0,   0,   0,   0,   0,   0,   0,   0, 212, 255, 255, 255, 255,  96,
     72, 255, 255, 255, 136,   0,   0,   0,   0,   0,   0,   0,   0,  62, 255, 255, 255, 255, 255,  96,
     72, 255, 255, 255, 136,   0,   0,   0,   0,   0,   0,   0,   0, 167, 255, 255, 255, 255, 255,  96,
     72, 255, 255, 255, 136,   0,   0,   0,   0,   0,   0,   0,  22, 249, 255, 255, 255, 255, 255,  96,
     72, 255, 255, 255, 136,   0,   0,   0,   0,   0,   0,   0, 121, 255, 255, 255, 255, 255, 255,  96,
     72, 255, 255, 255, 136,   0,   0,   0,   0,   0,   0,   2, 223, 255, 255, 215, 255, 255, 255,  96,
     72, 255, 255, 255, 136,   0,   0,   0,   0,   0,   0,  75, 255, 255, 242, 124, 255, 255, 255,  96,
     72, 255, 255, 255, 136,   0,   0,   0,   0,   0,   0, 180, 255, 255, 149, 112, 255, 255, 255,  96,
     72, 255, 255, 255, 136,   0,   0,   0,   0,   0,  31, 253, 255, 255,  44, 112, 255, 255, 255,  96,
     72, 255, 255, 255, 136,   0,   0,   0,   0,   0, 134, 255, 255, 193,   0, 112, 255, 255, 255,  96,
     72, 255, 255, 255, 136,   0,   0,   0,   0,   5, 232, 255, 255,  88,   0, 112, 255, 255, 255,  96,
     72, 255, 255, 255, 136,   0,   0,   0,   0,  88, 255, 255, 233,   6,   0, 112, 255, 255, 255,  96,
     72, 255, 255, 255, 136,   0,   0,   0,   0, 193, 255, 255, 133,   0,   0, 112, 255, 255, 255,  96,
     72, 255, 255, 255, 136,   0,   0,   0,  42, 255, 255, 253,  30,   0,   0, 112, 255, 255, 255,  96,
     72, 255, 255, 255, 136,   0,   0,   0, 147, 255, 255, 178,   0,   0,   0, 112, 255, 255, 255,  96,
     72, 255, 255, 255, 136,   0,   0,  11, 240, 255, 255,  72,   0,   0,   0, 112, 255, 255, 255,  96,
     72, 255, 255, 255, 136,   0,   0, 101, 255, 255, 221,   1,   0,   0,   0, 112, 255, 255, 255,  96,
     72, 255, 255, 255, 136,   0,   0, 205, 255, 255, 117,   0,   0,   0,   0, 112, 255, 255, 255,  96,
     72, 255, 255, 255, 136,   0,  55, 255, 255, 248,  20,   0,   0,   0,   0, 112, 255, 255, 255,  96,
     72, 255, 255, 255, 136,   0, 160, 255, 255, 162,   0,   0,   0,   0,   0, 112, 255, 255, 255,  96,
     72, 255, 255, 255, 136,  17, 246, 255, 255,  56,   0,   0,   0,   0,   0, 112, 255, 255, 255,  96,
     72, 255, 255, 255, 136, 114, 255, 255, 207,   0,   0,   0,   0,   0,   0, 112, 255, 255, 255,  96,
     72, 255, 255, 255, 137, 217, 255, 255, 101,   0,   0,   0,   0,   0,   0, 112, 255, 255, 255,  96,
     72, 255, 255, 255, 204, 255, 255, 240,  11,   0,   0,   0,   0,   0,   0, 112, 255, 255, 255,  96,
     72, 255, 255, 255, 255, 255, 255, 146,   0,   0,   0,   0,   0,   0,   0, 112, 255, 255, 255,  96,
     72, 255, 255, 255, 255, 255, 255,  42,   0,   0,   0,   0,   0,   0,   0, 112, 255, 255, 255,  96,
     72, 255, 255, 255, 255, 255, 191,   0,   0,   0,   0,   0,   0,   0,   0, 112, 255, 255, 255,  96,
     72, 255, 255, 255, 255, 255,  86,   0,   0,   0,   0,   0,   0,   0,   0, 112, 255, 255, 255,  96,
     72, 255, 255, 255, 255, 231,   5,   0,   0,   0,   0,   0,   0,   0,   0, 112, 255, 255, 255,  96,
      0,   0,   0,   0,   0,   0,   0,   0,   0,   0,   0,   0,   0,   0,   0,   0,   0,   0,   0,   0,
      0,   0,   0,   0,   0,   0,   0,   0,   0,   0,   0,   0,   0,   0,   0,   0,   0,   0,   0,   0,
      0,   0,   0,   0,   0,   0,   0,   0,   0,   0,   0,   0,   0,   0,   0,   0,   0,   0,   0,   0,
      0,   0,   0,   0,   0,   0,   0,   0,   0,   0,   0,   0,   0,   0,   0,   0,   0,   0,   0,   0,
      0,   0,   0,   0,   0,   0,   0,   0,   0,   0,   0,   0,   0,   0,   0,   0,   0,   0,   0,   0,
      0,   0,   0,   0,   0,   0,   0,   0,   0,   0,   0,   0,   0,   0,   0,   0,   0,   0,   0,   0,
      0,   0,   0,   0,   0,   0,   0,   0,   0,   0,   0,   0,   0,   0,   0,   0,   0,   0,   0,   0,
      0,   0,   0,   0,   0,   0,   0,   0,   0,   0,   0,   0,   0,   0,   0,   0,   0,   0,   0,   0,
      0,   0,   0,   0,   0,   0,   0,   0,   0,   0,   0,   0,   0,   0,   0,   0,   0,   0,   0,   0,
      0,   0,   0,   0,   0,   0,   0,   0,   0,   0,   0,   0,   0,   0,   0,   0,   0,   0,   0,   0,
      0,   0,   0,   0,   0,   0,   0,   0,   0,   0,   0,   0,   0,   0,   0,   0,   0,   0,   0,   0,
},

// 'Й' (U+0419)
{
      0,   0,   0,   5, 250, 255, 128,   0,   0,   0,   0,   0,   0, 108, 255, 255,  21,   0,   0,   0,
      0,   0,   0,   0, 196, 255, 253, 139,  45,  11,   9,  39, 125, 250, 255, 217,   0,   0,   0,   0,
      0,   0,   0,   0,  85, 255, 255, 255, 255, 255, 255, 255, 255, 255, 255, 103,   0,   0,   0,   0,
      0,   0,   0,   0,   0, 141, 255, 255, 255, 255, 255, 255, 255, 255, 152,   1,   0,   0,   0,   0,
      0,   0,   0,   0,   0,   0,  65, 167, 224, 248, 249, 226, 171,  70,   0,   0,   0,   0,   0,   0,
      0,   0,   0,   0,   0,   0,   0,   0,   0,   0,   0,   0,   0,   0,   0,   0,   0,   0,   0,   0,
      0,   0,   0,   0,   0,   0,   0,   0,   0,   0,   0,   0,   0,   0,   0,   0,   0,   0,   0,   0,
      0,   0,   0,   0,   0,   0,   0,   0,   0,   0,   0,   0,   0,   0,   0,   0,   0,   0,   0,   0,
     72, 255, 255, 255, 136,   0,   0,   0,   0,   0,   0,   0,   0,   0, 212, 255, 255, 255, 255,  96,
     72, 255, 255, 255, 136,   0,   0,   0,   0,   0,   0,   0,   0,  62, 255, 255, 255, 255, 255,  96,
     72, 255, 255, 255, 136,   0,   0,   0,   0,   0,   0,   0,   0, 167, 255, 255, 255, 255, 255,  96,
     72, 255, 255, 255, 136,   0,   0,   0,   0,   0,   0,   0,  22, 249, 255, 255, 255, 255, 255,  96,
     72, 255, 255, 255, 136,   0,   0,   0,   0,   0,   0,   0, 121, 255, 255, 255, 255, 255, 255,  96,
     72, 255, 255, 255, 136,   0,   0,   0,   0,   0,   0,   2, 223, 255, 255, 215, 255, 255, 255,  96,
     72, 255, 255, 255, 136,   0,   0,   0,   0,   0,   0,  75, 255, 255, 242, 124, 255, 255, 255,  96,
     72, 255, 255, 255, 136,   0,   0,   0,   0,   0,   0, 180, 255, 255, 149, 112, 255, 255, 255,  96,
     72, 255, 255, 255, 136,   0,   0,   0,   0,   0,  31, 253, 255, 255,  44, 112, 255, 255, 255,  96,
     72, 255, 255, 255, 136,   0,   0,   0,   0,   0, 134, 255, 255, 193,   0, 112, 255, 255, 255,  96,
     72, 255, 255, 255, 136,   0,   0,   0,   0,   5, 232, 255, 255,  88,   0, 112, 255, 255, 255,  96,
     72, 255, 255, 255, 136,   0,   0,   0,   0,  88, 255, 255, 233,   6,   0, 112, 255, 255, 255,  96,
     72, 255, 255, 255, 136,   0,   0,   0,   0, 193, 255, 255, 133,   0,   0, 112, 255, 255, 255,  96,
     72, 255, 255, 255, 136,   0,   0,   0,  42, 255, 255, 253,  30,   0,   0, 112, 255, 255, 255,  96,
     72, 255, 255, 255, 136,   0,   0,   0, 147, 255, 255, 178,   0,   0,   0, 112, 255, 255, 255,  96,
     72, 255, 255, 255, 136,   0,   0,  11, 240, 255, 255,  72,   0,   0,   0, 112, 255, 255, 255,  96,
     72, 255, 255, 255, 136,   0,   0, 101, 255, 255, 221,   1,   0,   0,   0, 112, 255, 255, 255,  96,
     72, 255, 255, 255, 136,   0,   0, 205, 255, 255, 117,   0,   0,   0,   0, 112, 255, 255, 255,  96,
     72, 255, 255, 255, 136,   0,  55, 255, 255, 248,  20,   0,   0,   0,   0, 112, 255, 255, 255,  96,
     72, 255, 255, 255, 136,   0, 160, 255, 255, 162,   0,   0,   0,   0,   0, 112, 255, 255, 255,  96,
     72, 255, 255, 255, 136,  17, 246, 255, 255,  56,   0,   0,   0,   0,   0, 112, 255, 255, 255,  96,
     72, 255, 255, 255, 136, 114, 255, 255, 207,   0,   0,   0,   0,   0,   0, 112, 255, 255, 255,  96,
     72, 255, 255, 255, 137, 217, 255, 255, 101,   0,   0,   0,   0,   0,   0, 112, 255, 255, 255,  96,
     72, 255, 255, 255, 204, 255, 255, 240,  11,   0,   0,   0,   0,   0,   0, 112, 255, 255, 255,  96,
     72, 255, 255, 255, 255, 255, 255, 146,   0,   0,   0,   0,   0,   0,   0, 112, 255, 255, 255,  96,
     72, 255, 255, 255, 255, 255, 255,  42,   0,   0,   0,   0,   0,   0,   0, 112, 255, 255, 255,  96,
     72, 255, 255, 255, 255, 255, 191,   0,   0,   0,   0,   0,   0,   0,   0, 112, 255, 255, 255,  96,
     72, 255, 255, 255, 255, 255,  86,   0,   0,   0,   0,   0,   0,   0,   0, 112, 255, 255, 255,  96,
     72, 255, 255, 255, 255, 231,   5,   0,   0,   0,   0,   0,   0,   0,   0, 112, 255, 255, 255,  96,
      0,   0,   0,   0,   0,   0,   0,   0,   0,   0,   0,   0,   0,   0,   0,   0,   0,   0,   0,   0,
      0,   0,   0,   0,   0,   0,   0,   0,   0,   0,   0,   0,   0,   0,   0,   0,   0,   0,   0,   0,
      0,   0,   0,   0,   0,   0,   0,   0,   0,   0,   0,   0,   0,   0,   0,   0,   0,   0,   0,   0,
},

// 'К' (U+041A)
{
     84, 255, 255, 255, 164,   0,   0,   0,   0,   0,   0,   0,   0,   0,   0,   0, 131, 255, 255, 255,
     84, 255, 255, 255, 164,   0,   0,   0,   0,   0,   0,   0,   0,   0,   0, 119, 255, 255, 255, 242,
     84, 255, 255, 255, 164,   0,   0,   0,   0,   0,   0,   0,   0,   0, 108, 255, 255, 255, 245,  61,
     84, 255, 255, 255, 164,   0,   0,   0,   0,   0,   0,   0,   0,  98, 254, 255, 255, 248,  69,   0,
     84, 255, 255, 255, 164,   0,   0,   0,   0,   0,   0,   0,  88, 253, 255, 255, 250,  77,   0,   0,
     84, 255, 255, 255, 164,   0,   0,   0,   0,   0,   0,  78, 251, 255, 255, 252,  86,   0,   0,   0,
     84, 255, 255, 255, 164,   0,   0,   0,   0,   0,  70, 248, 255, 255, 254,  95,   0,   0,   0,   0,
     84, 255, 255, 255, 164,   0,   0,   0,   0,  62, 245, 255, 255, 255, 105,   0,   0,   0,   0,   0,
     84, 255, 255, 255, 164,   0,   0,   0,  54, 242, 255, 255, 255, 115,   0,   0,   0,   0,   0,   0,
     84, 255, 255, 255, 164,   0,   0,  47, 238, 255, 255, 255, 126,   0,   0,   0,   0,   0,   0,   0,
     84, 255, 255, 255, 164,   0,  40, 234, 255, 255, 255, 137,   0,   0,   0,   0,   0,   0,   0,   0,
     84, 255, 255, 255, 164,  34, 229, 255, 255, 255, 153,   0,   0,   0,   0,   0,   0,   0,   0,   0,
     84, 255, 255, 255, 191, 223, 255, 255, 255, 255, 177,   0,   0,   0,   0,   0,   0,   0,   0,   0,
     84, 255, 255, 255, 255, 255, 255, 255, 255, 255, 255,  96,   0,   0,   0,   0,   0,   0,   0,   0,
     84, 255, 255, 255, 255, 255, 255, 198, 255, 255, 255, 240,  29,   0,   0,   0,   0,   0,   0,   0,
     84, 255, 255, 255, 255, 255, 171,   3, 172, 255, 255, 255, 187,   1,   0,   0,   0,   0,   0,   0,
     84, 255, 255, 255, 255, 182,   5,   0,  23, 237, 255, 255, 255, 106,   0,   0,   0,   0,   0,   0,
     84, 255, 255, 255, 206,   9,   0,   0,   0,  93, 255, 255, 255, 244,  35,   0,   0,   0,   0,   0,
     84, 255, 255, 255, 164,   0,   0,   0,   0,   0, 181, 255, 255, 255, 196,   2,   0,   0,   0,   0,
     84, 255, 255, 255, 164,   0,   0,   0,   0,   0,  28, 241, 255, 255, 255, 117,   0,   0,   0,   0,
     84, 255, 255, 255, 164,   0,   0,   0,   0,   0,   0, 103, 255, 255, 255, 248,  42,   0,   0,   0,
     84, 255, 255, 255, 164,   0,   0,   0,   0,   0,   0,   1, 190, 255, 255, 255, 204,   4,   0,   0,
     84, 255, 255, 255, 164,   0,   0,   0,   0,   0,   0,   0,  34, 245, 255, 255, 255, 127,   0,   0,
     84, 255, 255, 255, 164,   0,   0,   0,   0,   0,   0,   0,   0, 113, 255, 255, 255, 251,  50,   0,
     84, 255, 255, 255, 164,   0,   0,   0,   0,   0,   0,   0,   0,   2, 199, 255, 255, 255, 212,   7,
     84, 255, 255, 255, 164,   0,   0,   0,   0,   0,   0,   0,   0,   0,  41, 248, 255, 255, 255, 138,
     84, 255, 255, 255, 164,   0,   0,   0,   0,   0,   0,   0,   0,   0,   0, 123, 255, 255, 255, 253,
     84, 255, 255, 255, 164,   0,   0,   0,   0,   0,   0,   0,   0,   0,   0,   4, 207, 255, 255, 255,
     84, 255, 255, 255, 164,   0,   0,   0,   0,   0,   0,   0,   0,   0,   0,   0,  48, 251, 255, 255,
      0,   0,   0,   0,   0,   0,   0,   0,   0,   0,   0,   0,   0,   0,   0,   0,   0,   0,   0,   0,
      0,   0,   0,   0,   0,   0,   0,   0,   0,   0,   0,   0,   0,   0,   0,   0,   0,   0,   0,   0,
      0,   0,   0,   0,   0,   0,   0,   0,   0,   0,   0,   0,   0,   0,   0,   0,   0,   0,   0,   0,
      0,   0,   0,   0,   0,   0,   0,   0,   0,   0,   0,   0,   0,   0,   0,   0,   0,   0,   0,   0,
      0,   0,   0,   0,   0,   0,   0,   0,   0,   0,   0,   0,   0,   0,   0,   0,   0,   0,   0,   0,
      0,   0,   0,   0,   0,   0,   0,   0,   0,   0,   0,   0,   0,   0,   0,   0,   0,   0,   0,   0,
      0,   0,   0,   0,   0,   0,   0,   0,   0,   0,   0,   0,   0,   0,   0,   0,   0,   0,   0,   0,
      0,   0,   0,   0,   0,   0,   0,   0,   0,   0,   0,   0,   0,   0,   0,   0,   0,   0,   0,   0,
      0,   0,   0,   0,   0,   0,   0,   0,   0,   0,   0,   0,   0,   0,   0,   0,   0,   0,   0,   0,
      0,   0,   0,   0,   0,   0,   0,   0,   0,   0,   0,   0,   0,   0,   0,   0,   0,   0,   0,   0,
      0,   0,   0,   0,   0,   0,   0,   0,   0,   0,   0,   0,   0,   0,   0,   0,   0,   0,   0,   0,
},

// 'Л' (U+041B)
{
      0,   0,   0,   0,   0, 136, 255, 255, 255, 255, 255, 255, 255, 255, 255, 255, 255, 255, 255, 255,
      0,   0,   0,   0,   0, 136, 255, 255, 255, 255, 255, 255, 255, 255, 255, 255, 255, 255, 255, 255,
      0,   0,   0,   0,   0, 136, 255, 255, 255, 255, 255, 255, 255, 255, 255, 255, 255, 255, 255, 255,
      0,   0,   0,   0,   0, 136, 255, 255, 255, 112,   0,   0,   0,   0,   0,   0,   0, 152, 255, 255,
      0,   0,   0,   0,   0, 136, 255, 255, 255, 112,   0,   0,   0,   0,   0,   0,   0, 152, 255, 255,
      0,   0,   0,   0,   0, 136, 255, 255, 255, 112,   0,   0,   0,   0,   0,   0,   0, 152, 255, 255,
      0,   0,   0,   0,   0, 136, 255, 255, 255, 112,   0,   0,   0,   0,   0,   0,   0, 152, 255, 255,
      0,   0,   0,   0,   0, 136, 255, 255, 255, 111,   0,   0,   0,   0,   0,   0,   0, 152, 255, 255,
      0,   0,   0,   0,   0, 136, 255, 255, 255, 110,   0,   0,   0,   0,   0,   0,   0, 152, 255, 255,
      0,   0,   0,   0,   0, 138, 255, 255, 255, 109,   0,   0,   0,   0,   0,   0,   0, 152, 255, 255,
      0,   0,   0,   0,   0, 139, 255, 255, 255, 108,   0,   0,   0,   0,   0,   0,   0, 152, 255, 255,
      0,   0,   0,   0,   0, 140, 255, 255, 255, 106,   0,   0,   0,   0,   0,   0,   0, 152, 255, 255,
      0,   0,   0,   0,   0, 143, 255, 255, 255, 102,   0,   0,   0,   0,   0,   0,   0, 152, 255, 255,
      0,   0,   0,   0,   0, 146, 255, 255, 255,  98,   0,   0,   0,   0,   0,   0,   0, 152, 255, 255,
      0,   0,   0,   0,   0, 150, 255, 255, 255,  92,   0,   0,   0,   0,   0,   0,   0, 152, 255, 255,
      0,   0,   0,   0,   0, 157, 255, 255, 255,  85,   0,   0,   0,   0,   0,   0,   0, 152, 255, 255,
      0,   0,   0,   0,   0, 163, 255, 255, 255,  79,   0,   0,   0,   0,   0,   0,   0, 152, 255, 255,
      0,   0,   0,   0,   0, 172, 255, 255, 255,  70,   0,   0,   0,   0,   0,   0,   0, 152, 255, 255,
      0,   0,   0,   0,   0, 182, 255, 255, 255,  60,   0,   0,   0,   0,   0,   0,   0, 152, 255, 255,
      0,   0,   0,   0,   0, 196, 255, 255, 255,  46,   0,   0,   0,   0,   0,   0,   0, 152, 255, 255,
      0,   0,   0,   0,   0, 217, 255, 255, 255,  22,   0,   0,   0,   0,   0,   0,   0, 152, 255, 255,
      0,   0,   0,   0,   3, 247, 255, 255, 250,   2,   0,   0,   0,   0,   0,   0,   0, 152, 255, 255,
      0,   0,   0,   0,  44, 255, 255, 255, 203,   0,   0,   0,   0,   0,   0,   0,   0, 152, 255, 255,
      0,   0,   0,   0, 126, 255, 255, 255, 144,   0,   0,   0,   0,   0,   0,   0,   0, 152, 255, 255,
      0,   0,   0,  30, 238, 255, 255, 255,  53,   0,   0,   0,   0,   0,   0,   0,   0, 152, 255, 255,
      7,  35, 107, 230, 255, 255, 255, 193,   0,   0,   0,   0,   0,   0,   0,   0,   0, 152, 255, 255,
    236, 255, 255, 255, 255, 255, 240,  37,   0,   0,   0,   0,   0,   0,   0,   0,   0, 152, 255, 255,
    236, 255, 255, 255, 255, 212,  42,   0,   0,   0,   0,   0,   0,   0,   0,   0,   0, 152, 255, 255,
    229, 233, 208, 153,  77,   1,   0,   0,   0,   0,   0,   0,   0,   0,   0,   0,   0, 152, 255, 255,
      0,   0,   0,   0,   0,   0,   0,   0,   0,   0,   0,   0,   0,   0,   0,   0,   0,   0,   0,   0,
      0,   0,   0,   0,   0,   0,   0,   0,   0,   0,   0,   0,   0,   0,   0,   0,   0,   0,   0,   0,
      0,   0,   0,   0,   0,   0,   0,   0,   0,   0,   0,   0,   0,   0,   0,   0,   0,   0,   0,   0,
      0,   0,   0,   0,   0,   0,   0,   0,   0,   0,   0,   0,   0,   0,   0,   0,   0,   0,   0,   0,
      0,   0,   0,   0,   0,   0,   0,   0,   0,   0,   0,   0,   0,   0,   0,   0,   0,   0,   0,   0,
      0,   0,   0,   0,   0,   0,   0,   0,   0,   0,   0,   0,   0,   0,   0,   0,   0,   0,   0,   0,
      0,   0,   0,   0,   0,   0,   0,   0,   0,   0,   0,   0,   0,   0,   0,   0,   0,   0,   0,   0,
      0,   0,   0,   0,   0,   0,   0,   0,   0,   0,   0,   0,   0,   0,   0,   0,   0,   0,   0,   0,
      0,   0,   0,   0,   0,   0,   0,   0,   0,   0,   0,   0,   0,   0,   0,   0,   0,   0,   0,   0,
      0,   0,   0,   0,   0,   0,   0,   0,   0,   0,   0,   0,   0,   0,   0,   0,   0,   0,   0,   0,
      0,   0,   0,   0,   0,   0,   0,   0,   0,   0,   0,   0,   0,   0,   0,   0,   0,   0,   0,   0,
},

// 'М' (U+041C)
{
     80, 255, 255, 255, 255, 255,  31,   0,   0,   0,   0,   0,   0,   0,   0,  25, 253, 255, 255, 255,
     80, 255, 255, 255, 255, 255, 116,   0,   0,   0,   0,   0,   0,   0,   0, 110, 255, 255, 255, 255,
     80, 255, 255, 255, 255, 255, 202,   0,   0,   0,   0,   0,   0,   0,   0, 196, 255, 255, 255, 255,
     80, 255, 255, 255, 242, 255, 255,  32,   0,   0,   0,   0,   0,   0,  28, 254, 255, 242, 255, 255,
     80, 255, 255, 255, 165, 255, 255, 118,   0,   0,   0,   0,   0,   0, 113, 255, 255, 164, 255, 255,
     80, 255, 255, 255,  90, 244, 255, 204,   0,   0,   0,   0,   0,   0, 200, 255, 248,  86, 255, 255,
     80, 255, 255, 255,  80, 170, 255, 255,  34,   0,   0,   0,   0,  31, 255, 255, 177,  72, 255, 255,
     80, 255, 255, 255,  80,  84, 255, 255, 120,   0,   0,   0,   0, 117, 255, 255,  92,  72, 255, 255,
     80, 255, 255, 255,  80,   9, 244, 255, 206,   0,   0,   0,   0, 203, 255, 248,  14,  72, 255, 255,
     80, 255, 255, 255,  80,   0, 168, 255, 255,  36,   0,   0,  34, 255, 255, 176,   0,  72, 255, 255,
     80, 255, 255, 255,  80,   0,  82, 255, 255, 122,   0,   0, 120, 255, 255,  91,   0,  72, 255, 255,
     80, 255, 255, 255,  80,   0,   8, 243, 255, 208,   0,   0, 207, 255, 248,  13,   0,  72, 255, 255,
     80, 255, 255, 255,  80,   0,   0, 166, 255, 255,  38,  37, 255, 255, 176,   0,   0,  72, 255, 255,
     80, 255, 255, 255,  80,   0,   0,  81, 255, 255, 124, 124, 255, 255,  90,   0,   0,  72, 255, 255,
     80, 255, 255, 255,  80,   0,   0,   8, 242, 255, 210, 210, 255, 247,  13,   0,   0,  72, 255, 255,
     80, 255, 255, 255,  80,   0,   0,   0, 165, 255, 255, 255, 255, 175,   0,   0,   0,  72, 255, 255,
     80, 255, 255, 255,  80,   0,   0,   0,  79, 255, 255, 255, 255,  89,   0,   0,   0,  72, 255, 255,
     80, 255, 255, 255,  80,   0,   0,   0,   7, 241, 255, 255, 247,  13,   0,   0,   0,  72, 255, 255,
     80, 255, 255, 255,  80,   0,   0,   0,   0, 163, 255, 255, 174,   0,   0,   0,   0,  72, 255, 255,
     80, 255, 255, 255,  80,   0,   0,   0,   0,   0,   0,   0,   0,   0,   0,   0,   0,  72, 255, 255,
     80, 255, 255, 255,  80,   0,   0,   0,   0,   0,   0,   0,   0,   0,   0,   0,   0,  72, 255, 255,
     80, 255, 255, 255,  80,   0,   0,   0,   0,   0,   0,   0,   0,   0,   0,   0,   0,  72, 255, 255,
     80, 255, 255, 255,  80,   0,   0,   0,   0,   0,   0,   0,   0,   0,   0,   0,   0,  72, 255, 255,
     80, 255, 255, 255,  80,   0,   0,   0,   0,   0,   0,   0,   0,   0,   0,   0,   0,  72, 255, 255,
     80, 255, 255, 255,  80,   0,   0,   0,   0,   0,   0,   0,   0,   0,   0,   0,   0,  72, 255, 255,
     80, 255, 255, 255,  80,   0,   0,   0,   0,   0,   0,   0,   0,   0,   0,   0,   0,  72, 255, 255,
     80, 255, 255, 255,  80,   0,   0,   0,   0,   0,   0,   0,   0,   0,   0,   0,   0,  72, 255, 255,
     80, 255, 255, 255,  80,   0,   0,   0,   0,   0,   0,   0,   0,   0,   0,   0,   0,  72, 255, 255,
     80, 255, 255, 255,  80,   0,   0,   0,   0,   0,   0,   0,   0,   0,   0,   0,   0,  72, 255, 255,
      0,   0,   0,   0,   0,   0,   0,   0,   0,   0,   0,   0,   0,   0,   0,   0,   0,   0,   0,   0,
      0,   0,   0,   0,   0,   0,   0,   0,   0,   0,   0,   0,   0,   0,   0,   0,   0,   0,   0,   0,
      0,   0,   0,   0,   0,   0,   0,   0,   0,   0,   0,   0,   0,   0,   0,   0,   0,   0,   0,   0,
      0,   0,   0,   0,   0,   0,   0,   0,   0,   0,   0,   0,   0,   0,   0,   0,   0,   0,   0,   0,
      0,   0,   0,   0,   0,   0,   0,   0,   0,   0,   0,   0,   0,   0,   0,   0,   0,   0,   0,   0,
      0,   0,   0,   0,   0,   0,   0,   0,   0,   0,   0,   0,   0,   0,   0,   0,   0,   0,   0,   0,
      0,   0,   0,   0,   0,   0,   0,   0,   0,   0,   0,   0,   0,   0,   0,   0,   0,   0,   0,   0,
      0,   0,   0,   0,   0,   0,   0,   0,   0,   0,   0,   0,   0,   0,   0,   0,   0,   0,   0,   0,
      0,   0,   0,   0,   0,   0,   0,   0,   0,   0,   0,   0,   0,   0,   0,   0,   0,   0,   0,   0,
      0,   0,   0,   0,   0,   0,   0,   0,   0,   0,   0,   0,   0,   0,   0,   0,   0,   0,   0,   0,
      0,   0,   0,   0,   0,   0,   0,   0,   0,   0,   0,   0,   0,   0,   0,   0,   0,   0,   0,   0,
},

// 'Н' (U+041D)
{
     84, 255, 255, 255, 164,   0,   0,   0,   0,   0,   0,   0,   0,   0,   0, 144, 255, 255, 255, 104,
     84, 255, 255, 255, 164,   0,   0,   0,   0,   0,   0,   0,   0,   0,   0, 144, 255, 255, 255, 104,
     84, 255, 255, 255, 164,   0,   0,   0,   0,   0,   0,   0,   0,   0,   0, 144, 255, 255, 255, 104,
     84, 255, 255, 255, 164,   0,   0,   0,   0,   0,   0,   0,   0,   0,   0, 144, 255, 255, 255, 104,
     84, 255, 255, 255, 164,   0,   0,   0,   0,   0,   0,   0,   0,   0,   0, 144, 255, 255, 255, 104,
     84, 255, 255, 255, 164,   0,   0,   0,   0,   0,   0,   0,   0,   0,   0, 144, 255, 255, 255, 104,
     84, 255, 255, 255, 164,   0,   0,   0,   0,   0,   0,   0,   0,   0,   0, 144, 255, 255, 255, 104,
     84, 255, 255, 255, 164,   0,   0,   0,   0,   0,   0,   0,   0,   0,   0, 144, 255, 255, 255, 104,
     84, 255, 255, 255, 164,   0,   0,   0,   0,   0,   0,   0,   0,   0,   0, 144, 255, 255, 255, 104,
     84, 255, 255, 255, 164,   0,   0,   0,   0,   0,   0,   0,   0,   0,   0, 144, 255, 255, 255, 104,
     84, 255, 255, 255, 164,   0,   0,   0,   0,   0,   0,   0,   0,   0,   0, 144, 255, 255, 255, 104,
     84, 255, 255, 255, 164,   0,   0,   0,   0,   0,   0,   0,   0,   0,   0, 144, 255, 255, 255, 104,
     84, 255, 255, 255, 255, 255, 255, 255, 255, 255, 255, 255, 255, 255, 255, 255, 255, 255, 255, 104,
     84, 255, 255, 255, 255, 255, 255, 255, 255, 255, 255, 255, 255, 255, 255, 255, 255, 255, 255, 104,
     84, 255, 255, 255, 255, 255, 255, 255, 255, 255, 255, 255, 255, 255, 255, 255, 255, 255, 255, 104,
     84, 255, 255, 255, 164,   0,   0,   0,   0,   0,   0,   0,   0,   0,   0, 144, 255, 255, 255, 104,
     84, 255, 255, 255, 164,   0,   0,   0,   0,   0,   0,   0,   0,   0,   0, 144, 255, 255, 255, 104,
     84, 255, 255, 255, 164,   0,   0,   0,   0,   0,   0,   0,   0,   0,   0, 144, 255, 255, 255, 104,
     84, 255, 255, 255, 164,   0,   0,   0,   0,   0,   0,   0,   0,   0,   0, 144, 255, 255, 255, 104,
     84, 255, 255, 255, 164,   0,   0,   0,   0,   0,   0,   0,   0,   0,   0, 144, 255, 255, 255, 104,
     84, 255, 255, 255, 164,   0,   0,   0,   0,   0,   0,   0,   0,   0,   0, 144, 255, 255, 255, 104,
     84, 255, 255, 255, 164,   0,   0,   0,   0,   0,   0,   0,   0,   0,   0, 144, 255, 255, 255, 104,
     84, 255, 255, 255, 164,   0,   0,   0,   0,   0,   0,   0,   0,   0,   0, 144, 255, 255, 255, 104,
     84, 255, 255, 255, 164,   0,   0,   0,   0,   0,   0,   0,   0,   0,   0, 144, 255, 255, 255, 104,
     84, 255, 255, 255, 164,   0,   0,   0,   0,   0,   0,   0,   0,   0,   0, 144, 255, 255, 255, 104,
     84, 255, 255, 255, 164,   0,   0,   0,   0,   0,   0,   0,   0,   0,   0, 144, 255, 255, 255, 104,
     84, 255, 255, 255, 164,   0,   0,   0,   0,   0,   0,   0,   0,   0,   0, 144, 255, 255, 255, 104,
     84, 255, 255, 255, 164,   0,   0,   0,   0,   0,   0,   0,   0,   0,   0, 144, 255, 255, 255, 104,
     84, 255, 255, 255, 164,   0,   0,   0,   0,   0,   0,   0,   0,   0,   0, 144, 255, 255, 255, 104,
      0,   0,   0,   0,   0,   0,   0,   0,   0,   0,   0,   0,   0,   0,   0,   0,   0,   0,   0,   0,
      0,   0,   0,   0,   0,   0,   0,   0,   0,   0,   0,   0,   0,   0,   0,   0,   0,   0,   0,   0,
      0,   0,   0,   0,   0,   0,   0,   0,   0,   0,   0,   0,   0,   0,   0,   0,   0,   0,   0,   0,
      0,   0,   0,   0,   0,   0,   0,   0,   0,   0,   0,   0,   0,   0,   0,   0,   0,   0,   0,   0,
      0,   0,   0,   0,   0,   0,   0,   0,   0,   0,   0,   0,   0,   0,   0,   0,   0,   0,   0,   0,
      0,   0,   0,   0,   0,   0,   0,   0,   0,   0,   0,   0,   0,   0,   0,   0,   0,   0,   0,   0,
      0,   0,   0,   0,   0,   0,   0,   0,   0,   0,   0,   0,   0,   0,   0,   0,   0,   0,   0,   0,
      0,   0,   0,   0,   0,   0,   0,   0,   0,   0,   0,   0,   0,   0,   0,   0,   0,   0,   0,   0,
      0,   0,   0,   0,   0,   0,   0,   0,   0,   0,   0,   0,   0,   0,   0,   0,   0,   0,   0,   0,
      0,   0,   0,   0,   0,   0,   0,   0,   0,   0,   0,   0,   0,   0,   0,   0,   0,   0,   0,   0,
      0,   0,   0,   0,   0,   0,   0,   0,   0,   0,   0,   0,   0,   0,   0,   0,   0,   0,   0,   0,
},

// 'О' (U+041E)
{
      0,   0,   0,   0,   0,   8,  86, 173, 216, 242, 243, 217, 177,  92,  11,   0,   0,   0,   0,   0,
      0,   0,   0,   0,  58, 220, 255, 255, 255, 255, 255, 255, 255, 255, 227,  67,   0,   0,   0,   0,
      0,   0,   0,  76, 252, 255, 255, 255, 255, 255, 255, 255, 255, 255, 255, 254,  90,   0,   0,   0,
      0,   0,  42, 243, 255, 255, 255, 184,  66,  18,  15,  60, 174, 255, 255, 255, 247,  53,   0,   0,
      0,   0, 181, 255, 255, 255, 153,   1,   0,   0,   0,   0,   0, 137, 255, 255, 255, 196,   0,   0,
      0,  52, 255, 255, 255, 222,   9,   0,   0,   0,   0,   0,   0,   4, 210, 255, 255, 255,  68,   0,
      0, 145, 255, 255, 255, 118,   0,   0,   0,   0,   0,   0,   0,   0, 102, 255, 255, 255, 161,   0,
      0, 219, 255, 255, 255,  34,   0,   0,   0,   0,   0,   0,   0,   0,  19, 254, 255, 255, 234,   2,
     31, 255, 255, 255, 236,   0,   0,   0,   0,   0,   0,   0,   0,   0,   0, 219, 255, 255, 255,  49,
     72, 255, 255, 255, 189,   0,   0,   0,   0,   0,   0,   0,   0,   0,   0, 171, 255, 255, 255,  90,
    110, 255, 255, 255, 162,   0,   0,   0,   0,   0,   0,   0,   0,   0,   0, 144, 255, 255, 255, 128,
    143, 255, 255, 255, 137,   0,   0,   0,   0,   0,   0,   0,   0,   0,   0, 119, 255, 255, 255, 162,
    157, 255, 255, 255, 121,   0,   0,   0,   0,   0,   0,   0,   0,   0,   0, 102, 255, 255, 255, 175,
    168, 255, 255, 255, 114,   0,   0,   0,   0,   0,   0,   0,   0,   0,   0,  95, 255, 255, 255, 186,
    179, 255, 255, 255, 107,   0,   0,   0,   0,   0,   0,   0,   0,   0,   0,  88, 255, 255, 255, 197,
    179, 255, 255, 255, 106,   0,   0,   0,   0,   0,   0,   0,   0,   0,   0,  87, 255, 255, 255, 198,
    168, 255, 255, 255, 113,   0,   0,   0,   0,   0,   0,   0,   0,   0,   0,  95, 255, 255, 255, 187,
    158, 255, 255, 255, 120,   0,   0,   0,   0,   0,   0,   0,   0,   0,   0, 102, 255, 255, 255, 176,
    144, 255, 255, 255, 136,   0,   0,   0,   0,   0,   0,   0,   0,   0,   0, 118, 255, 255, 255, 162,
    111, 255, 255, 255, 161,   0,   0,   0,   0,   0,   0,   0,   0,   0,   0, 143, 255, 255, 255, 128,
     73, 255, 255, 255, 189,   0,   0,   0,   0,   0,   0,   0,   0,   0,   0, 170, 255, 255, 255,  90,
     33, 255, 255, 255, 236,   0,   0,   0,   0,   0,   0,   0,   0,   0,   0, 218, 255, 255, 255,  49,
      0, 222, 255, 255, 255,  33,   0,   0,   0,   0,   0,   0,   0,   0,  17, 254, 255, 255, 235,   2,
      0, 148, 255, 255, 255, 116,   0,   0,   0,   0,   0,   0,   0,   0, 100, 255, 255, 255, 162,   0,
      0,  56, 255, 255, 255, 220,   8,   0,   0,   0,   0,   0,   0,   3, 207, 255, 255, 255,  68,   0,
      0,   0, 185, 255, 255, 255, 150,   1,   0,   0,   0,   0,   0, 133, 255, 255, 255, 196,   0,   0,
      0,   0,  46, 245, 255, 255, 255, 183,  64,  16,  14,  59, 172, 255, 255, 255, 248,  53,   0,   0,
      0,   0,   0,  81, 253, 255, 255, 255, 255, 255, 255, 255, 255, 255, 255, 254,  91,   0,   0,   0,
      0,   0,   0,   0,  63, 223, 255, 255, 255, 255, 255, 255, 255, 255, 227,  68,   0,   0,   0,   0,
      0,   0,   0,   0,   0,  10,  89, 175, 217, 243, 244, 219, 179,  93,  12,   0,   0,   0,   0,   0,
      0,   0,   0,   0,   0,   0,   0,   0,   0,   0,   0,   0,   0,   0,   0,   0,   0,   0,   0,   0,
      0,   0,   0,   0,   0,   0,   0,   0,   0,   0,   0,   0,   0,   0,   0,   0,   0,   0,   0,   0,
      0,   0,   0,   0,   0,   0,   0,   0,   0,   0,   0,   0,   0,   0,   0,   0,   0,   0,   0,   0,
      0,   0,   0,   0,   0,   0,   0,   0,   0,   0,   0,   0,   0,   0,   0,   0,   0,   0,   0,   0,
      0,   0,   0,   0,   0,   0,   0,   0,   0,   0,   0,   0,   0,   0,   0,   0,   0,   0,   0,   0,
      0,   0,   0,   0,   0,   0,   0,   0,   0,   0,   0,   0,   0,   0,   0,   0,   0,   0,   0,   0,
      0,   0,   0,   0,   0,   0,   0,   0,   0,   0,   0,   0,   0,   0,   0,   0,   0,   0,   0,   0,
      0,   0,   0,   0,   0,   0,   0,   0,   0,   0,   0,   0,   0,   0,   0,   0,   0,   0,   0,   0,
      0,   0,   0,   0,   0,   0,   0,   0,   0,   0,   0,   0,   0,   0,   0,   0,   0,   0,   0,   0,
      0,   0,   0,   0,   0,   0,   0,   0,   0,   0,   0,   0,   0,   0,   0,   0,   0,   0,   0,   0,
},

// 'П' (U+041F)
{
     84, 255, 255, 255, 255, 255, 255, 255, 255, 255, 255, 255, 255, 255, 255, 255, 255, 255, 255, 104,
     84, 255, 255, 255, 255, 255, 255, 255, 255, 255, 255, 255, 255, 255, 255, 255, 255, 255, 255, 104,
     84, 255, 255, 255, 255, 255, 255, 255, 255, 255, 255, 255, 255, 255, 255, 255, 255, 255, 255, 104,
     84, 255, 255, 255, 164,   0,   0,   0,   0,   0,   0,   0,   0,   0,   0, 144, 255, 255, 255, 104,
     84, 255, 255, 255, 164,   0,   0,   0,   0,   0,   0,   0,   0,   0,   0, 144, 255, 255, 255, 104,
     84, 255, 255, 255, 164,   0,   0,   0,   0,   0,   0,   0,   0,   0,   0, 144, 255, 255, 255, 104,
     84, 255, 255, 255, 164,   0,   0,   0,   0,   0,   0,   0,   0,   0,   0, 144, 255, 255, 255, 104,
     84, 255, 255, 255, 164,   0,   0,   0,   0,   0,   0,   0,   0,   0,   0, 144, 255, 255, 255, 104,
     84, 255, 255, 255, 164,   0,   0,   0,   0,   0,   0,   0,   0,   0,   0, 144, 255, 255, 255, 104,
     84, 255, 255, 255, 164,   0,   0,   0,   0,   0,   0,   0,   0,   0,   0, 144, 255, 255, 255, 104,
     84, 255, 255, 255, 164,   0,   0,   0,   0,   0,   0,   0,   0,   0,   0, 144, 255, 255, 255, 104,
     84, 255, 255, 255, 164,   0,   0,   0,   0,   0,   0,   0,   0,   0,   0, 144, 255, 255, 255, 104,
     84, 255, 255, 255, 164,   0,   0,   0,   0,   0,   0,   0,   0,   0,   0, 144, 255, 255, 255, 104,
     84, 255, 255, 255, 164,   0,   0,   0,   0,   0,   0,   0,   0,   0,   0, 144, 255, 255, 255, 104,
     84, 255, 255, 255, 164,   0,   0,   0,   0,   0,   0,   0,   0,   0,   0, 144, 255, 255, 255, 104,
     84, 255, 255, 255, 164,   0,   0,   0,   0,   0,   0,   0,   0,   0,   0, 144, 255, 255, 255, 104,
     84, 255, 255, 255, 164,   0,   0,   0,   0,   0,   0,   0,   0,   0,   0, 144, 255, 255, 255, 104,
     84, 255, 255, 255, 164,   0,   0,   0,   0,   0,   0,   0,   0,   0,   0, 144, 255, 255, 255, 104,
     84, 255, 255, 255, 164,   0,   0,   0,   0,   0,   0,   0,   0,   0,   0, 144, 255, 255, 255, 104,
     84, 255, 255, 255, 164,   0,   0,   0,   0,   0,   0,   0,   0,   0,   0, 144, 255, 255, 255, 104,
     84, 255, 255, 255, 164,   0,   0,   0,   0,   0,   0,   0,   0,   0,   0, 144, 255, 255, 255, 104,
     84, 255, 255, 255, 164,   0,   0,   0,   0,   0,   0,   0,   0,   0,   0, 144, 255, 255, 255, 104,
     84, 255, 255, 255, 164,   0,   0,   0,   0,   0,   0,   0,   0,   0,   0, 144, 255, 255, 255, 104,
     84, 255, 255, 255, 164,   0,   0,   0,   0,   0,   0,   0,   0,   0,   0, 144, 255, 255, 255, 104,
     84, 255, 255, 255, 164,   0,   0,   0,   0,   0,   0,   0,   0,   0,   0, 144, 255, 255, 255, 104,
     84, 255, 255, 255, 164,   0,   0,   0,   0,   0,   0,   0,   0,   0,   0, 144, 255, 255, 255, 104,
     84, 255, 255, 255, 164,   0,   0,   0,   0,   0,   0,   0,   0,   0,   0, 144, 255, 255, 255, 104,
     84, 255, 255, 255, 164,   0,   0,   0,   0,   0,   0,   0,   0,   0,   0, 144, 255, 255, 255, 104,
     84, 255, 255, 255, 164,   0,   0,   0,   0,   0,   0,   0,   0,   0,   0, 144, 255, 255, 255, 104,
      0,   0,   0,   0,   0,   0,   0,   0,   0,   0,   0,   0,   0,   0,   0,   0,   0,   0,   0,   0,
      0,   0,   0,   0,   0,   0,   0,   0,   0,   0,   0,   0,   0,   0,   0,   0,   0,   0,   0,   0,
      0,   0,   0,   0,   0,   0,   0,   0,   0,   0,   0,   0,   0,   0,   0,   0,   0,   0,   0,   0,
      0,   0,   0,   0,   0,   0,   0,   0,   0,   0,   0,   0,   0,   0,   0,   0,   0,   0,   0,   0,
      0,   0,   0,   0,   0,   0,   0,   0,   0,   0,   0,   0,   0,   0,   0,   0,   0,   0,   0,   0,
      0,   0,   0,   0,   0,   0,   0,   0,   0,   0,   0,   0,   0,   0,   0,   0,   0,   0,   0,   0,
      0,   0,   0,   0,   0,   0,   0,   0,   0,   0,   0,   0,   0,   0,   0,   0,   0,   0,   0,   0,
      0,   0,   0,   0,   0,   0,   0,   0,   0,   0,   0,   0,   0,   0,   0,   0,   0,   0,   0,   0,
      0,   0,   0,   0,   0,   0,   0,   0,   0,   0,   0,   0,   0,   0,   0,   0,   0,   0,   0,   0,
      0,   0,   0,   0,   0,   0,   0,   0,   0,   0,   0,   0,   0,   0,   0,   0,   0,   0,   0,   0,
      0,   0,   0,   0,   0,   0,   0,   0,   0,   0,   0,   0,   0,   0,   0,   0,   0,   0,   0,   0,
},

// 'Р' (U+0420)
{
     40, 255, 255, 255, 255, 255, 255, 255, 255, 252, 238, 220, 177, 121,  32,   0,   0,   0,   0,   0,
     40, 255, 255, 255, 255, 255, 255, 255, 255, 255, 255, 255, 255, 255, 253, 169,  22,   0,   0,   0,
     40, 255, 255, 255, 255, 255, 255, 255, 255, 255, 255, 255, 255, 255, 255, 255, 232,  37,   0,   0,
     40, 255, 255, 255, 204,   0,   0,   0,   0,   3,  22,  74, 173, 255, 255, 255, 255, 221,   9,   0,
     40, 255, 255, 255, 204,   0,   0,   0,   0,   0,   0,   0,   0,  92, 254, 255, 255, 255, 120,   0,
     40, 255, 255, 255, 204,   0,   0,   0,   0,   0,   0,   0,   0,   0, 144, 255, 255, 255, 214,   0,
     40, 255, 255, 255, 204,   0,   0,   0,   0,   0,   0,   0,   0,   0,  32, 255, 255, 255, 255,  23,
     40, 255, 255, 255, 204,   0,   0,   0,   0,   0,   0,   0,   0,   0,   0, 233, 255, 255, 255,  50,
     40, 255, 255, 255, 204,   0,   0,   0,   0,   0,   0,   0,   0,   0,   0, 217, 255, 255, 255,  66,
     40, 255, 255, 255, 204,   0,   0,   0,   0,   0,   0,   0,   0,   0,   0, 234, 255, 255, 255,  50,
     40, 255, 255, 255, 204,   0,   0,   0,   0,   0,   0,   0,   0,   0,  35, 255, 255, 255, 255,  23,
     40, 255, 255, 255, 204,   0,   0,   0,   0,   0,   0,   0,   0,   0, 149, 255, 255, 255, 214,   0,
     40, 255, 255, 255, 204,   0,   0,   0,   0,   0,   0,   0,   0,  99, 254, 255, 255, 255, 122,   0,
     40, 255, 255, 255, 204,   0,   0,   0,   0,   3,  22,  76, 177, 255, 255, 255, 255, 225,  10,   0,
     40, 255, 255, 255, 255, 255, 255, 255, 255, 255, 255, 255, 255, 255, 255, 255, 236,  42,   0,   0,
     40, 255, 255, 255, 255, 255, 255, 255, 255, 255, 255, 255, 255, 255, 254, 176,  26,   0,   0,   0,
     40, 255, 255, 255, 255, 255, 255, 255, 255, 253, 239, 222, 179, 125,  36,   0,   0,   0,   0,   0,
     40, 255, 255, 255, 204,   0,   0,   0,   0,   0,   0,   0,   0,   0,   0,   0,   0,   0,   0,   0,
     40, 255, 255, 255, 204,   0,   0,   0,   0,   0,   0,   0,   0,   0,   0,   0,   0,   0,   0,   0,
     40, 255, 255, 255, 204,   0,   0,   0,   0,   0,   0,   0,   0,   0,   0,   0,   0,   0,   0,   0,
     40, 255, 255, 255, 204,   0,   0,   0,   0,   0,   0,   0,   0,   0,   0,   0,   0,   0,   0,   0,
     40, 255, 255, 255, 204,   0,   0,   0,   0,   0,   0,   0,   0,   0,   0,   0,   0,   0,   0,   0,
     40, 255, 255, 255, 204,   0,   0,   0,   0,   0,   0,   0,   0,   0,   0,   0,   0,   0,   0,   0,
     40, 255, 255, 255, 204,   0,   0,   0,   0,   0,   0,   0,   0,   0,   0,   0,   0,   0,   0,   0,
     40, 255, 255, 255, 204,   0,   0,   0,   0,   0,   0,   0,   0,   0,   0,   0,   0,   0,   0,   0,
     40, 255, 255, 255, 204,   0,   0,   0,   0,   0,   0,   0,   0,   0,   0,   0,   0,   0,   0,   0,
     40, 255, 255, 255, 204,   0,   0,   0,   0,   0,   0,   0,   0,   0,   0,   0,   0,   0,   0,   0,
     40, 255, 255, 255, 204,   0,   0,   0,   0,   0,   0,   0,   0,   0,   0,   0,   0,   0,   0,   0,
     40, 255, 255, 255, 204,   0,   0,   0,   0,   0,   0,   0,   0,   0,   0,   0,   0,   0,   0,   0,
      0,   0,   0,   0,   0,   0,   0,   0,   0,   0,   0,   0,   0,   0,   0,   0,   0,   0,   0,   0,
      0,   0,   0,   0,   0,   0,   0,   0,   0,   0,   0,   0,   0,   0,   0,   0,   0,   0,   0,   0,
      0,   0,   0,   0,   0,   0,   0,   0,   0,   0,   0,   0,   0,   0,   0,   0,   0,   0,   0,   0,
      0,   0,   0,   0,   0,   0,   0,   0,   0,   0,   0,   0,   0,   0,   0,   0,   0,   0,   0,   0,
      0,   0,   0,   0,   0,   0,   0,   0,   0,   0,   0,   0,   0,   0,   0,   0,   0,   0,   0,   0,
      0,   0,   0,   0,   0,   0,   0,   0,   0,   0,   0,   0,   0,   0,   0,   0,   0,   0,   0,   0,
      0,   0,   0,   0,   0,   0,   0,   0,   0,   0,   0,   0,   0,   0,   0,   0,   0,   0,   0,   0,
      0,   0,   0,   0,   0,   0,   0,   0,   0,   0,   0,   0,   0,   0,   0,   0,   0,   0,   0,   0,
      0,   0,   0,   0,   0,   0,   0,   0,   0,   0,   0,   0,   0,   0,   0,   0,   0,   0,   0,   0,
      0,   0,   0,   0,   0,   0,   0,   0,   0,   0,   0,   0,   0,   0,   0,   0,   0,   0,   0,   0,
      0,   0,   0,   0,   0,   0,   0,   0,   0,   0,   0,   0,   0,   0,   0,   0,   0,   0,   0,   0,
},

// 'С' (U+0421)
{
      0,   0,   0,   0,   0,   0,   0,   8,  78, 159, 206, 231, 250, 237, 206, 148,  62,   0,   0,   0,
      0,   0,   0,   0,   0,   0,  90, 232, 255, 255, 255, 255, 255, 255, 255, 255, 255, 208,  66,   0,
      0,   0,   0,   0,   5, 173, 255, 255, 255, 255, 255, 255, 255, 255, 255, 255, 255, 255, 244,   0,
      0,   0,   0,   5, 175, 255, 255, 255, 252, 160,  70,  27,   7,  29,  78, 166, 251, 255, 244,   0,
      0,   0,   0, 130, 255, 255, 255, 228,  56,   0,   0,   0,   0,   0,   0,   0,  42, 193, 244,   0,
      0,   0,  40, 249, 255, 255, 245,  49,   0,   0,   0,   0,   0,   0,   0,   0,   0,   4, 143,   0,
      0,   0, 170, 255, 255, 255, 126,   0,   0,   0,   0,   0,   0,   0,   0,   0,   0,   0,   0,   0,
      0,  19, 249, 255, 255, 242,  15,   0,   0,   0,   0,   0,   0,   0,   0,   0,   0,   0,   0,   0,
      0, 107, 255, 255, 255, 172,   0,   0,   0,   0,   0,   0,   0,   0,   0,   0,   0,   0,   0,   0,
      0, 169, 255, 255, 255, 100,   0,   0,   0,   0,   0,   0,   0,   0,   0,   0,   0,   0,   0,   0,
      0, 220, 255, 255, 255,  53,   0,   0,   0,   0,   0,   0,   0,   0,   0,   0,   0,   0,   0,   0,
     13, 254, 255, 255, 255,  15,   0,   0,   0,   0,   0,   0,   0,   0,   0,   0,   0,   0,   0,   0,
     35, 255, 255, 255, 242,   0,   0,   0,   0,   0,   0,   0,   0,   0,   0,   0,   0,   0,   0,   0,
     50, 255, 255, 255, 231,   0,   0,   0,   0,   0,   0,   0,   0,   0,   0,   0,   0,   0,   0,   0,
     65, 255, 255, 255, 221,   0,   0,   0,   0,   0,   0,   0,   0,   0,   0,   0,   0,   0,   0,   0,
     65, 255, 255, 255, 220,   0,   0,   0,   0,   0,   0,   0,   0,   0,   0,   0,   0,   0,   0,   0,
     51, 255, 255, 255, 231,   0,   0,   0,   0,   0,   0,   0,   0,   0,   0,   0,   0,   0,   0,   0,
     36, 255, 255, 255, 242,   0,   0,   0,   0,   0,   0,   0,   0,   0,   0,   0,   0,   0,   0,   0,
     15, 255, 255, 255, 255,  14,   0,   0,   0,   0,   0,   0,   0,   0,   0,   0,   0,   0,   0,   0,
      0, 223, 255, 255, 255,  52,   0,   0,   0,   0,   0,   0,   0,   0,   0,   0,   0,   0,   0,   0,
      0, 173, 255, 255, 255,  99,   0,   0,   0,   0,   0,   0,   0,   0,   0,   0,   0,   0,   0,   0,
      0, 112, 255, 255, 255, 172,   0,   0,   0,   0,   0,   0,   0,   0,   0,   0,   0,   0,   0,   0,
      0,  23, 251, 255, 255, 242,  15,   0,   0,   0,   0,   0,   0,   0,   0,   0,   0,   0,   0,   0,
      0,   0, 178, 255, 255, 255, 126,   0,   0,   0,   0,   0,   0,   0,   0,   0,   0,   0,   0,   0,
      0,   0,  48, 252, 255, 255, 245,  48,   0,   0,   0,   0,   0,   0,   0,   0,   0,   4, 142,   0,
      0,   0,   0, 141, 255, 255, 255, 227,  56,   0,   0,   0,   0,   0,   0,   0,  39, 191, 244,   0,
      0,   0,   0,   8, 188, 255, 255, 255, 251, 159,  68,  26,   6,  27,  75, 163, 250, 255, 244,   0,
      0,   0,   0,   0,   9, 186, 255, 255, 255, 255, 255, 255, 255, 255, 255, 255, 255, 255, 244,   0,
      0,   0,   0,   0,   0,   1, 101, 236, 255, 255, 255, 255, 255, 255, 255, 255, 255, 209,  66,   0,
      0,   0,   0,   0,   0,   0,   0,  11,  83, 163, 209, 232, 250, 238, 207, 148,  63,   0,   0,   0,
      0,   0,   0,   0,   0,   0,   0,   0,   0,   0,   0,   0,   0,   0,   0,   0,   0,   0,   0,   0,
      0,   0,   0,   0,   0,   0,   0,   0,   0,   0,   0,   0,   0,   0,   0,   0,   0,   0,   0,   0,
      0,   0,   0,   0,   0,   0,   0,   0,   0,   0,   0,   0,   0,   0,   0,   0,   0,   0,   0,   0,
      0,   0,   0,   0,   0,   0,   0,   0,   0,   0,   0,   0,   0,   0,   0,   0,   0,   0,   0,   0,
      0,   0,   0,   0,   0,   0,   0,   0,   0,   0,   0,   0,   0,   0,   0,   0,   0,   0,   0,   0,
      0,   0,   0,   0,   0,   0,   0,   0,   0,   0,   0,   0,   0,   0,   0,   0,   0,   0,   0,   0,
      0,   0,   0,   0,   0,   0,   0,   0,   0,   0,   0,   0,   0,   0,   0,   0,   0,   0,   0,   0,
      0,   0,   0,   0,   0,   0,   0,   0,   0,   0,   0,   0,   0,   0,   0,   0,   0,   0,   0,   0,
      0,   0,   0,   0,   0,   0,   0,   0,   0,   0,   0,   0,   0,   0,   0,   0,   0,   0,   0,   0,
      0,   0,   0,   0,   0,   0,   0,   0,   0,   0,   0,   0,   0,   0,   0,   0,   0,   0,   0,   0,
},

// 'Т' (U+0422)
{
     20, 255, 255, 255, 255, 255, 255, 255, 255, 255, 255, 255, 255, 255, 255, 255, 255, 255, 255, 255,
     20, 255, 255, 255, 255, 255, 255, 255, 255, 255, 255, 255, 255, 255, 255, 255, 255, 255, 255, 255,
     20, 255, 255, 255, 255, 255, 255, 255, 255, 255, 255, 255, 255, 255, 255, 255, 255, 255, 255, 255,
      0,   0,   0,   0,   0,   0,   0,   0,   0,   0, 236, 255, 255, 255,  12,   0,   0,   0,   0,   0,
      0,   0,   0,   0,   0,   0,   0,   0,   0,   0, 236, 255, 255, 255,  12,   0,   0,   0,   0,   0,
      0,   0,   0,   0,   0,   0,   0,   0,   0,   0, 236, 255, 255, 255,  12,   0,   0,   0,   0,   0,
      0,   0,   0,   0,   0,   0,   0,   0,   0,   0, 236, 255, 255, 255,  12,   0,   0,   0,   0,   0,
      0,   0,   0,   0,   0,   0,   0,   0,   0,   0, 236, 255, 255, 255,  12,   0,   0,   0,   0,   0,
      0,   0,   0,   0,   0,   0,   0,   0,   0,   0, 236, 255, 255, 255,  12,   0,   0,   0,   0,   0,
      0,   0,   0,   0,   0,   0,   0,   0,   0,   0, 236, 255, 255, 255,  12,   0,   0,   0,   0,   0,
      0,   0,   0,   0,   0,   0,   0,   0,   0,   0, 236, 255, 255, 255,  12,   0,   0,   0,   0,   0,
      0,   0,   0,   0,   0,   0,   0,   0,   0,   0, 236, 255, 255, 255,  12,   0,   0,   0,   0,   0,
      0,   0,   0,   0,   0,   0,   0,   0,   0,   0, 236, 255, 255, 255,  12,   0,   0,   0,   0,   0,
      0,   0,   0,   0,   0,   0,   0,   0,   0,   0, 236, 255, 255, 255,  12,   0,   0,   0,   0,   0,
      0,   0,   0,   0,   0,   0,   0,   0,   0,   0, 236, 255, 255, 255,  12,   0,   0,   0,   0,   0,
      0,   0,   0,   0,   0,   0,   0,   0,   0,   0, 236, 255, 255, 255,  12,   0,   0,   0,   0,   0,
      0,   0,   0,   0,   0,   0,   0,   0,   0,   0, 236, 255, 255, 255,  12,   0,   0,   0,   0,   0,
      0,   0,   0,   0,   0,   0,   0,   0,   0,   0, 236, 255, 255, 255,  12,   0,   0,   0,   0,   0,
      0,   0,   0,   0,   0,   0,   0,   0,   0,   0, 236, 255, 255, 255,  12,   0,   0,   0,   0,   0,
      0,   0,   0,   0,   0,   0,   0,   0,   0,   0, 236, 255, 255, 255,  12,   0,   0,   0,   0,   0,
      0,   0,   0,   0,   0,   0,   0,   0,   0,   0, 236, 255, 255, 255,  12,   0,   0,   0,   0,   0,
      0,   0,   0,   0,   0,   0,   0,   0,   0,   0, 236, 255, 255, 255,  12,   0,   0,   0,   0,   0,
      0,   0,   0,   0,   0,   0,   0,   0,   0,   0, 236, 255, 255, 255,  12,   0,   0,   0,   0,   0,
      0,   0,   0,   0,   0,   0,   0,   0,   0,   0, 236, 255, 255, 255,  12,   0,   0,   0,   0,   0,
      0,   0,   0,   0,   0,   0,   0,   0,   0,   0, 236, 255, 255, 255,  12,   0,   0,   0,   0,   0,
      0,   0,   0,   0,   0,   0,   0,   0,   0,   0, 236, 255, 255, 255,  12,   0,   0,   0,   0,   0,
      0,   0,   0,   0,   0,   0,   0,   0,   0,   0, 236, 255, 255, 255,  12,   0,   0,   0,   0,   0,
      0,   0,   0,   0,   0,   0,   0,   0,   0,   0, 236, 255, 255, 255,  12,   0,   0,   0,   0,   0,
      0,   0,   0,   0,   0,   0,   0,   0,   0,   0, 236, 255, 255, 255,  12,   0,   0,   0,   0,   0,
      0,   0,   0,   0,   0,   0,   0,   0,   0,   0,   0,   0,   0,   0,   0,   0,   0,   0,   0,   0,
      0,   0,   0,   0,   0,   0,   0,   0,   0,   0,   0,   0,   0,   0,   0,   0,   0,   0,   0,   0,
      0,   0,   0,   0,   0,   0,   0,   0,   0,   0,   0,   0,   0,   0,   0,   0,   0,   0,   0,   0,
      0,   0,   0,   0,   0,   0,   0,   0,   0,   0,   0,   0,   0,   0,   0,   0,   0,   0,   0,   0,
      0,   0,   0,   0,   0,   0,   0,   0,   0,   0,   0,   0,   0,   0,   0,   0,   0,   0,   0,   0,
      0,   0,   0,   0,   0,   0,   0,   0,   0,   0,   0,   0,   0,   0,   0,   0,   0,   0,   0,   0,
      0,   0,   0,   0,   0,   0,   0,   0,   0,   0,   0,   0,   0,   0,   0,   0,   0,   0,   0,   0,
      0,   0,   0,   0,   0,   0,   0,   0,   0,   0,   0,   0,   0,   0,   0,   0,   0,   0,   0,   0,
      0,   0,   0,   0,   0,   0,   0,   0,   0,   0,   0,   0,   0,   0,   0,   0,   0,   0,   0,   0,
      0,   0,   0,   0,   0,   0,   0,   0,   0,   0,   0,   0,   0,   0,   0,   0,   0,   0,   0,   0,
      0,   0,   0,   0,   0,   0,   0,   0,   0,   0,   0,   0,   0,   0,   0,   0,   0,   0,   0,   0,
},

// 'У' (U+0423)
{
    199, 255, 255, 255, 115,   0,   0,   0,   0,   0,   0,   0,   0,   0,   0,   0, 211, 255, 255, 255,
     99, 255, 255, 255, 211,   0,   0,   0,   0,   0,   0,   0,   0,   0,   0,  51, 255, 255, 255, 233,
     11, 242, 255, 255, 255,  52,   0,   0,   0,   0,   0,   0,   0,   0,   0, 146, 255, 255, 255, 139,
      0, 155, 255, 255, 255, 148,   0,   0,   0,   0,   0,   0,   0,   0,   5, 235, 255, 255, 255,  40,
      0,  55, 255, 255, 255, 237,   6,   0,   0,   0,   0,   0,   0,   0,  80, 255, 255, 255, 196,   0,
      0,   0, 210, 255, 255, 255,  84,   0,   0,   0,   0,   0,   0,   0, 175, 255, 255, 255,  97,   0,
      0,   0, 111, 255, 255, 255, 180,   0,   0,   0,   0,   0,   0,  19, 250, 255, 255, 242,  11,   0,
      0,   0,  18, 248, 255, 255, 251,  24,   0,   0,   0,   0,   0, 109, 255, 255, 255, 155,   0,   0,
      0,   0,   0, 167, 255, 255, 255, 116,   0,   0,   0,   0,   0, 204, 255, 255, 255,  55,   0,   0,
      0,   0,   0,  67, 255, 255, 255, 211,   0,   0,   0,   0,  43, 255, 255, 255, 212,   0,   0,   0,
      0,   0,   0,   1, 221, 255, 255, 255,  52,   0,   0,   0, 138, 255, 255, 255, 113,   0,   0,   0,
      0,   0,   0,   0, 123, 255, 255, 255, 148,   0,   0,   3, 230, 255, 255, 249,  20,   0,   0,   0,
      0,   0,   0,   0,  26, 252, 255, 255, 237,   6,   0,  72, 255, 255, 255, 170,   0,   0,   0,   0,
      0,   0,   0,   0,   0, 179, 255, 255, 255,  84,   0, 167, 255, 255, 255,  71,   0,   0,   0,   0,
      0,   0,   0,   0,   0,  79, 255, 255, 255, 180,  15, 247, 255, 255, 225,   2,   0,   0,   0,   0,
      0,   0,   0,   0,   0,   4, 230, 255, 255, 251, 125, 255, 255, 255, 128,   0,   0,   0,   0,   0,
      0,   0,   0,   0,   0,   0, 135, 255, 255, 255, 252, 255, 255, 254,  31,   0,   0,   0,   0,   0,
      0,   0,   0,   0,   0,   0,  35, 254, 255, 255, 255, 255, 255, 186,   0,   0,   0,   0,   0,   0,
      0,   0,   0,   0,   0,   0,   0, 191, 255, 255, 255, 255, 255,  87,   0,   0,   0,   0,   0,   0,
      0,   0,   0,   0,   0,   0,   0,  91, 255, 255, 255, 255, 236,   7,   0,   0,   0,   0,   0,   0,
      0,   0,   0,   0,   0,   0,   0,   8, 238, 255, 255, 255, 144,   0,   0,   0,   0,   0,   0,   0,
      0,   0,   0,   0,   0,   0,   0,   0, 209, 255, 255, 254,  39,   0,   0,   0,   0,   0,   0,   0,
      0,   0,   0,   0,   0,   0,   0,  50, 255, 255, 255, 185,   0,   0,   0,   0,   0,   0,   0,   0,
      0,   0,   0,   0,   0,   0,   0, 179, 255, 255, 255,  74,   0,   0,   0,   0,   0,   0,   0,   0,
      0,   0,   0,   0,   0,   0,  89, 255, 255, 255, 195,   0,   0,   0,   0,   0,   0,   0,   0,   0,
      0,   0,   0,   1,  32, 120, 247, 255, 255, 255,  57,   0,   0,   0,   0,   0,   0,   0,   0,   0,
      0, 104, 255, 255, 255, 255, 255, 255, 255, 140,   0,   0,   0,   0,   0,   0,   0,   0,   0,   0,
      0, 104, 255, 255, 255, 255, 255, 255, 152,   3,   0,   0,   0,   0,   0,   0,   0,   0,   0,   0,
      0, 104, 255, 255, 252, 227, 174,  70,   0,   0,   0,   0,   0,   0,   0,   0,   0,   0,   0,   0,
      0,   0,   0,   0,   0,   0,   0,   0,   0,   0,   0,   0,   0,   0,   0,   0,   0,   0,   0,   0,
      0,   0,   0,   0,   0,   0,   0,   0,   0,   0,   0,   0,   0,   0,   0,   0,   0,   0,   0,   0,
      0,   0,   0,   0,   0,   0,   0,   0,   0,   0,   0,   0,   0,   0,   0,   0,   0,   0,   0,   0,
      0,   0,   0,   0,   0,   0,   0,   0,   0,   0,   0,   0,   0,   0,   0,   0,   0,   0,   0,   0,
      0,   0,   0,   0,   0,   0,   0,   0,   0,   0,   0,   0,   0,   0,   0,   0,   0,   0,   0,   0,
      0,   0,   0,   0,   0,   0,   0,   0,   0,   0,   0,   0,   0,   0,   0,   0,   0,   0,   0,   0,
      0,   0,   0,   0,   0,   0,   0,   0,   0,   0,   0,   0,   0,   0,   0,   0,   0,   0,   0,   0,
      0,   0,   0,   0,   0,   0,   0,   0,   0,   0,   0,   0,   0,   0,   0,   0,   0,   0,   0,   0,
      0,   0,   0,   0,   0,   0,   0,   0,   0,   0,   0,   0,   0,   0,   0,   0,   0,   0,   0,   0,
      0,   0,   0,   0,   0,   0,   0,   0,   0,   0,   0,   0,   0,   0,   0,   0,   0,   0,   0,   0,
      0,   0,   0,   0,   0,   0,   0,   0,   0,   0,   0,   0,   0,   0,   0,   0,   0,   0,   0,   0,
},

// 'Ф' (U+0424)
{
      0,   0,   0,   0,   0,   0,   0,   0,   0, 240, 255, 255, 255,   8,   0,   0,   0,   0,   0,   0,
      0,   0,   0,   0,   0,   0,   0,   0,   0, 240, 255, 255, 255,   8,   0,   0,   0,   0,   0,   0,
      0,   0,   0,   0,   3,  71, 159, 205, 237, 255, 255, 255, 255, 240, 208, 166,  81,   7,   0,   0,
      0,   0,   0,  43, 209, 255, 255, 255, 255, 255, 255, 255, 255, 255, 255, 255, 255, 221,  56,   0,
      0,   0,  41, 244, 255, 255, 255, 255, 255, 255, 255, 255, 255, 255, 255, 255, 255, 255, 251,  59,
      0,   3, 211, 255, 255, 255, 230, 113,  37, 240, 255, 255, 255,  39, 105, 223, 255, 255, 255, 226,
      0,  85, 255, 255, 255, 210,  20,   0,   0, 240, 255, 255, 255,   8,   0,  13, 199, 255, 255, 255,
      0, 188, 255, 255, 255,  62,   0,   0,   0, 240, 255, 255, 255,   8,   0,   0,  46, 255, 255, 255,
     12, 249, 255, 255, 234,   1,   0,   0,   0, 240, 255, 255, 255,   8,   0,   0,   0, 219, 255, 255,
     70, 255, 255, 255, 184,   0,   0,   0,   0, 240, 255, 255, 255,   8,   0,   0,   0, 167, 255, 255,
    111, 255, 255, 255, 148,   0,   0,   0,   0, 240, 255, 255, 255,   8,   0,   0,   0, 130, 255, 255,
    147, 255, 255, 255, 126,   0,   0,   0,   0, 240, 255, 255, 255,   8,   0,   0,   0, 108, 255, 255,
    163, 255, 255, 255, 112,   0,   0,   0,   0, 240, 255, 255, 255,   8,   0,   0,   0,  93, 255, 255,
    174, 255, 255, 255, 106,   0,   0,   0,   0, 240, 255, 255, 255,   8,   0,   0,   0,  87, 255, 255,
    174, 255, 255, 255, 106,   0,   0,   0,   0, 240, 255, 255, 255,   8,   0,   0,   0,  88, 255, 255,
    161, 255, 255, 255, 112,   0,   0,   0,   0, 240, 255, 255, 255,   8,   0,   0,   0,  93, 255, 255,
    143, 255, 255, 255, 127,   0,   0,   0,   0, 240, 255, 255, 255,   8,   0,   0,   0, 109, 255, 255,
    104, 255, 255, 255, 148,   0,   0,   0,   0, 240, 255, 255, 255,   8,   0,   0,   0, 130, 255, 255,
     59, 255, 255, 255, 184,   0,   0,   0,   0, 240, 255, 255, 255,   8,   0,   0,   0, 167, 255, 255,
      4, 239, 255, 255, 234,   0,   0,   0,   0, 240, 255, 255, 255,   8,   0,   0,   0, 219, 255, 255,
      0, 164, 255, 255, 255,  62,   0,   0,   0, 240, 255, 255, 255,   8,   0,   0,  46, 255, 255, 255,
      0,  52, 255, 255, 255, 210,  20,   0,   0, 240, 255, 255, 255,   8,   0,  13, 198, 255, 255, 255,
      0,   0, 174, 255, 255, 255, 229, 113,  36, 240, 255, 255, 255,  38, 104, 222, 255, 255, 255, 229,
      0,   0,  16, 220, 255, 255, 255, 255, 255, 255, 255, 255, 255, 255, 255, 255, 255, 255, 252,  63,
      0,   0,   0,  22, 180, 255, 255, 255, 255, 255, 255, 255, 255, 255, 255, 255, 255, 223,  60,   0,
      0,   0,   0,   0,   0,  56, 150, 204, 237, 255, 255, 255, 255, 241, 210, 167,  83,   7,   0,   0,
      0,   0,   0,   0,   0,   0,   0,   0,   0, 240, 255, 255, 255,   8,   0,   0,   0,   0,   0,   0,
      0,   0,   0,   0,   0,   0,   0,   0,   0, 240, 255, 255, 255,   8,   0,   0,   0,   0,   0,   0,
      0,   0,   0,   0,   0,   0,   0,   0,   0, 240, 255, 255, 255,   8,   0,   0,   0,   0,   0,   0,
      0,   0,   0,   0,   0,   0,   0,   0,   0,   0,   0,   0,   0,   0,   0,   0,   0,   0,   0,   0,
      0,   0,   0,   0,   0,   0,   0,   0,   0,   0,   0,   0,   0,   0,   0,   0,   0,   0,   0,   0,
      0,   0,   0,   0,   0,   0,   0,   0,   0,   0,   0,   0,   0,   0,   0,   0,   0,   0,   0,   0,
      0,   0,   0,   0,   0,   0,   0,   0,   0,   0,   0,   0,   0,   0,   0,   0,   0,   0,   0,   0,
      0,   0,   0,   0,   0,   0,   0,   0,   0,   0,   0,   0,   0,   0,   0,   0,   0,   0,   0,   0,
      0,   0,   0,   0,   0,   0,   0,   0,   0,   0,   0,   0,   0,   0,   0,   0,   0,   0,   0,   0,
      0,   0,   0,   0,   0,   0,   0,   0,   0,   0,   0,   0,   0,   0,   0,   0,   0,   0,   0,   0,
      0,   0,   0,   0,   0,   0,   0,   0,   0,   0,   0,   0,   0,   0,   0,   0,   0,   0,   0,   0,
      0,   0,   0,   0,   0,   0,   0,   0,   0,   0,   0,   0,   0,   0,   0,   0,   0,   0,   0,   0,
      0,   0,   0,   0,   0,   0,   0,   0,   0,   0,   0,   0,   0,   0,   0,   0,   0,   0,   0,   0,
      0,   0,   0,   0,   0,   0,   0,   0,   0,   0,   0,   0,   0,   0,   0,   0,   0,   0,   0,   0,
},

// 'Х' (U+0425)
{
      0,  20, 236, 255, 255, 254,  55,   0,   0,   0,   0,   0,   0,   0,   0,   0,   0,   0, 113, 255,
      0,   0,  99, 255, 255, 255, 202,   1,   0,   0,   0,   0,   0,   0,   0,   0,   0,  24, 241, 255,
      0,   0,   1, 195, 255, 255, 255,  98,   0,   0,   0,   0,   0,   0,   0,   0,   0, 162, 255, 255,
      0,   0,   0,  43, 250, 255, 255, 233,  15,   0,   0,   0,   0,   0,   0,   0,  60, 255, 255, 255,
      0,   0,   0,   0, 136, 255, 255, 255, 142,   0,   0,   0,   0,   0,   0,   3, 208, 255, 255, 253,
      0,   0,   0,   0,  10, 223, 255, 255, 250,  41,   0,   0,   0,   0,   0, 109, 255, 255, 255, 146,
      0,   0,   0,   0,   0,  74, 255, 255, 255, 186,   0,   0,   0,   0,  22, 239, 255, 255, 225,  12,
      0,   0,   0,   0,   0,   0, 173, 255, 255, 255,  80,   0,   0,   0, 159, 255, 255, 255,  74,   0,
      0,   0,   0,   0,   0,   0,  27, 242, 255, 255, 222,   8,   0,  56, 254, 255, 255, 166,   0,   0,
      0,   0,   0,   0,   0,   0,   0, 112, 255, 255, 255, 124,   2, 205, 255, 255, 236,  21,   0,   0,
      0,   0,   0,   0,   0,   0,   0,   3, 206, 255, 255, 245, 133, 255, 255, 255,  94,   0,   0,   0,
      0,   0,   0,   0,   0,   0,   0,   0,  53, 253, 255, 255, 255, 255, 255, 186,   0,   0,   0,   0,
      0,   0,   0,   0,   0,   0,   0,   0,   0, 149, 255, 255, 255, 255, 245,  33,   0,   0,   0,   0,
      0,   0,   0,   0,   0,   0,   0,   0,   0,  17, 249, 255, 255, 255, 135,   0,   0,   0,   0,   0,
      0,   0,   0,   0,   0,   0,   0,   0,   0, 108, 255, 255, 255, 255, 218,   7,   0,   0,   0,   0,
      0,   0,   0,   0,   0,   0,   0,   0,  28, 242, 255, 255, 255, 255, 255, 126,   0,   0,   0,   0,
      0,   0,   0,   0,   0,   0,   0,   0, 177, 255, 255, 255, 220, 255, 255, 247,  34,   0,   0,   0,
      0,   0,   0,   0,   0,   0,   0,  84, 255, 255, 255, 184,  35, 249, 255, 255, 181,   0,   0,   0,
      0,   0,   0,   0,   0,   0,  16, 230, 255, 255, 246,  34,   0, 138, 255, 255, 255,  82,   0,   0,
      0,   0,   0,   0,   0,   0, 154, 255, 255, 255, 123,   0,   0,  14, 233, 255, 255, 226,  11,   0,
      0,   0,   0,   0,   0,  61, 254, 255, 255, 215,   6,   0,   0,   0, 101, 255, 255, 255, 138,   0,
      0,   0,   0,   0,   7, 215, 255, 255, 255,  64,   0,   0,   0,   0,   2, 207, 255, 255, 250,  43,
      0,   0,   0,   0, 130, 255, 255, 255, 160,   0,   0,   0,   0,   0,   0,  64, 255, 255, 255, 193,
      0,   0,   0,  42, 249, 255, 255, 237,  21,   0,   0,   0,   0,   0,   0,   0, 174, 255, 255, 255,
      0,   0,   1, 197, 255, 255, 255, 100,   0,   0,   0,   0,   0,   0,   0,   0,  34, 248, 255, 255,
      0,   0, 106, 255, 255, 255, 196,   1,   0,   0,   0,   0,   0,   0,   0,   0,   0, 137, 255, 255,
      0,  27, 241, 255, 255, 251,  44,   0,   0,   0,   0,   0,   0,   0,   0,   0,   0,  13, 232, 255,
      0, 175, 255, 255, 255, 137,   0,   0,   0,   0,   0,   0,   0,   0,   0,   0,   0,   0, 100, 255,
     83, 255, 255, 255, 224,  10,   0,   0,   0,   0,   0,   0,   0,   0,   0,   0,   0,   0,   2, 207,
      0,   0,   0,   0,   0,   0,   0,   0,   0,   0,   0,   0,   0,   0,   0,   0,   0,   0,   0,   0,
      0,   0,   0,   0,   0,   0,   0,   0,   0,   0,   0,   0,   0,   0,   0,   0,   0,   0,   0,   0,
      0,   0,   0,   0,   0,   0,   0,   0,   0,   0,   0,   0,   0,   0,   0,   0,   0,   0,   0,   0,
      0,   0,   0,   0,   0,   0,   0,   0,   0,   0,   0,   0,   0,   0,   0,   0,   0,   0,   0,   0,
      0,   0,   0,   0,   0,   0,   0,   0,   0,   0,   0,   0,   0,   0,   0,   0,   0,   0,   0,   0,
      0,   0,   0,   0,   0,   0,   0,   0,   0,   0,   0,   0,   0,   0,   0,   0,   0,   0,   0,   0,
      0,   0,   0,   0,   0,   0,   0,   0,   0,   0,   0,   0,   0,   0,   0,   0,   0,   0,   0,   0,
      0,   0,   0,   0,   0,   0,   0,   0,   0,   0,   0,   0,   0,   0,   0,   0,   0,   0,   0,   0,
      0,   0,   0,   0,   0,   0,   0,   0,   0,   0,   0,   0,   0,   0,   0,   0,   0,   0,   0,   0,
      0,   0,   0,   0,   0,   0,   0,   0,   0,   0,   0,   0,   0,   0,   0,   0,   0,   0,   0,   0,
      0,   0,   0,   0,   0,   0,   0,   0,   0,   0,   0,   0,   0,   0,   0,   0,   0,   0,   0,   0,
},

// 'Ц' (U+0426)
{
    112, 255, 255, 255, 136,   0,   0,   0,   0,   0,   0,   0,   0,   0,   0, 172, 255, 255, 255,  76,
    112, 255, 255, 255, 136,   0,   0,   0,   0,   0,   0,   0,   0,   0,   0, 172, 255, 255, 255,  76,
    112, 255, 255, 255, 136,   0,   0,   0,   0,   0,   0,   0,   0,   0,   0, 172, 255, 255, 255,  76,
    112, 255, 255, 255, 136,   0,   0,   0,   0,   0,   0,   0,   0,   0,   0, 172, 255, 255, 255,  76,
    112, 255, 255, 255, 136,   0,   0,   0,   0,   0,   0,   0,   0,   0,   0, 172, 255, 255, 255,  76,
    112, 255, 255, 255, 136,   0,   0,   0,   0,   0,   0,   0,   0,   0,   0, 172, 255, 255, 255,  76,
    112, 255, 255, 255, 136,   0,   0,   0,   0,   0,   0,   0,   0,   0,   0, 172, 255, 255, 255,  76,
    112, 255, 255, 255, 136,   0,   0,   0,   0,   0,   0,   0,   0,   0,   0, 172, 255, 255, 255,  76,
    112, 255, 255, 255, 136,   0,   0,   0,   0,   0,   0,   0,   0,   0,   0, 172, 255, 255, 255,  76,
    112, 255, 255, 255, 136,   0,   0,   0,   0,   0,   0,   0,   0,   0,   0, 172, 255, 255, 255,  76,
    112, 255, 255, 255, 136,   0,   0,   0,   0,   0,   0,   0,   0,   0,   0, 172, 255, 255, 255,  76,
    112, 255, 255, 255, 136,   0,   0,   0,   0,   0,   0,   0,   0,   0,   0, 172, 255, 255, 255,  76,
    112, 255, 255, 255, 136,   0,   0,   0,   0,   0,   0,   0,   0,   0,   0, 172, 255, 255, 255,  76,
    112, 255, 255, 255, 136,   0,   0,   0,   0,   0,   0,   0,   0,   0,   0, 172, 255, 255, 255,  76,
    112, 255, 255, 255, 136,   0,   0,   0,   0,   0,   0,   0,   0,   0,   0, 172, 255, 255, 255,  76,
    112, 255, 255, 255, 136,   0,   0,   0,   0,   0,   0,   0,   0,   0,   0, 172, 255, 255, 255,  76,
    112, 255, 255, 255, 136,   0,   0,   0,   0,   0,   0,   0,   0,   0,   0, 172, 255, 255, 255,  76,
    112, 255, 255, 255, 136,   0,   0,   0,   0,   0,   0,   0,   0,   0,   0, 172, 255, 255, 255,  76,
    112, 255, 255, 255, 136,   0,   0,   0,   0,   0,   0,   0,   0,   0,   0, 172, 255, 255, 255,  76,
    112, 255, 255, 255, 136,   0,   0,   0,   0,   0,   0,   0,   0,   0,   0, 172, 255, 255, 255,  76,
    112, 255, 255, 255, 136,   0,   0,   0,   0,   0,   0,   0,   0,   0,   0, 172, 255, 255, 255,  76,
    112, 255, 255, 255, 136,   0,   0,   0,   0,   0,   0,   0,   0,   0,   0, 172, 255, 255, 255,  76,
    112, 255, 255, 255, 136,   0,   0,   0,   0,   0,   0,   0,   0,   0,   0, 172, 255, 255, 255,  76,
    112, 255, 255, 255, 136,   0,   0,   0,   0,   0,   0,   0,   0,   0,   0, 172, 255, 255, 255,  76,
    112, 255, 255, 255, 136,   0,   0,   0,   0,   0,   0,   0,   0,   0,   0, 172, 255, 255, 255,  76,
    112, 255, 255, 255, 136,   0,   0,   0,   0,   0,   0,   0,   0,   0,   0, 172, 255, 255, 255,  76,
    112, 255, 255, 255, 255, 255, 255, 255, 255, 255, 255, 255, 255, 255, 255, 255, 255, 255, 255, 255,
    112, 255, 255, 255, 255, 255, 255, 255, 255, 255, 255, 255, 255, 255, 255, 255, 255, 255, 255, 255,
    112, 255, 255, 255, 255, 255, 255, 255, 255, 255, 255, 255, 255, 255, 255, 255, 255, 255, 255, 255,
      0,   0,   0,   0,   0,   0,   0,   0,   0,   0,   0,   0,   0,   0,   0,   0,   0,   0, 104, 255,
      0,   0,   0,   0,   0,   0,   0,   0,   0,   0,   0,   0,   0,   0,   0,   0,   0,   0, 104, 255,
      0,   0,   0,   0,   0,   0,   0,   0,   0,   0,   0,   0,   0,   0,   0,   0,   0,   0, 104, 255,
      0,   0,   0,   0,   0,   0,   0,   0,   0,   0,   0,   0,   0,   0,   0,   0,   0,   0, 104, 255,
      0,   0,   0,   0,   0,   0,   0,   0,   0,   0,   0,   0,   0,   0,   0,   0,   0,   0, 104, 255,
      0,   0,   0,   0,   0,   0,   0,   0,   0,   0,   0,   0,   0,   0,   0,   0,   0,   0, 104, 255,
      0,   0,   0,   0,   0,   0,   0,   0,   0,   0,   0,   0,   0,   0,   0,   0,   0,   0,   0,   0,
      0,   0,   0,   0,   0,   0,   0,   0,   0,   0,   0,   0,   0,   0,   0,   0,   0,   0,   0,   0,
      0,   0,   0,   0,   0,   0,   0,   0,   0,   0,   0,   0,   0,   0,   0,   0,   0,   0,   0,   0,
      0,   0,   0,   0,   0,   0,   0,   0,   0,   0,   0,   0,   0,   0,   0,   0,   0,   0,   0,   0,
      0,   0,   0,   0,   0,   0,   0,   0,   0,   0,   0,   0,   0,   0,   0,   0,   0,   0,   0,   0,
},

// 'Ч' (U+0427)
{
     84, 255, 255, 255, 164,   0,   0,   0,   0,   0,   0,   0,   0,   0,   0, 164, 255, 255, 255,  84,
     84, 255, 255, 255, 164,   0,   0,   0,   0,   0,   0,   0,   0,   0,   0, 164, 255, 255, 255,  84,
     84, 255, 255, 255, 164,   0,   0,   0,   0,   0,   0,   0,   0,   0,   0, 164, 255, 255, 255,  84,
     84, 255, 255, 255, 164,   0,   0,   0,   0,   0,   0,   0,   0,   0,   0, 164, 255, 255, 255,  84,
     84, 255, 255, 255, 164,   0,   0,   0,   0,   0,   0,   0,   0,   0,   0, 164, 255, 255, 255,  84,
     84, 255, 255, 255, 164,   0,   0,   0,   0,   0,   0,   0,   0,   0,   0, 164, 255, 255, 255,  84,
     84, 255, 255, 255, 164,   0,   0,   0,   0,   0,   0,   0,   0,   0,   0, 164, 255, 255, 255,  84,
     84, 255, 255, 255, 164,   0,   0,   0,   0,   0,   0,   0,   0,   0,   0, 164, 255, 255, 255,  84,
     84, 255, 255, 255, 164,   0,   0,   0,   0,   0,   0,   0,   0,   0,   0, 164, 255, 255, 255,  84,
     82, 255, 255, 255, 166,   0,   0,   0,   0,   0,   0,   0,   0,   0,   0, 164, 255, 255, 255,  84,
     69, 255, 255, 255, 178,   0,   0,   0,   0,   0,   0,   0,   0,   0,   0, 164, 255, 255, 255,  84,
     45, 255, 255, 255, 214,   0,   0,   0,   0,   0,   0,   0,   0,   0,   0, 164, 255, 255, 255,  84,
      4, 245, 255, 255, 255,  45,   0,   0,   0,   0,   0,   0,   0,   0,  74, 233, 255, 255, 255,  84,
      0, 163, 255, 255, 255, 225,  96,  29,   5,   2,  11,  34,  83, 183, 255, 255, 255, 255, 255,  84,
      0,  39, 245, 255, 255, 255, 255, 255, 255, 255, 255, 255, 255, 255, 255, 255, 255, 255, 255,  84,
      0,   0,  74, 241, 255, 255, 255, 255, 255, 255, 255, 255, 255, 255, 200, 208, 255, 255, 255,  84,
      0,   0,   0,  22, 127, 197, 236, 251, 251, 244, 227, 198, 136,  54,   0, 164, 255, 255, 255,  84,
      0,   0,   0,   0,   0,   0,   0,   0,   0,   0,   0,   0,   0,   0,   0, 164, 255, 255, 255,  84,
      0,   0,   0,   0,   0,   0,   0,   0,   0,   0,   0,   0,   0,   0,   0, 164, 255, 255, 255,  84,
      0,   0,   0,   0,   0,   0,   0,   0,   0,   0,   0,   0,   0,   0,   0, 164, 255, 255, 255,  84,
      0,   0,   0,   0,   0,   0,   0,   0,   0,   0,   0,   0,   0,   0,   0, 164, 255, 255, 255,  84,
      0,   0,   0,   0,   0,   0,   0,   0,   0,   0,   0,   0,   0,   0,   0, 164, 255, 255, 255,  84,
      0,   0,   0,   0,   0,   0,   0,   0,   0,   0,   0,   0,   0,   0,   0, 164, 255, 255, 255,  84,
      0,   0,   0,   0,   0,   0,   0,   0,   0,   0,   0,   0,   0,   0,   0, 164, 255, 255, 255,  84,
      0,   0,   0,   0,   0,   0,   0,   0,   0,   0,   0,   0,   0,   0,   0, 164, 255, 255, 255,  84,
      0,   0,   0,   0,   0,   0,   0,   0,   0,   0,   0,   0,   0,   0,   0, 164, 255, 255, 255,  84,
      0,   0,   0,   0,   0,   0,   0,   0,   0,   0,   0,   0,   0,   0,   0, 164, 255, 255, 255,  84,
      0,   0,   0,   0,   0,   0,   0,   0,   0,   0,   0,   0,   0,   0,   0, 164, 255, 255, 255,  84,
      0,   0,   0,   0,   0,   0,   0,   0,   0,   0,   0,   0,   0,   0,   0, 164, 255, 255, 255,  84,
      0,   0,   0,   0,   0,   0,   0,   0,   0,   0,   0,   0,   0,   0,   0,   0,   0,   0,   0,   0,
      0,   0,   0,   0,   0,   0,   0,   0,   0,   0,   0,   0,   0,   0,   0,   0,   0,   0,   0,   0,
      0,   0,   0,   0,   0,   0,   0,   0,   0,   0,   0,   0,   0,   0,   0,   0,   0,   0,   0,   0,
      0,   0,   0,   0,   0,   0,   0,   0,   0,   0,   0,   0,   0,   0,   0,   0,   0,   0,   0,   0,
      0,   0,   0,   0,   0,   0,   0,   0,   0,   0,   0,   0,   0,   0,   0,   0,   0,   0,   0,   0,
      0,   0,   0,   0,   0,   0,   0,   0,   0,   0,   0,   0,   0,   0,   0,   0,   0,   0,   0,   0,
      0,   0,   0,   0,   0,   0,   0,   0,   0,   0,   0,   0,   0,   0,   0,   0,   0,   0,   0,   0,
      0,   0,   0,   0,   0,   0,   0,   0,   0,   0,   0,   0,   0,   0,   0,   0,   0,   0,   0,   0,
      0,   0,   0,   0,   0,   0,   0,   0,   0,   0,   0,   0,   0,   0,   0,   0,   0,   0,   0,   0,
      0,   0,   0,   0,   0,   0,   0,   0,   0,   0,   0,   0,   0,   0,   0,   0,   0,   0,   0,   0,
      0,   0,   0,   0,   0,   0,   0,   0,   0,   0,   0,   0,   0,   0,   0,   0,   0,   0,   0,   0,
},

// 'Ш' (U+0428)
{
    196, 255, 255, 220,   0,   0,   0,   0, 196, 255, 255, 224,   0,   0,   0,   0, 192, 255, 255, 224,
    196, 255, 255, 220,   0,   0,   0,   0, 196, 255, 255, 224,   0,   0,   0,   0, 192, 255, 255, 224,
    196, 255, 255, 220,   0,   0,   0,   0, 196, 255, 255, 224,   0,   0,   0,   0, 192, 255, 255, 224,
    196, 255, 255, 220,   0,   0,   0,   0, 196, 255, 255, 224,   0,   0,   0,   0, 192, 255, 255, 224,
    196, 255, 255, 220,   0,   0,   0,   0, 196, 255, 255, 224,   0,   0,   0,   0, 192, 255, 255, 224,
    196, 255, 255, 220,   0,   0,   0,   0, 196, 255, 255, 224,   0,   0,   0,   0, 192, 255, 255, 224,
    196, 255, 255, 220,   0,   0,   0,   0, 196, 255, 255, 224,   0,   0,   0,   0, 192, 255, 255, 224,
    196, 255, 255, 220,   0,   0,   0,   0, 196, 255, 255, 224,   0,   0,   0,   0, 192, 255, 255, 224,
    196, 255, 255, 220,   0,   0,   0,   0, 196, 255, 255, 224,   0,   0,   0,   0, 192, 255, 255, 224,
    196, 255, 255, 220,   0,   0,   0,   0, 196, 255, 255, 224,   0,   0,   0,   0, 192, 255, 255, 224,
    196, 255, 255, 220,   0,   0,   0,   0, 196, 255, 255, 224,   0,   0,   0,   0, 192, 255, 255, 224,
    196, 255, 255, 220,   0,   0,   0,   0, 196, 255, 255, 224,   0,   0,   0,   0, 192, 255, 255, 224,
    196, 255, 255, 220,   0,   0,   0,   0, 196, 255, 255, 224,   0,   0,   0,   0, 192, 255, 255, 224,
    196, 255, 255, 220,   0,   0,   0,   0, 196, 255, 255, 224,   0,   0,   0,   0, 192, 255, 255, 224,
    196, 255, 255, 220,   0,   0,   0,   0, 196, 255, 255, 224,   0,   0,   0,   0, 192, 255, 255, 224,
    196, 255, 255, 220,   0,   0,   0,   0, 196, 255, 255, 224,   0,   0,   0,   0, 192, 255, 255, 224,
    196, 255, 255, 220,   0,   0,   0,   0, 196, 255, 255, 224,   0,   0,   0,   0, 192, 255, 255, 224,
    196, 255, 255, 220,   0,   0,   0,   0, 196, 255, 255, 224,   0,   0,   0,   0, 192, 255, 255, 224,
    196, 255, 255, 220,   0,   0,   0,   0, 196, 255, 255, 224,   0,   0,   0,   0, 192, 255, 255, 224,
    196, 255, 255, 220,   0,   0,   0,   0, 196, 255, 255, 224,   0,   0,   0,   0, 192, 255, 255, 224,
    196, 255, 255, 220,   0,   0,   0,   0, 196, 255, 255, 224,   0,   0,   0,   0, 192, 255, 255, 224,
    196, 255, 255, 220,   0,   0,   0,   0, 196, 255, 255, 224,   0,   0,   0,   0, 192, 255, 255, 224,
    196, 255, 255, 220,   0,   0,   0,   0, 196, 255, 255, 224,   0,   0,   0,   0, 192, 255, 255, 224,
    196, 255, 255, 220,   0,   0,   0,   0, 196, 255, 255, 224,   0,   0,   0,   0, 192, 255, 255, 224,
    196, 255, 255, 220,   0,   0,   0,   0, 196, 255, 255, 224,   0,   0,   0,   0, 192, 255, 255, 224,
    196, 255, 255, 220,   0,   0,   0,   0, 196, 255, 255, 224,   0,   0,   0,   0, 192, 255, 255, 224,
    196, 255, 255, 255, 255, 255, 255, 255, 255, 255, 255, 255, 255, 255, 255, 255, 255, 255, 255, 224,
    196, 255, 255, 255, 255, 255, 255, 255, 255, 255, 255, 255, 255, 255, 255, 255, 255, 255, 255, 224,
    196, 255, 255, 255, 255, 255, 255, 255, 255, 255, 255, 255, 255, 255, 255, 255, 255, 255, 255, 224,
      0,   0,   0,   0,   0,   0,   0,   0,   0,   0,   0,   0,   0,   0,   0,   0,   0,   0,   0,   0,
      0,   0,   0,   0,   0,   0,   0,   0,   0,   0,   0,   0,   0,   0,   0,   0,   0,   0,   0,   0,
      0,   0,   0,   0,   0,   0,   0,   0,   0,   0,   0,   0,   0,   0,   0,   0,   0,   0,   0,   0,
      0,   0,   0,   0,   0,   0,   0,   0,   0,   0,   0,   0,   0,   0,   0,   0,   0,   0,   0,   0,
      0,   0,   0,   0,   0,   0,   0,   0,   0,   0,   0,   0,   0,   0,   0,   0,   0,   0,   0,   0,
      0,   0,   0,   0,   0,   0,   0,   0,   0,   0,   0,   0,   0,   0,   0,   0,   0,   0,   0,   0,
      0,   0,   0,   0,   0,   0,   0,   0,   0,   0,   0,   0,   0,   0,   0,   0,   0,   0,   0,   0,
      0,   0,   0,   0,   0,   0,   0,   0,   0,   0,   0,   0,   0,   0,   0,   0,   0,   0,   0,   0,
      0,   0,   0,   0,   0,   0,   0,   0,   0,   0,   0,   0,   0,   0,   0,   0,   0,   0,   0,   0,
      0,   0,   0,   0,   0,   0,   0,   0,   0,   0,   0,   0,   0,   0,   0,   0,   0,   0,   0,   0,
      0,   0,   0,   0,   0,   0,   0,   0,   0,   0,   0,   0,   0,   0,   0,   0,   0,   0,   0,   0,
},

// 'Щ' (U+0429)
{
    212, 255, 255, 208,   0,   0,   0,   0, 208, 255, 255, 208,   0,   0,   0,   0, 208, 255, 255, 212,
    212, 255, 255, 208,   0,   0,   0,   0, 208, 255, 255, 208,   0,   0,   0,   0, 208, 255, 255, 212,
    212, 255, 255, 208,   0,   0,   0,   0, 208, 255, 255, 208,   0,   0,   0,   0, 208, 255, 255, 212,
    212, 255, 255, 208,   0,   0,   0,   0, 208, 255, 255, 208,   0,   0,   0,   0, 208, 255, 255, 212,
    212, 255, 255, 208,   0,   0,   0,   0, 208, 255, 255, 208,   0,   0,   0,   0, 208, 255, 255, 212,
    212, 255, 255, 208,   0,   0,   0,   0, 208, 255, 255, 208,   0,   0,   0,   0, 208, 255, 255, 212,
    212, 255, 255, 208,   0,   0,   0,   0, 208, 255, 255, 208,   0,   0,   0,   0, 208, 255, 255, 212,
    212, 255, 255, 208,   0,   0,   0,   0, 208, 255, 255, 208,   0,   0,   0,   0, 208, 255, 255, 212,
    212, 255, 255, 208,   0,   0,   0,   0, 208, 255, 255, 208,   0,   0,   0,   0, 208, 255, 255, 212,
    212, 255, 255, 208,   0,   0,   0,   0, 208, 255, 255, 208,   0,   0,   0,   0, 208, 255, 255, 212,
    212, 255, 255, 208,   0,   0,   0,   0, 208, 255, 255, 208,   0,   0,   0,   0, 208, 255, 255, 212,
    212, 255, 255, 208,   0,   0,   0,   0, 208, 255, 255, 208,   0,   0,   0,   0, 208, 255, 255, 212,
    212, 255, 255, 208,   0,   0,   0,   0, 208, 255, 255, 208,   0,   0,   0,   0, 208, 255, 255, 212,
    212, 255, 255, 208,   0,   0,   0,   0, 208, 255, 255, 208,   0,   0,   0,   0, 208, 255, 255, 212,
    212, 255, 255, 208,   0,   0,   0,   0, 208, 255, 255, 208,   0,   0,   0,   0, 208, 255, 255, 212,
    212, 255, 255, 208,   0,   0,   0,   0, 208, 255, 255, 208,   0,   0,   0,   0, 208, 255, 255, 212,
    212, 255, 255, 208,   0,   0,   0,   0, 208, 255, 255, 208,   0,   0,   0,   0, 208, 255, 255, 212,
    212, 255, 255, 208,   0,   0,   0,   0, 208, 255, 255, 208,   0,   0,   0,   0, 208, 255, 255, 212,
    212, 255, 255, 208,   0,   0,   0,   0, 208, 255, 255, 208,   0,   0,   0,   0, 208, 255, 255, 212,
    212, 255, 255, 208,   0,   0,   0,   0, 208, 255, 255, 208,   0,   0,   0,   0, 208, 255, 255, 212,
    212, 255, 255, 208,   0,   0,   0,   0, 208, 255, 255, 208,   0,   0,   0,   0, 208, 255, 255, 212,
    212, 255, 255, 208,   0,   0,   0,   0, 208, 255, 255, 208,   0,   0,   0,   0, 208, 255, 255, 212,
    212, 255, 255, 208,   0,   0,   0,   0, 208, 255, 255, 208,   0,   0,   0,   0, 208, 255, 255, 212,
    212, 255, 255, 208,   0,   0,   0,   0, 208, 255, 255, 208,   0,   0,   0,   0, 208, 255, 255, 212,
    212, 255, 255, 208,   0,   0,   0,   0, 208, 255, 255, 208,   0,   0,   0,   0, 208, 255, 255, 212,
    212, 255, 255, 208,   0,   0,   0,   0, 208, 255, 255, 208,   0,   0,   0,   0, 208, 255, 255, 212,
    212, 255, 255, 255, 255, 255, 255, 255, 255, 255, 255, 255, 255, 255, 255, 255, 255, 255, 255, 255,
    212, 255, 255, 255, 255, 255, 255, 255, 255, 255, 255, 255, 255, 255, 255, 255, 255, 255, 255, 255,
    212, 255, 255, 255, 255, 255, 255, 255, 255, 255, 255, 255, 255, 255, 255, 255, 255, 255, 255, 255,
      0,   0,   0,   0,   0,   0,   0,   0,   0,   0,   0,   0,   0,   0,   0,   0,   0,   0,   0, 224,
      0,   0,   0,   0,   0,   0,   0,   0,   0,   0,   0,   0,   0,   0,   0,   0,   0,   0,   0, 224,
      0,   0,   0,   0,   0,   0,   0,   0,   0,   0,   0,   0,   0,   0,   0,   0,   0,   0,   0, 224,
      0,   0,   0,   0,   0,   0,   0,   0,   0,   0,   0,   0,   0,   0,   0,   0,   0,   0,   0, 224,
      0,   0,   0,   0,   0,   0,   0,   0,   0,   0,   0,   0,   0,   0,   0,   0,   0,   0,   0, 224,
      0,   0,   0,   0,   0,   0,   0,   0,   0,   0,   0,   0,   0,   0,   0,   0,   0,   0,   0, 224,
      0,   0,   0,   0,   0,   0,   0,   0,   0,   0,   0,   0,   0,   0,   0,   0,   0,   0,   0,   0,
      0,   0,   0,   0,   0,   0,   0,   0,   0,   0,   0,   0,   0,   0,   0,   0,   0,   0,   0,   0,
      0,   0,   0,   0,   0,   0,   0,   0,   0,   0,   0,   0,   0,   0,   0,   0,   0,   0,   0,   0,
      0,   0,   0,   0,   0,   0,   0,   0,   0,   0,   0,   0,   0,   0,   0,   0,   0,   0,   0,   0,
      0,   0,   0,   0,   0,   0,   0,   0,   0,   0,   0,   0,   0,   0,   0,   0,   0,   0,   0,   0,
},

// 'Ъ' (U+042A)
{
     96, 255, 255, 255, 255, 255, 255, 255, 255, 172,   0,   0,   0,   0,   0,   0,   0,   0,   0,   0,
     96, 255, 255, 255, 255, 255, 255, 255, 255, 172,   0,   0,   0,   0,   0,   0,   0,   0,   0,   0,
     96, 255, 255, 255, 255, 255, 255, 255, 255, 172,   0,   0,   0,   0,   0,   0,   0,   0,   0,   0,
      0,   0,   0,   0,   0,  72, 255, 255, 255, 172,   0,   0,   0,   0,   0,   0,   0,   0,   0,   0,
      0,   0,   0,   0,   0,  72, 255, 255, 255, 172,   0,   0,   0,   0,   0,   0,   0,   0,   0,   0,
      0,   0,   0,   0,   0,  72, 255, 255, 255, 172,   0,   0,   0,   0,   0,   0,   0,   0,   0,   0,
      0,   0,   0,   0,   0,  72, 255, 255, 255, 172,   0,   0,   0,   0,   0,   0,   0,   0,   0,   0,
      0,   0,   0,   0,   0,  72, 255, 255, 255, 172,   0,   0,   0,   0,   0,   0,   0,   0,   0,   0,
      0,   0,   0,   0,   0,  72, 255, 255, 255, 172,   0,   0,   0,   0,   0,   0,   0,   0,   0,   0,
      0,   0,   0,   0,   0,  72, 255, 255, 255, 172,   0,   0,   0,   0,   0,   0,   0,   0,   0,   0,
      0,   0,   0,   0,   0,  72, 255, 255, 255, 172,   0,   0,   0,   0,   0,   0,   0,   0,   0,   0,
      0,   0,   0,   0,   0,  72, 255, 255, 255, 172,   0,   0,   0,   0,   0,   0,   0,   0,   0,   0,
      0,   0,   0,   0,   0,  72, 255, 255, 255, 255, 255, 255, 252, 238, 221, 177, 123,  34,   0,   0,
      0,   0,   0,   0,   0,  72, 255, 255, 255, 255, 255, 255, 255, 255, 255, 255, 255, 254, 172,  24,
      0,   0,   0,   0,   0,  72, 255, 255, 255, 255, 255, 255, 255, 255, 255, 255, 255, 255, 255, 234,
      0,   0,   0,   0,   0,  72, 255, 255, 255, 172,   0,   0,   3,  23,  75, 176, 255, 255, 255, 255,
      0,   0,   0,   0,   0,  72, 255, 255, 255, 172,   0,   0,   0,   0,   0,   0,  96, 254, 255, 255,
      0,   0,   0,   0,   0,  72, 255, 255, 255, 172,   0,   0,   0,   0,   0,   0,   0, 147, 255, 255,
      0,   0,   0,   0,   0,  72, 255, 255, 255, 172,   0,   0,   0,   0,   0,   0,   0,  35, 255, 255,
      0,   0,   0,   0,   0,  72, 255, 255, 255, 172,   0,   0,   0,   0,   0,   0,   0,   0, 234, 255,
      0,   0,   0,   0,   0,  72, 255, 255, 255, 172,   0,   0,   0,   0,   0,   0,   0,   0, 217, 255,
      0,   0,   0,   0,   0,  72, 255, 255, 255, 172,   0,   0,   0,   0,   0,   0,   0,   0, 233, 255,
      0,   0,   0,   0,   0,  72, 255, 255, 255, 172,   0,   0,   0,   0,   0,   0,   0,  32, 255, 255,
      0,   0,   0,   0,   0,  72, 255, 255, 255, 172,   0,   0,   0,   0,   0,   0,   0, 143, 255, 255,
      0,   0,   0,   0,   0,  72, 255, 255, 255, 172,   0,   0,   0,   0,   0,   0,  92, 253, 255, 255,
      0,   0,   0,   0,   0,  72, 255, 255, 255, 172,   0,   0,   3,  22,  73, 172, 255, 255, 255, 255,
      0,   0,   0,   0,   0,  72, 255, 255, 255, 255, 255, 255, 255, 255, 255, 255, 255, 255, 255, 234,
      0,   0,   0,   0,   0,  72, 255, 255, 255, 255, 255, 255, 255, 255, 255, 255, 255, 254, 173,  24,
      0,   0,   0,   0,   0,  72, 255, 255, 255, 255, 255, 255, 253, 239, 222, 179, 123,  34,   0,   0,
      0,   0,   0,   0,   0,   0,   0,   0,   0,   0,   0,   0,   0,   0,   0,   0,   0,   0,   0,   0,
      0,   0,   0,   0,   0,   0,   0,   0,   0,   0,   0,   0,   0,   0,   0,   0,   0,   0,   0,   0,
      0,   0,   0,   0,   0,   0,   0,   0,   0,   0,   0,   0,   0,   0,   0,   0,   0,   0,   0,   0,
      0,   0,   0,   0,   0,   0,   0,   0,   0,   0,   0,   0,   0,   0,   0,   0,   0,   0,   0,   0,
      0,   0,   0,   0,   0,   0,   0,   0,   0,   0,   0,   0,   0,   0,   0,   0,   0,   0,   0,   0,
      0,   0,   0,   0,   0,   0,   0,   0,   0,   0,   0,   0,   0,   0,   0,   0,   0,   0,   0,   0,
      0,   0,   0,   0,   0,   0,   0,   0,   0,   0,   0,   0,   0,   0,   0,   0,   0,   0,   0,   0,
      0,   0,   0,   0,   0,   0,   0,   0,   0,   0,   0,   0,   0,   0,   0,   0,   0,   0,   0,   0,
      0,   0,   0,   0,   0,   0,   0,   0,   0,   0,   0,   0,   0,   0,   0,   0,   0,   0,   0,   0,
      0,   0,   0,   0,   0,   0,   0,   0,   0,   0,   0,   0,   0,   0,   0,   0,   0,   0,   0,   0,
      0,   0,   0,   0,   0,   0,   0,   0,   0,   0,   0,   0,   0,   0,   0,   0,   0,   0,   0,   0,
},

// 'Ы' (U+042B)
{
    188, 255, 255, 255,  56,   0,   0,   0,   0,   0,   0,   0,   0,   0,   0,   0,   0, 208, 255, 255,
    188, 255, 255, 255,  56,   0,   0,   0,   0,   0,   0,   0,   0,   0,   0,   0,   0, 208, 255, 255,
    188, 255, 255, 255,  56,   0,   0,   0,   0,   0,   0,   0,   0,   0,   0,   0,   0, 208, 255, 255,
    188, 255, 255, 255,  56,   0,   0,   0,   0,   0,   0,   0,   0,   0,   0,   0,   0, 208, 255, 255,
    188, 255, 255, 255,  56,   0,   0,   0,   0,   0,   0,   0,   0,   0,   0,   0,   0, 208, 255, 255,
    188, 255, 255, 255,  56,   0,   0,   0,   0,   0,   0,   0,   0,   0,   0,   0,   0, 208, 255, 255,
    188, 255, 255, 255,  56,   0,   0,   0,   0,   0,   0,   0,   0,   0,   0,   0,   0, 208, 255, 255,
    188, 255, 255, 255,  56,   0,   0,   0,   0,   0,   0,   0,   0,   0,   0,   0,   0, 208, 255, 255,
    188, 255, 255, 255,  56,   0,   0,   0,   0,   0,   0,   0,   0,   0,   0,   0,   0, 208, 255, 255,
    188, 255, 255, 255,  56,   0,   0,   0,   0,   0,   0,   0,   0,   0,   0,   0,   0, 208, 255, 255,
    188, 255, 255, 255,  56,   0,   0,   0,   0,   0,   0,   0,   0,   0,   0,   0,   0, 208, 255, 255,
    188, 255, 255, 255,  56,   0,   0,   0,   0,   0,   0,   0,   0,   0,   0,   0,   0, 208, 255, 255,
    188, 255, 255, 255, 255, 255, 246, 225, 177, 107,  12,   0,   0,   0,   0,   0,   0, 208, 255, 255,
    188, 255, 255, 255, 255, 255, 255, 255, 255, 255, 239, 100,   0,   0,   0,   0,   0, 208, 255, 255,
    188, 255, 255, 255, 255, 255, 255, 255, 255, 255, 255, 255, 150,   0,   0,   0,   0, 208, 255, 255,
    188, 255, 255, 255,  56,   0,  11,  54, 161, 255, 255, 255, 255, 110,   0,   0,   0, 208, 255, 255,
    188, 255, 255, 255,  56,   0,   0,   0,   0, 131, 255, 255, 255, 237,  15,   0,   0, 208, 255, 255,
    188, 255, 255, 255,  56,   0,   0,   0,   0,   4, 224, 255, 255, 255,  90,   0,   0, 208, 255, 255,
    188, 255, 255, 255,  56,   0,   0,   0,   0,   0, 141, 255, 255, 255, 154,   0,   0, 208, 255, 255,
    188, 255, 255, 255,  56,   0,   0,   0,   0,   0,  97, 255, 255, 255, 182,   0,   0, 208, 255, 255,
    188, 255, 255, 255,  56,   0,   0,   0,   0,   0,  83, 255, 255, 255, 198,   0,   0, 208, 255, 255,
    188, 255, 255, 255,  56,   0,   0,   0,   0,   0,  94, 255, 255, 255, 182,   0,   0, 208, 255, 255,
    188, 255, 255, 255,  56,   0,   0,   0,   0,   0, 130, 255, 255, 255, 155,   0,   0, 208, 255, 255,
    188, 255, 255, 255,  56,   0,   0,   0,   0,   0, 208, 255, 255, 255,  90,   0,   0, 208, 255, 255,
    188, 255, 255, 255,  56,   0,   0,   0,   0, 126, 255, 255, 255, 237,  15,   0,   0, 208, 255, 255,
    188, 255, 255, 255,  56,   0,  12,  64, 181, 255, 255, 255, 255, 109,   0,   0,   0, 208, 255, 255,
    188, 255, 255, 255, 255, 255, 255, 255, 255, 255, 255, 255, 150,   0,   0,   0,   0, 208, 255, 255,
    188, 255, 255, 255, 255, 255, 255, 255, 255, 255, 239, 101,   0,   0,   0,   0,   0, 208, 255, 255,
    188, 255, 255, 255, 255, 255, 246, 226, 178, 107,  12,   0,   0,   0,   0,   0,   0, 208, 255, 255,
      0,   0,   0,   0,   0,   0,   0,   0,   0,   0,   0,   0,   0,   0,   0,   0,   0,   0,   0,   0,
      0,   0,   0,   0,   0,   0,   0,   0,   0,   0,   0,   0,   0,   0,   0,   0,   0,   0,   0,   0,
      0,   0,   0,   0,   0,   0,   0,   0,   0,   0,   0,   0,   0,   0,   0,   0,   0,   0,   0,   0,
      0,   0,   0,   0,   0,   0,   0,   0,   0,   0,   0,   0,   0,   0,   0,   0,   0,   0,   0,   0,
      0,   0,   0,   0,   0,   0,   0,   0,   0,   0,   0,   0,   0,   0,   0,   0,   0,   0,   0,   0,
      0,   0,   0,   0,   0,   0,   0,   0,   0,   0,   0,   0,   0,   0,   0,   0,   0,   0,   0,   0,
      0,   0,   0,   0,   0,   0,   0,   0,   0,   0,   0,   0,   0,   0,   0,   0,   0,   0,   0,   0,
      0,   0,   0,   0,   0,   0,   0,   0,   0,   0,   0,   0,   0,   0,   0,   0,   0,   0,   0,   0,
      0,   0,   0,   0,   0,   0,   0,   0,   0,   0,   0,   0,   0,   0,   0,   0,   0,   0,   0,   0,
      0,   0,   0,   0,   0,   0,   0,   0,   0,   0,   0,   0,   0,   0,   0,   0,   0,   0,   0,   0,
      0,   0,   0,   0,   0,   0,   0,   0,   0,   0,   0,   0,   0,   0,   0,   0,   0,   0,   0,   0,
},

// 'Ь' (U+042C)
{
     40, 255, 255, 255, 204,   0,   0,   0,   0,   0,   0,   0,   0,   0,   0,   0,   0,   0,   0,   0,
     40, 255, 255, 255, 204,   0,   0,   0,   0,   0,   0,   0,   0,   0,   0,   0,   0,   0,   0,   0,
     40, 255, 255, 255, 204,   0,   0,   0,   0,   0,   0,   0,   0,   0,   0,   0,   0,   0,   0,   0,
     40, 255, 255, 255, 204,   0,   0,   0,   0,   0,   0,   0,   0,   0,   0,   0,   0,   0,   0,   0,
     40, 255, 255, 255, 204,   0,   0,   0,   0,   0,   0,   0,   0,   0,   0,   0,   0,   0,   0,   0,
     40, 255, 255, 255, 204,   0,   0,   0,   0,   0,   0,   0,   0,   0,   0,   0,   0,   0,   0,   0,
     40, 255, 255, 255, 204,   0,   0,   0,   0,   0,   0,   0,   0,   0,   0,   0,   0,   0,   0,   0,
     40, 255, 255, 255, 204,   0,   0,   0,   0,   0,   0,   0,   0,   0,   0,   0,   0,   0,   0,   0,
     40, 255, 255, 255, 204,   0,   0,   0,   0,   0,   0,   0,   0,   0,   0,   0,   0,   0,   0,   0,
     40, 255, 255, 255, 204,   0,   0,   0,   0,   0,   0,   0,   0,   0,   0,   0,   0,   0,   0,   0,
     40, 255, 255, 255, 204,   0,   0,   0,   0,   0,   0,   0,   0,   0,   0,   0,   0,   0,   0,   0,
     40, 255, 255, 255, 204,   0,   0,   0,   0,   0,   0,   0,   0,   0,   0,   0,   0,   0,   0,   0,
     40, 255, 255, 255, 255, 255, 255, 255, 255, 252, 238, 221, 177, 123,  34,   0,   0,   0,   0,   0,
     40, 255, 255, 255, 255, 255, 255, 255, 255, 255, 255, 255, 255, 255, 254, 172,  24,   0,   0,   0,
     40, 255, 255, 255, 255, 255, 255, 255, 255, 255, 255, 255, 255, 255, 255, 255, 234,  40,   0,   0,
     40, 255, 255, 255, 204,   0,   0,   0,   0,   3,  23,  76, 178, 255, 255, 255, 255, 223,  10,   0,
     40, 255, 255, 255, 204,   0,   0,   0,   0,   0,   0,   0,   0,  99, 254, 255, 255, 255, 121,   0,
     40, 255, 255, 255, 204,   0,   0,   0,   0,   0,   0,   0,   0,   0, 149, 255, 255, 255, 214,   0,
     40, 255, 255, 255, 204,   0,   0,   0,   0,   0,   0,   0,   0,   0,  35, 255, 255, 255, 255,  23,
     40, 255, 255, 255, 204,   0,   0,   0,   0,   0,   0,   0,   0,   0,   0, 234, 255, 255, 255,  50,
     40, 255, 255, 255, 204,   0,   0,   0,   0,   0,   0,   0,   0,   0,   0, 217, 255, 255, 255,  66,
     40, 255, 255, 255, 204,   0,   0,   0,   0,   0,   0,   0,   0,   0,   0, 233, 255, 255, 255,  50,
     40, 255, 255, 255, 204,   0,   0,   0,   0,   0,   0,   0,   0,   0,  32, 255, 255, 255, 255,  23,
     40, 255, 255, 255, 204,   0,   0,   0,   0,   0,   0,   0,   0,   0, 143, 255, 255, 255, 214,   0,
     40, 255, 255, 255, 204,   0,   0,   0,   0,   0,   0,   0,   0,  92, 253, 255, 255, 255, 120,   0,
     40, 255, 255, 255, 204,   0,   0,   0,   0,   3,  22,  74, 172, 255, 255, 255, 255, 222,   9,   0,
     40, 255, 255, 255, 255, 255, 255, 255, 255, 255, 255, 255, 255, 255, 255, 255, 232,  38,   0,   0,
     40, 255, 255, 255, 255, 255, 255, 255, 255, 255, 255, 255, 255, 255, 254, 171,  22,   0,   0,   0,
     40, 255, 255, 255, 255, 255, 255, 255, 255, 253, 239, 222, 178, 122,  33,   0,   0,   0,   0,   0,
      0,   0,   0,   0,   0,   0,   0,   0,   0,   0,   0,   0,   0,   0,   0,   0,   0,   0,   0,   0,
      0,   0,   0,   0,   0,   0,   0,   0,   0,   0,   0,   0,   0,   0,   0,   0,   0,   0,   0,   0,
      0,   0,   0,   0,   0,   0,   0,   0,   0,   0,   0,   0,   0,   0,   0,   0,   0,   0,   0,   0,
      0,   0,   0,   0,   0,   0,   0,   0,   0,   0,   0,   0,   0,   0,   0,   0,   0,   0,   0,   0,
      0,   0,   0,   0,   0,   0,   0,   0,   0,   0,   0,   0,   0,   0,   0,   0,   0,   0,   0,   0,
      0,   0,   0,   0,   0,   0,   0,   0,   0,   0,   0,   0,   0,   0,   0,   0,   0,   0,   0,   0,
      0,   0,   0,   0,   0,   0,   0,   0,   0,   0,   0,   0,   0,   0,   0,   0,   0,   0,   0,   0,
      0,   0,   0,   0,   0,   0,   0,   0,   0,   0,   0,   0,   0,   0,   0,   0,   0,   0,   0,   0,
      0,   0,   0,   0,   0,   0,   0,   0,   0,   0,   0,   0,   0,   0,   0,   0,   0,   0,   0,   0,
      0,   0,   0,   0,   0,   0,   0,   0,   0,   0,   0,   0,   0,   0,   0,   0,   0,   0,   0,   0,
      0,   0,   0,   0,   0,   0,   0,   0,   0,   0,   0,   0,   0,   0,   0,   0,   0,   0,   0,   0,
},

// 'Э' (U+042D)
{
      0,   0,   9,  94, 167, 220, 243, 246, 223, 197, 133,  52,   0,   0,   0,   0,   0,   0,   0,   0,
      5, 114, 238, 255, 255, 255, 255, 255, 255, 255, 255, 255, 196,  45,   0,   0,   0,   0,   0,   0,
     72, 255, 255, 255, 255, 255, 255, 255, 255, 255, 255, 255, 255, 251, 102,   0,   0,   0,   0,   0,
     72, 255, 255, 232, 138,  58,  23,   7,  32,  87, 187, 255, 255, 255, 254, 101,   0,   0,   0,   0,
     72, 254, 140,  13,   0,   0,   0,   0,   0,   0,   0,  99, 251, 255, 255, 252,  49,   0,   0,   0,
     63,  85,   0,   0,   0,   0,   0,   0,   0,   0,   0,   0, 105, 255, 255, 255, 203,   2,   0,   0,
      0,   0,   0,   0,   0,   0,   0,   0,   0,   0,   0,   0,   0, 197, 255, 255, 255,  86,   0,   0,
      0,   0,   0,   0,   0,   0,   0,   0,   0,   0,   0,   0,   0,  91, 255, 255, 255, 183,   0,   0,
      0,   0,   0,   0,   0,   0,   0,   0,   0,   0,   0,   0,   0,  15, 252, 255, 255, 253,  25,   0,
      0,   0,   0,   0,   0,   0,   0,   0,   0,   0,   0,   0,   0,   0, 211, 255, 255, 255,  84,   0,
      0,   0,   0,   0,   0,   0,   0,   0,   0,   0,   0,   0,   0,   0, 159, 255, 255, 255, 134,   0,
      0,   0,   0,   0,   0,   0,   0,   0,   0,   0,   0,   0,   0,   0, 121, 255, 255, 255, 183,   0,
      0,   0,   0,   0,   0,   0,   0,   0,   0,   0,   0,   0,   0,   0,  86, 255, 255, 255, 205,   0,
      0,   0, 128, 255, 255, 255, 255, 255, 255, 255, 255, 255, 255, 255, 255, 255, 255, 255, 220,   0,
      0,   0, 128, 255, 255, 255, 255, 255, 255, 255, 255, 255, 255, 255, 255, 255, 255, 255, 235,   0,
      0,   0, 128, 255, 255, 255, 255, 255, 255, 255, 255, 255, 255, 255, 255, 255, 255, 255, 236,   0,
      0,   0,   0,   0,   0,   0,   0,   0,   0,   0,   0,   0,   0,   0,  49, 255, 255, 255, 221,   0,
      0,   0,   0,   0,   0,   0,   0,   0,   0,   0,   0,   0,   0,   0,  67, 255, 255, 255, 206,   0,
      0,   0,   0,   0,   0,   0,   0,   0,   0,   0,   0,   0,   0,   0,  91, 255, 255, 255, 185,   0,
      0,   0,   0,   0,   0,   0,   0,   0,   0,   0,   0,   0,   0,   0, 136, 255, 255, 255, 137,   0,
      0,   0,   0,   0,   0,   0,   0,   0,   0,   0,   0,   0,   0,   0, 188, 255, 255, 255,  87,   0,
      0,   0,   0,   0,   0,   0,   0,   0,   0,   0,   0,   0,   0,  16, 250, 255, 255, 254,  28,   0,
      0,   0,   0,   0,   0,   0,   0,   0,   0,   0,   0,   0,   0, 106, 255, 255, 255, 188,   0,   0,
      0,   0,   0,   0,   0,   0,   0,   0,   0,   0,   0,   0,   5, 225, 255, 255, 255,  90,   0,   0,
     63,  83,   0,   0,   0,   0,   0,   0,   0,   0,   0,   0, 144, 255, 255, 255, 207,   4,   0,   0,
     72, 254, 137,  12,   0,   0,   0,   0,   0,   0,   1, 123, 255, 255, 255, 253,  53,   0,   0,   0,
     72, 255, 255, 230, 135,  57,  21,   7,  33,  92, 198, 255, 255, 255, 255, 106,   0,   0,   0,   0,
     72, 255, 255, 255, 255, 255, 255, 255, 255, 255, 255, 255, 255, 252, 108,   0,   0,   0,   0,   0,
      5, 115, 238, 255, 255, 255, 255, 255, 255, 255, 255, 255, 200,  49,   0,   0,   0,   0,   0,   0,
      0,   0,   9,  94, 168, 220, 244, 247, 224, 199, 136,  55,   1,   0,   0,   0,   0,   0,   0,   0,
      0,   0,   0,   0,   0,   0,   0,   0,   0,   0,   0,   0,   0,   0,   0,   0,   0,   0,   0,   0,
      0,   0,   0,   0,   0,   0,   0,   0,   0,   0,   0,   0,   0,   0,   0,   0,   0,   0,   0,   0,
      0,   0,   0,   0,   0,   0,   0,   0,   0,   0,   0,   0,   0,   0,   0,   0,   0,   0,   0,   0,
      0,   0,   0,   0,   0,   0,   0,   0,   0,   0,   0,   0,   0,   0,   0,   0,   0,   0,   0,   0,
      0,   0,   0,   0,   0,   0,   0,   0,   0,   0,   0,   0,   0,   0,   0,   0,   0,   0,   0,   0,
      0,   0,   0,   0,   0,   0,   0,   0,   0,   0,   0,   0,   0,   0,   0,   0,   0,   0,   0,   0,
      0,   0,   0,   0,   0,   0,   0,   0,   0,   0,   0,   0,   0,   0,   0,   0,   0,   0,   0,   0,
      0,   0,   0,   0,   0,   0,   0,   0,   0,   0,   0,   0,   0,   0,   0,   0,   0,   0,   0,   0,
      0,   0,   0,   0,   0,   0,   0,   0,   0,   0,   0,   0,   0,   0,   0,   0,   0,   0,   0,   0,
      0,   0,   0,   0,   0,   0,   0,   0,   0,   0,   0,   0,   0,   0,   0,   0,   0,   0,   0,   0,
},

// 'Ю' (U+042E)
{
      0,   0,   0,   0,   0,   0,   0,   0,   0,   0,  17, 118, 204, 237, 242, 209, 133,  26,   0,   0,
    212, 255, 255, 255,  36,   0,   0,   0,   0,  47, 225, 255, 255, 255, 255, 255, 255, 239,  65,   0,
    212, 255, 255, 255,  36,   0,   0,   0,  20, 233, 255, 255, 255, 255, 255, 255, 255, 255, 248,  44,
    212, 255, 255, 255,  36,   0,   0,   0, 163, 255, 255, 255, 153,  29,  19, 114, 253, 255, 255, 205,
    212, 255, 255, 255,  36,   0,   0,  26, 251, 255, 255, 178,   0,   0,   0,   0, 130, 255, 255, 255,
    212, 255, 255, 255,  36,   0,   0, 121, 255, 255, 255,  52,   0,   0,   0,   0,  16, 244, 255, 255,
    212, 255, 255, 255,  36,   0,   0, 191, 255, 255, 229,   0,   0,   0,   0,   0,   0, 181, 255, 255,
    212, 255, 255, 255,  36,   0,   7, 247, 255, 255, 170,   0,   0,   0,   0,   0,   0, 121, 255, 255,
    212, 255, 255, 255,  36,   0,  46, 255, 255, 255, 132,   0,   0,   0,   0,   0,   0,  84, 255, 255,
    212, 255, 255, 255,  36,   0,  82, 255, 255, 255, 100,   0,   0,   0,   0,   0,   0,  49, 255, 255,
    212, 255, 255, 255,  36,   0, 117, 255, 255, 255,  80,   0,   0,   0,   0,   0,   0,  30, 255, 255,
    212, 255, 255, 255,  36,   0, 138, 255, 255, 255,  62,   0,   0,   0,   0,   0,   0,  12, 255, 255,
    212, 255, 255, 255,  36,   0, 153, 255, 255, 255,  51,   0,   0,   0,   0,   0,   0,   0, 255, 255,
    212, 255, 255, 255,  36,   0, 168, 255, 255, 255,  46,   0,   0,   0,   0,   0,   0,   0, 252, 255,
    212, 255, 255, 255, 255, 255, 255, 255, 255, 255,  42,   0,   0,   0,   0,   0,   0,   0, 247, 255,
    212, 255, 255, 255, 255, 255, 255, 255, 255, 255,  41,   0,   0,   0,   0,   0,   0,   0, 246, 255,
    212, 255, 255, 255, 255, 255, 255, 255, 255, 255,  46,   0,   0,   0,   0,   0,   0,   0, 251, 255,
    212, 255, 255, 255,  36,   0, 168, 255, 255, 255,  51,   0,   0,   0,   0,   0,   0,   0, 255, 255,
    212, 255, 255, 255,  36,   0, 150, 255, 255, 255,  62,   0,   0,   0,   0,   0,   0,  11, 255, 255,
    212, 255, 255, 255,  36,   0, 131, 255, 255, 255,  80,   0,   0,   0,   0,   0,   0,  30, 255, 255,
    212, 255, 255, 255,  36,   0, 100, 255, 255, 255,  99,   0,   0,   0,   0,   0,   0,  49, 255, 255,
    212, 255, 255, 255,  36,   0,  59, 255, 255, 255, 132,   0,   0,   0,   0,   0,   0,  82, 255, 255,
    212, 255, 255, 255,  36,   0,  15, 253, 255, 255, 169,   0,   0,   0,   0,   0,   0, 120, 255, 255,
    212, 255, 255, 255,  36,   0,   0, 202, 255, 255, 228,   0,   0,   0,   0,   0,   0, 179, 255, 255,
    212, 255, 255, 255,  36,   0,   0, 129, 255, 255, 255,  51,   0,   0,   0,   0,  14, 243, 255, 255,
    212, 255, 255, 255,  36,   0,   0,  31, 252, 255, 255, 177,   0,   0,   0,   0, 127, 255, 255, 255,
    212, 255, 255, 255,  36,   0,   0,   0, 167, 255, 255, 255, 152,  28,  18, 113, 252, 255, 255, 205,
    212, 255, 255, 255,  36,   0,   0,   0,  22, 234, 255, 255, 255, 255, 255, 255, 255, 255, 249,  45,
    212, 255, 255, 255,  36,   0,   0,   0,   0,  49, 227, 255, 255, 255, 255, 255, 255, 239,  66,   0,
    212, 255, 255, 255,  36,   0,   0,   0,   0,   0,  18, 120, 205, 238, 243, 211, 135,  26,   0,   0,
      0,   0,   0,   0,   0,   0,   0,   0,   0,   0,   0,   0,   0,   0,   0,   0,   0,   0,   0,   0,
      0,   0,   0,   0,   0,   0,   0,   0,   0,   0,   0,   0,   0,   0,   0,   0,   0,   0,   0,   0,
      0,   0,   0,   0,   0,   0,   0,   0,   0,   0,   0,   0,   0,   0,   0,   0,   0,   0,   0,   0,
      0,   0,   0,   0,   0,   0,   0,   0,   0,   0,   0,   0,   0,   0,   0,   0,   0,   0,   0,   0,
      0,   0,   0,   0,   0,   0,   0,   0,   0,   0,   0,   0,   0,   0,   0,   0,   0,   0,   0,   0,
      0,   0,   0,   0,   0,   0,   0,   0,   0,   0,   0,   0,   0,   0,   0,   0,   0,   0,   0,   0,
      0,   0,   0,   0,   0,   0,   0,   0,   0,   0,   0,   0,   0,   0,   0,   0,   0,   0,   0,   0,
      0,   0,   0,   0,   0,   0,   0,   0,   0,   0,   0,   0,   0,   0,   0,   0,   0,   0,   0,   0,
      0,   0,   0,   0,   0,   0,   0,   0,   0,   0,   0,   0,   0,   0,   0,   0,   0,   0,   0,   0,
      0,   0,   0,   0,   0,   0,   0,   0,   0,   0,   0,   0,   0,   0,   0,   0,   0,   0,   0,   0,
},

// 'Я' (U+042F)
{
      0,   0,   0,   0,   0,   0,   5,  84, 152, 204, 231, 247, 255, 255, 255, 255, 255, 255, 255, 255,
      0,   0,   0,   0,   0,  93, 232, 255, 255, 255, 255, 255, 255, 255, 255, 255, 255, 255, 255, 255,
      0,   0,   0,   0, 153, 255, 255, 255, 255, 255, 255, 255, 255, 255, 255, 255, 255, 255, 255, 255,
      0,   0,   0, 120, 255, 255, 255, 255, 215, 102,  37,   9,   0,   0,   0,   0,   0, 212, 255, 255,
      0,   0,  23, 244, 255, 255, 255, 174,   8,   0,   0,   0,   0,   0,   0,   0,   0, 212, 255, 255,
      0,   0, 110, 255, 255, 255, 233,  11,   0,   0,   0,   0,   0,   0,   0,   0,   0, 212, 255, 255,
      0,   0, 177, 255, 255, 255, 140,   0,   0,   0,   0,   0,   0,   0,   0,   0,   0, 212, 255, 255,
      0,   0, 207, 255, 255, 255,  87,   0,   0,   0,   0,   0,   0,   0,   0,   0,   0, 212, 255, 255,
      0,   0, 223, 255, 255, 255,  72,   0,   0,   0,   0,   0,   0,   0,   0,   0,   0, 212, 255, 255,
      0,   0, 213, 255, 255, 255,  85,   0,   0,   0,   0,   0,   0,   0,   0,   0,   0, 212, 255, 255,
      0,   0, 183, 255, 255, 255, 130,   0,   0,   0,   0,   0,   0,   0,   0,   0,   0, 212, 255, 255,
      0,   0, 121, 255, 255, 255, 219,   3,   0,   0,   0,   0,   0,   0,   0,   0,   0, 212, 255, 255,
      0,   0,  25, 248, 255, 255, 255, 142,   1,   0,   0,   0,   0,   0,   0,   0,   0, 212, 255, 255,
      0,   0,   0, 106, 255, 255, 255, 255, 193,  85,  27,   5,   0,   0,   0,   0,   0, 212, 255, 255,
      0,   0,   0,   0,  99, 250, 255, 255, 255, 255, 255, 255, 255, 255, 255, 255, 255, 255, 255, 255,
      0,   0,   0,   0,   0,  57, 199, 255, 255, 255, 255, 255, 255, 255, 255, 255, 255, 255, 255, 255,
      0,   0,   0,   0,   0,   0,   0, 144, 255, 255, 255, 255, 255, 255, 255, 255, 255, 255, 255, 255,
      0,   0,   0,   0,   0,   0,  12, 231, 255, 255, 254,  55,   0,   0,   0,   0,   0, 212, 255, 255,
      0,   0,   0,   0,   0,   0, 135, 255, 255, 255, 165,   0,   0,   0,   0,   0,   0, 212, 255, 255,
      0,   0,   0,   0,   0,  32, 247, 255, 255, 246,  29,   0,   0,   0,   0,   0,   0, 212, 255, 255,
      0,   0,   0,   0,   0, 171, 255, 255, 255, 129,   0,   0,   0,   0,   0,   0,   0, 212, 255, 255,
      0,   0,   0,   0,  61, 255, 255, 255, 229,  11,   0,   0,   0,   0,   0,   0,   0, 212, 255, 255,
      0,   0,   0,   1, 204, 255, 255, 255,  94,   0,   0,   0,   0,   0,   0,   0,   0, 212, 255, 255,
      0,   0,   0,  97, 255, 255, 255, 203,   1,   0,   0,   0,   0,   0,   0,   0,   0, 212, 255, 255,
      0,   0,  12, 230, 255, 255, 255,  60,   0,   0,   0,   0,   0,   0,   0,   0,   0, 212, 255, 255,
      0,   0, 133, 255, 255, 255, 169,   0,   0,   0,   0,   0,   0,   0,   0,   0,   0, 212, 255, 255,
      0,  31, 247, 255, 255, 247,  32,   0,   0,   0,   0,   0,   0,   0,   0,   0,   0, 212, 255, 255,
      0, 169, 255, 255, 255, 134,   0,   0,   0,   0,   0,   0,   0,   0,   0,   0,   0, 212, 255, 255,
     59, 255, 255, 255, 231,  12,   0,   0,   0,   0,   0,   0,   0,   0,   0,   0,   0, 212, 255, 255,
      0,   0,   0,   0,   0,   0,   0,   0,   0,   0,   0,   0,   0,   0,   0,   0,   0,   0,   0,   0,
      0,   0,   0,   0,   0,   0,   0,   0,   0,   0,   0,   0,   0,   0,   0,   0,   0,   0,   0,   0,
      0,   0,   0,   0,   0,   0,   0,   0,   0,   0,   0,   0,   0,   0,   0,   0,   0,   0,   0,   0,
      0,   0,   0,   0,   0,   0,   0,   0,   0,   0,   0,   0,   0,   0,   0,   0,   0,   0,   0,   0,
      0,   0,   0,   0,   0,   0,   0,   0,   0,   0,   0,   0,   0,   0,   0,   0,   0,   0,   0,   0,
      0,   0,   0,   0,   0,   0,   0,   0,   0,   0,   0,   0,   0,   0,   0,   0,   0,   0,   0,   0,
      0,   0,   0,   0,   0,   0,   0,   0,   0,   0,   0,   0,   0,   0,   0,   0,   0,   0,   0,   0,
      0,   0,   0,   0,   0,   0,   0,   0,   0,   0,   0,   0,   0,   0,   0,   0,   0,   0,   0,   0,
      0,   0,   0,   0,   0,   0,   0,   0,   0,   0,   0,   0,   0,   0,   0,   0,   0,   0,   0,   0,
      0,   0,   0,   0,   0,   0,   0,   0,   0,   0,   0,   0,   0,   0,   0,   0,   0,   0,   0,   0,
      0,   0,   0,   0,   0,   0,   0,   0,   0,   0,   0,   0,   0,   0,   0,   0,   0,   0,   0,   0,
},

// 'а' (U+0430)
{
      0,   0,  15,  65, 115, 165, 200, 218, 236, 250, 235, 214, 169,  93,  14,   0,   0,   0,   0,   0,
      0,   0, 204, 255, 255, 255, 255, 255, 255, 255, 255, 255, 255, 255, 233,  95,   0,   0,   0,   0,
      0,   0, 204, 255, 255, 255, 255, 255, 255, 255, 255, 255, 255, 255, 255, 255, 132,   0,   0,   0,
      0,   0, 204, 255, 241, 163,  98,  46,  20,   4,  14,  53, 129, 242, 255, 255, 255,  96,   0,   0,
      0,   0, 165,  97,   7,   0,   0,   0,   0,   0,   0,   0,   0,  39, 238, 255, 255, 231,   4,   0,
      0,   0,   0,   0,   0,   0,   0,   0,   0,   0,   0,   0,   0,   0, 115, 255, 255, 255,  64,   0,
      0,   0,   0,   0,   0,   0,   0,   0,   0,   0,   0,   0,   0,   0,  34, 255, 255, 255, 119,   0,
      0,   0,   0,   0,   0,   0,   0,   0,   0,   0,   0,   0,   0,   0,   0, 250, 255, 255, 148,   0,
      0,   0,   0,   0,   0,   0,   0,   0,   0,   0,   0,   0,   0,   0,   0, 237, 255, 255, 164,   0,
      0,   0,   0,   0,  10,  86, 156, 202, 232, 245, 255, 255, 255, 255, 255, 255, 255, 255, 172,   0,
      0,   0,   1, 107, 238, 255, 255, 255, 255, 255, 255, 255, 255, 255, 255, 255, 255, 255, 175,   0,
      0,   2, 159, 255, 255, 255, 255, 255, 255, 255, 255, 255, 255, 255, 255, 255, 255, 255, 176,   0,
      0, 106, 255, 255, 255, 254, 174,  87,  38,  11,   1,   0,   0,   0,   0, 236, 255, 255, 176,   0,
      2, 231, 255, 255, 249,  72,   0,   0,   0,   0,   0,   0,   0,   0,   0, 249, 255, 255, 176,   0,
     53, 255, 255, 255, 137,   0,   0,   0,   0,   0,   0,   0,   0,   0,  20, 255, 255, 255, 176,   0,
     87, 255, 255, 255,  64,   0,   0,   0,   0,   0,   0,   0,   0,   0,  77, 255, 255, 255, 176,   0,
     97, 255, 255, 255,  56,   0,   0,   0,   0,   0,   0,   0,   0,   0, 172, 255, 255, 255, 176,   0,
     75, 255, 255, 255, 107,   0,   0,   0,   0,   0,   0,   0,   0,  62, 253, 255, 255, 255, 176,   0,
     18, 252, 255, 255, 225,  21,   0,   0,   0,   0,   0,   0,  50, 233, 255, 255, 255, 255, 176,   0,
      0, 167, 255, 255, 255, 224,  97,  28,   4,  17,  60, 149, 250, 255, 213, 242, 255, 255, 176,   0,
      0,  27, 229, 255, 255, 255, 255, 255, 255, 255, 255, 255, 255, 241,  39, 236, 255, 255, 176,   0,
      0,   0,  38, 209, 255, 255, 255, 255, 255, 255, 255, 255, 209,  41,   0, 236, 255, 255, 176,   0,
      0,   0,   0,   4,  90, 176, 228, 248, 242, 216, 172,  85,   7,   0,   0, 236, 255, 255, 176,   0,
      0,   0,   0,   0,   0,   0,   0,   0,   0,   0,   0,   0,   0,   0,   0,   0,   0,   0,   0,   0,
      0,   0,   0,   0,   0,   0,   0,   0,   0,   0,   0,   0,   0,   0,   0,   0,   0,   0,   0,   0,
      0,   0,   0,   0,   0,   0,   0,   0,   0,   0,   0,   0,   0,   0,   0,   0,   0,   0,   0,   0,
      0,   0,   0,   0,   0,   0,   0,   0,   0,   0,   0,   0,   0,   0,   0,   0,   0,   0,   0,   0,
      0,   0,   0,   0,   0,   0,   0,   0,   0,   0,   0,   0,   0,   0,   0,   0,   0,   0,   0,   0,
      0,   0,   0,   0,   0,   0,   0,   0,   0,   0,   0,   0,   0,   0,   0,   0,   0,   0,   0,   0,
      0,   0,   0,   0,   0,   0,   0,   0,   0,   0,   0,   0,   0,   0,   0,   0,   0,   0,   0,   0,
      0,   0,   0,   0,   0,   0,   0,   0,   0,   0,   0,   0,   0,   0,   0,   0,   0,   0,   0,   0,
      0,   0,   0,   0,   0,   0,   0,   0,   0,   0,   0,   0,   0,   0,   0,   0,   0,   0,   0,   0,
      0,   0,   0,   0,   0,   0,   0,   0,   0,   0,   0,   0,   0,   0,   0,   0,   0,   0,   0,   0,
      0,   0,   0,   0,   0,   0,   0,   0,   0,   0,   0,   0,   0,   0,   0,   0,   0,   0,   0,   0,
      0,   0,   0,   0,   0,   0,   0,   0,   0,   0,   0,   0,   0,   0,   0,   0,   0,   0,   0,   0,
      0,   0,   0,   0,   0,   0,   0,   0,   0,   0,   0,   0,   0,   0,   0,   0,   0,   0,   0,   0,
      0,   0,   0,   0,   0,   0,   0,   0,   0,   0,   0,   0,   0,   0,   0,   0,   0,   0,   0,   0,
      0,   0,   0,   0,   0,   0,   0,   0,   0,   0,   0,   0,   0,   0,   0,   0,   0,   0,   0,   0,
      0,   0,   0,   0,   0,   0,   0,   0,   0,   0,   0,   0,   0,   0,   0,   0,   0,   0,   0,   0,
      0,   0,   0,   0,   0,   0,   0,   0,   0,   0,   0,   0,   0,   0,   0,   0,   0,   0,   0,   0,
},

// 'б' (U+0431)
{
      0,   0,   0,   0,   0,   0,   0,   0,   0,   7,  48,  87, 117, 137, 157, 190, 139,   0,   0,   0,
      0,   0,   0,   0,   0,   0,   8,  97, 187, 247, 255, 255, 255, 255, 255, 255, 244,  17,   0,   0,
      0,   0,   0,   0,   0,  78, 226, 255, 255, 255, 255, 255, 255, 255, 255, 255, 255, 121,   0,   0,
      0,   0,   0,   1, 135, 255, 255, 255, 255, 255, 255, 225, 196, 168, 140, 111,  77,  19,   0,   0,
      0,   0,   0, 140, 255, 255, 255, 255, 195,  81,  18,   0,   0,   0,   0,   0,   0,   0,   0,   0,
      0,   0,  86, 255, 255, 255, 235,  84,   0,   0,   0,   0,   0,   0,   0,   0,   0,   0,   0,   0,
      0,  12, 231, 255, 255, 214,  26,   0,   0,   0,   0,   0,   0,   0,   0,   0,   0,   0,   0,   0,
      0, 125, 255, 255, 227,  22,   0,   0,   0,   0,   0,   0,   0,   0,   0,   0,   0,   0,   0,   0,
      0, 220, 255, 255,  82,   0,   0,   0,   0,   0,   0,   0,   0,   0,   0,   0,   0,   0,   0,   0,
     32, 255, 255, 235,   2,  10, 102, 171, 221, 241, 248, 226, 189, 113,  21,   0,   0,   0,   0,   0,
     84, 255, 255, 175,  90, 234, 255, 255, 255, 255, 255, 255, 255, 255, 239, 104,   0,   0,   0,   0,
    124, 255, 255, 232, 255, 255, 255, 255, 255, 255, 255, 255, 255, 255, 255, 255, 132,   0,   0,   0,
    142, 255, 255, 255, 255, 255, 255, 161,  57,  14,  12,  53, 152, 254, 255, 255, 255,  85,   0,   0,
    140, 255, 255, 255, 255, 255, 103,   0,   0,   0,   0,   0,   0,  87, 254, 255, 255, 232,  12,   0,
    132, 255, 255, 255, 255, 174,   0,   0,   0,   0,   0,   0,   0,   0, 156, 255, 255, 255,  99,   0,
    121, 255, 255, 255, 255,  55,   0,   0,   0,   0,   0,   0,   0,   0,  38, 255, 255, 255, 193,   0,
    111, 255, 255, 255, 232,   1,   0,   0,   0,   0,   0,   0,   0,   0,   0, 215, 255, 255, 247,   4,
    101, 255, 255, 255, 184,   0,   0,   0,   0,   0,   0,   0,   0,   0,   0, 166, 255, 255, 255,  45,
     91, 255, 255, 255, 149,   0,   0,   0,   0,   0,   0,   0,   0,   0,   0, 130, 255, 255, 255,  73,
     83, 255, 255, 255, 134,   0,   0,   0,   0,   0,   0,   0,   0,   0,   0, 116, 255, 255, 255,  88,
     82, 255, 255, 255, 126,   0,   0,   0,   0,   0,   0,   0,   0,   0,   0, 107, 255, 255, 255, 100,
     73, 255, 255, 255, 134,   0,   0,   0,   0,   0,   0,   0,   0,   0,   0, 116, 255, 255, 255,  89,
     62, 255, 255, 255, 150,   0,   0,   0,   0,   0,   0,   0,   0,   0,   0, 130, 255, 255, 255,  74,
     34, 255, 255, 255, 186,   0,   0,   0,   0,   0,   0,   0,   0,   0,   0, 166, 255, 255, 255,  46,
      0, 240, 255, 255, 236,   2,   0,   0,   0,   0,   0,   0,   0,   0,   0, 215, 255, 255, 248,   4,
      0, 182, 255, 255, 255,  62,   0,   0,   0,   0,   0,   0,   0,   0,  38, 255, 255, 255, 196,   0,
      0,  89, 255, 255, 255, 183,   0,   0,   0,   0,   0,   0,   0,   0, 156, 255, 255, 255, 103,   0,
      0,   8, 224, 255, 255, 255, 114,   0,   0,   0,   0,   0,   0,  87, 254, 255, 255, 235,  14,   0,
      0,   0,  72, 255, 255, 255, 255, 167,  58,  13,  12,  52, 151, 254, 255, 255, 255,  92,   0,   0,
      0,   0,   0, 113, 255, 255, 255, 255, 255, 255, 255, 255, 255, 255, 255, 255, 138,   0,   0,   0,
      0,   0,   0,   0,  88, 230, 255, 255, 255, 255, 255, 255, 255, 255, 239, 106,   0,   0,   0,   0,
      0,   0,   0,   0,   0,  12, 101, 178, 222, 244, 245, 224, 184, 110,  19,   0,   0,   0,   0,   0,
      0,   0,   0,   0,   0,   0,   0,   0,   0,   0,   0,   0,   0,   0,   0,   0,   0,   0,   0,   0,
      0,   0,   0,   0,   0,   0,   0,   0,   0,   0,   0,   0,   0,   0,   0,   0,   0,   0,   0,   0,
      0,   0,   0,   0,   0,   0,   0,   0,   0,   0,   0,   0,   0,   0,   0,   0,   0,   0,   0,   0,
      0,   0,   0,   0,   0,   0,   0,   0,   0,   0,   0,   0,   0,   0,   0,   0,   0,   0,   0,   0,
      0,   0,   0,   0,   0,   0,   0,   0,   0,   0,   0,   0,   0,   0,   0,   0,   0,   0,   0,   0,
      0,   0,   0,   0,   0,   0,   0,   0,   0,   0,   0,   0,   0,   0,   0,   0,   0,   0,   0,   0,
      0,   0,   0,   0,   0,   0,   0,   0,   0,   0,   0,   0,   0,   0,   0,   0,   0,   0,   0,   0,
      0,   0,   0,   0,   0,   0,   0,   0,   0,   0,   0,   0,   0,   0,   0,   0,   0,   0,   0,   0,
},

// 'в' (U+0432)
{
    236, 255, 255, 255, 255, 255, 255, 255, 245, 223, 173,  89,   5,   0,   0,   0,   0,   0,   0,   0,
    236, 255, 255, 255, 255, 255, 255, 255, 255, 255, 255, 255, 212,  43,   0,   0,   0,   0,   0,   0,
    236, 255, 255, 255, 255, 255, 255, 255, 255, 255, 255, 255, 255, 236,  32,   0,   0,   0,   0,   0,
    236, 255, 255, 172,   0,   0,   0,   0,  14,  62, 200, 255, 255, 255, 170,   0,   0,   0,   0,   0,
    236, 255, 255, 172,   0,   0,   0,   0,   0,   0,  16, 233, 255, 255, 246,   0,   0,   0,   0,   0,
    236, 255, 255, 172,   0,   0,   0,   0,   0,   0,   0, 167, 255, 255, 255,   7,   0,   0,   0,   0,
    236, 255, 255, 172,   0,   0,   0,   0,   0,   0,   0, 165, 255, 255, 234,   0,   0,   0,   0,   0,
    236, 255, 255, 172,   0,   0,   0,   0,   0,   0,  15, 232, 255, 255, 178,   0,   0,   0,   0,   0,
    236, 255, 255, 172,   0,   0,   0,   0,  13,  59, 197, 255, 255, 253,  59,   0,   0,   0,   0,   0,
    236, 255, 255, 255, 255, 255, 255, 255, 255, 255, 255, 255, 231,  78,   0,   0,   0,   0,   0,   0,
    236, 255, 255, 255, 255, 255, 255, 255, 255, 255, 255, 218,  99,  13,   0,   0,   0,   0,   0,   0,
    236, 255, 255, 255, 255, 255, 255, 255, 255, 255, 255, 255, 255, 236,  80,   0,   0,   0,   0,   0,
    236, 255, 255, 172,   0,   0,   0,   0,   2,  23,  94, 235, 255, 255, 251,  50,   0,   0,   0,   0,
    236, 255, 255, 172,   0,   0,   0,   0,   0,   0,   0,  78, 255, 255, 255, 167,   0,   0,   0,   0,
    236, 255, 255, 172,   0,   0,   0,   0,   0,   0,   0,   0, 243, 255, 255, 229,   0,   0,   0,   0,
    236, 255, 255, 172,   0,   0,   0,   0,   0,   0,   0,   0, 224, 255, 255, 250,   0,   0,   0,   0,
    236, 255, 255, 172,   0,   0,   0,   0,   0,   0,   0,  14, 253, 255, 255, 237,   0,   0,   0,   0,
    236, 255, 255, 172,   0,   0,   0,   0,   0,   0,   0, 139, 255, 255, 255, 193,   0,   0,   0,   0,
    236, 255, 255, 172,   0,   0,   0,   0,   3,  36, 140, 254, 255, 255, 255, 100,   0,   0,   0,   0,
    236, 255, 255, 255, 255, 255, 255, 255, 255, 255, 255, 255, 255, 255, 192,   3,   0,   0,   0,   0,
    236, 255, 255, 255, 255, 255, 255, 255, 255, 255, 255, 255, 255, 166,  12,   0,   0,   0,   0,   0,
    236, 255, 255, 255, 255, 255, 255, 255, 250, 236, 201, 144,  51,   0,   0,   0,   0,   0,   0,   0,
      0,   0,   0,   0,   0,   0,   0,   0,   0,   0,   0,   0,   0,   0,   0,   0,   0,   0,   0,   0,
      0,   0,   0,   0,   0,   0,   0,   0,   0,   0,   0,   0,   0,   0,   0,   0,   0,   0,   0,   0,
      0,   0,   0,   0,   0,   0,   0,   0,   0,   0,   0,   0,   0,   0,   0,   0,   0,   0,   0,   0,
      0,   0,   0,   0,   0,   0,   0,   0,   0,   0,   0,   0,   0,   0,   0,   0,   0,   0,   0,   0,
      0,   0,   0,   0,   0,   0,   0,   0,   0,   0,   0,   0,   0,   0,   0,   0,   0,   0,   0,   0,
      0,   0,   0,   0,   0,   0,   0,   0,   0,   0,   0,   0,   0,   0,   0,   0,   0,   0,   0,   0,
      0,   0,   0,   0,   0,   0,   0,   0,   0,   0,   0,   0,   0,   0,   0,   0,   0,   0,   0,   0,
      0,   0,   0,   0,   0,   0,   0,   0,   0,   0,   0,   0,   0,   0,   0,   0,   0,   0,   0,   0,
      0,   0,   0,   0,   0,   0,   0,   0,   0,   0,   0,   0,   0,   0,   0,   0,   0,   0,   0,   0,
      0,   0,   0,   0,   0,   0,   0,   0,   0,   0,   0,   0,   0,   0,   0,   0,   0,   0,   0,   0,
      0,   0,   0,   0,   0,   0,   0,   0,   0,   0,   0,   0,   0,   0,   0,   0,   0,   0,   0,   0,
      0,   0,   0,   0,   0,   0,   0,   0,   0,   0,   0,   0,   0,   0,   0,   0,   0,   0,   0,   0,
      0,   0,   0,   0,   0,   0,   0,   0,   0,   0,   0,   0,   0,   0,   0,   0,   0,   0,   0,   0,
      0,   0,   0,   0,   0,   0,   0,   0,   0,   0,   0,   0,   0,   0,   0,   0,   0,   0,   0,   0,
      0,   0,   0,   0,   0,   0,   0,   0,   0,   0,   0,   0,   0,   0,   0,   0,   0,   0,   0,   0,
      0,   0,   0,   0,   0,   0,   0,   0,   0,   0,   0,   0,   0,   0,   0,   0,   0,   0,   0,   0,
      0,   0,   0,   0,   0,   0,   0,   0,   0,   0,   0,   0,   0,   0,   0,   0,   0,   0,   0,   0,
      0,   0,   0,   0,   0,   0,   0,   0,   0,   0,   0,   0,   0,   0,   0,   0,   0,   0,   0,   0,
},

// 'г' (U+0433)
{
    252, 255, 255, 255, 255, 255, 255, 255, 255, 255, 255, 255, 255, 255, 180,   0,   0,   0,   0,   0,
    252, 255, 255, 255, 255, 255, 255, 255, 255, 255, 255, 255, 255, 255, 180,   0,   0,   0,   0,   0,
    252, 255, 255, 255, 255, 255, 255, 255, 255, 255, 255, 255, 255, 255, 180,   0,   0,   0,   0,   0,
    252, 255, 255, 156,   0,   0,   0,   0,   0,   0,   0,   0,   0,   0,   0,   0,   0,   0,   0,   0,
    252, 255, 255, 156,   0,   0,   0,   0,   0,   0,   0,   0,   0,   0,   0,   0,   0,   0,   0,   0,
    252, 255, 255, 156,   0,   0,   0,   0,   0,   0,   0,   0,   0,   0,   0,   0,   0,   0,   0,   0,
    252, 255, 255, 156,   0,   0,   0,   0,   0,   0,   0,   0,   0,   0,   0,   0,   0,   0,   0,   0,
    252, 255, 255, 156,   0,   0,   0,   0,   0,   0,   0,   0,   0,   0,   0,   0,   0,   0,   0,   0,
    252, 255, 255, 156,   0,   0,   0,   0,   0,   0,   0,   0,   0,   0,   0,   0,   0,   0,   0,   0,
    252, 255, 255, 156,   0,   0,   0,   0,   0,   0,   0,   0,   0,   0,   0,   0,   0,   0,   0,   0,
    252, 255, 255, 156,   0,   0,   0,   0,   0,   0,   0,   0,   0,   0,   0,   0,   0,   0,   0,   0,
    252, 255, 255, 156,   0,   0,   0,   0,   0,   0,   0,   0,   0,   0,   0,   0,   0,   0,   0,   0,
    252, 255, 255, 156,   0,   0,   0,   0,   0,   0,   0,   0,   0,   0,   0,   0,   0,   0,   0,   0,
    252, 255, 255, 156,   0,   0,   0,   0,   0,   0,   0,   0,   0,   0,   0,   0,   0,   0,   0,   0,
    252, 255, 255, 156,   0,   0,   0,   0,   0,   0,   0,   0,   0,   0,   0,   0,   0,   0,   0,   0,
    252, 255, 255, 156,   0,   0,   0,   0,   0,   0,   0,   0,   0,   0,   0,   0,   0,   0,   0,   0,
    252, 255, 255, 156,   0,   0,   0,   0,   0,   0,   0,   0,   0,   0,   0,   0,   0,   0,   0,   0,
    252, 255, 255, 156,   0,   0,   0,   0,   0,   0,   0,   0,   0,   0,   0,   0,   0,   0,   0,   0,
    252, 255, 255, 156,   0,   0,   0,   0,   0,   0,   0,   0,   0,   0,   0,   0,   0,   0,   0,   0,
    252, 255, 255, 156,   0,   0,   0,   0,   0,   0,   0,   0,   0,   0,   0,   0,   0,   0,   0,   0,
    252, 255, 255, 156,   0,   0,   0,   0,   0,   0,   0,   0,   0,   0,   0,   0,   0,   0,   0,   0,
    252, 255, 255, 156,   0,   0,   0,   0,   0,   0,   0,   0,   0,   0,   0,   0,   0,   0,   0,   0,
      0,   0,   0,   0,   0,   0,   0,   0,   0,   0,   0,   0,   0,   0,   0,   0,   0,   0,   0,   0,
      0,   0,   0,   0,   0,   0,   0,   0,   0,   0,   0,   0,   0,   0,   0,   0,   0,   0,   0,   0,
      0,   0,   0,   0,   0,   0,   0,   0,   0,   0,   0,   0,   0,   0,   0,   0,   0,   0,   0,   0,
      0,   0,   0,   0,   0,   0,   0,   0,   0,   0,   0,   0,   0,   0,   0,   0,   0,   0,   0,   0,
      0,   0,   0,   0,   0,   0,   0,   0,   0,   0,   0,   0,   0,   0,   0,   0,   0,   0,   0,   0,
      0,   0,   0,   0,   0,   0,   0,   0,   0,   0,   0,   0,   0,   0,   0,   0,   0,   0,   0,   0,
      0,   0,   0,   0,   0,   0,   0,   0,   0,   0,   0,   0,   0,   0,   0,   0,   0,   0,   0,   0,
      0,   0,   0,   0,   0,   0,   0,   0,   0,   0,   0,   0,   0,   0,   0,   0,   0,   0,   0,   0,
      0,   0,   0,   0,   0,   0,   0,   0,   0,   0,   0,   0,   0,   0,   0,   0,   0,   0,   0,   0,
      0,   0,   0,   0,   0,   0,   0,   0,   0,   0,   0,   0,   0,   0,   0,   0,   0,   0,   0,   0,
      0,   0,   0,   0,   0,   0,   0,   0,   0,   0,   0,   0,   0,   0,   0,   0,   0,   0,   0,   0,
      0,   0,   0,   0,   0,   0,   0,   0,   0,   0,   0,   0,   0,   0,   0,   0,   0,   0,   0,   0,
      0,   0,   0,   0,   0,   0,   0,   0,   0,   0,   0,   0,   0,   0,   0,   0,   0,   0,   0,   0,
      0,   0,   0,   0,   0,   0,   0,   0,   0,   0,   0,   0,   0,   0,   0,   0,   0,   0,   0,   0,
      0,   0,   0,   0,   0,   0,   0,   0,   0,   0,   0,   0,   0,   0,   0,   0,   0,   0,   0,   0,
      0,   0,   0,   0,   0,   0,   0,   0,   0,   0,   0,   0,   0,   0,   0,   0,   0,   0,   0,   0,
      0,   0,   0,   0,   0,   0,   0,   0,   0,   0,   0,   0,   0,   0,   0,   0,   0,   0,   0,   0,
      0,   0,   0,   0,   0,   0,   0,   0,   0,   0,   0,   0,   0,   0,   0,   0,   0,   0,   0,   0,
},

// 'д' (U+0434)
{
      0,   0,   0, 240, 255, 255, 255, 255, 255, 255, 255, 255, 255, 255, 255, 255, 255, 172,   0,   0,
      0,   0,   0, 240, 255, 255, 255, 255, 255, 255, 255, 255, 255, 255, 255, 255, 255, 172,   0,   0,
      0,   0,   0, 240, 255, 255, 255, 255, 255, 255, 255, 255, 255, 255, 255, 255, 255, 172,   0,   0,
      0,   0,   0, 240, 255, 255, 164,   0,   0,   0,   0,   0,   0,   0, 240, 255, 255, 172,   0,   0,
      0,   0,   0, 240, 255, 255, 164,   0,   0,   0,   0,   0,   0,   0, 240, 255, 255, 172,   0,   0,
      0,   0,   0, 240, 255, 255, 164,   0,   0,   0,   0,   0,   0,   0, 240, 255, 255, 172,   0,   0,
      0,   0,   0, 240, 255, 255, 164,   0,   0,   0,   0,   0,   0,   0, 240, 255, 255, 172,   0,   0,
      0,   0,   0, 240, 255, 255, 164,   0,   0,   0,   0,   0,   0,   0, 240, 255, 255, 172,   0,   0,
      0,   0,   0, 241, 255, 255, 162,   0,   0,   0,   0,   0,   0,   0, 240, 255, 255, 172,   0,   0,
      0,   0,   0, 247, 255, 255, 155,   0,   0,   0,   0,   0,   0,   0, 240, 255, 255, 172,   0,   0,
      0,   0,   2, 255, 255, 255, 144,   0,   0,   0,   0,   0,   0,   0, 240, 255, 255, 172,   0,   0,
      0,   0,  15, 255, 255, 255, 128,   0,   0,   0,   0,   0,   0,   0, 240, 255, 255, 172,   0,   0,
      0,   0,  29, 255, 255, 255, 111,   0,   0,   0,   0,   0,   0,   0, 240, 255, 255, 172,   0,   0,
      0,   0,  46, 255, 255, 255,  93,   0,   0,   0,   0,   0,   0,   0, 240, 255, 255, 172,   0,   0,
      0,   0,  63, 255, 255, 255,  73,   0,   0,   0,   0,   0,   0,   0, 240, 255, 255, 172,   0,   0,
      0,   0,  86, 255, 255, 255,  56,   0,   0,   0,   0,   0,   0,   0, 240, 255, 255, 172,   0,   0,
      0,   0, 118, 255, 255, 255,  39,   0,   0,   0,   0,   0,   0,   0, 240, 255, 255, 172,   0,   0,
      0,   0, 168, 255, 255, 255,  16,   0,   0,   0,   0,   0,   0,   0, 240, 255, 255, 172,   0,   0,
      0,  28, 242, 255, 255, 232,   3,   0,   0,   0,   0,   0,   0,   0, 240, 255, 255, 172,   0,   0,
    244, 255, 255, 255, 255, 255, 255, 255, 255, 255, 255, 255, 255, 255, 255, 255, 255, 255, 255, 255,
    244, 255, 255, 255, 255, 255, 255, 255, 255, 255, 255, 255, 255, 255, 255, 255, 255, 255, 255, 255,
    244, 255, 255, 255, 255, 255, 255, 255, 255, 255, 255, 255, 255, 255, 255, 255, 255, 255, 255, 255,
    244, 255, 252,   0,   0,   0,   0,   0,   0,   0,   0,   0,   0,   0,   0,   0,   0, 228, 255, 255,
    244, 255, 252,   0,   0,   0,   0,   0,   0,   0,   0,   0,   0,   0,   0,   0,   0, 228, 255, 255,
    244, 255, 252,   0,   0,   0,   0,   0,   0,   0,   0,   0,   0,   0,   0,   0,   0, 228, 255, 255,
    244, 255, 252,   0,   0,   0,   0,   0,   0,   0,   0,   0,   0,   0,   0,   0,   0, 228, 255, 255,
    244, 255, 252,   0,   0,   0,   0,   0,   0,   0,   0,   0,   0,   0,   0,   0,   0, 228, 255, 255,
    244, 255, 252,   0,   0,   0,   0,   0,   0,   0,   0,   0,   0,   0,   0,   0,   0, 228, 255, 255,
      0,   0,   0,   0,   0,   0,   0,   0,   0,   0,   0,   0,   0,   0,   0,   0,   0,   0,   0,   0,
      0,   0,   0,   0,   0,   0,   0,   0,   0,   0,   0,   0,   0,   0,   0,   0,   0,   0,   0,   0,
      0,   0,   0,   0,   0,   0,   0,   0,   0,   0,   0,   0,   0,   0,   0,   0,   0,   0,   0,   0,
      0,   0,   0,   0,   0,   0,   0,   0,   0,   0,   0,   0,   0,   0,   0,   0,   0,   0,   0,   0,
      0,   0,   0,   0,   0,   0,   0,   0,   0,   0,   0,   0,   0,   0,   0,   0,   0,   0,   0,   0,
      0,   0,   0,   0,   0,   0,   0,   0,   0,   0,   0,   0,   0,   0,   0,   0,   0,   0,   0,   0,
      0,   0,   0,   0,   0,   0,   0,   0,   0,   0,   0,   0,   0,   0,   0,   0,   0,   0,   0,   0,
      0,   0,   0,   0,   0,   0,   0,   0,   0,   0,   0,   0,   0,   0,   0,   0,   0,   0,   0,   0,
      0,   0,   0,   0,   0,   0,   0,   0,   0,   0,   0,   0,   0,   0,   0,   0,   0,   0,   0,   0,
      0,   0,   0,   0,   0,   0,   0,   0,   0,   0,   0,   0,   0,   0,   0,   0,   0,   0,   0,   0,
      0,   0,   0,   0,   0,   0,   0,   0,   0,   0,   0,   0,   0,   0,   0,   0,   0,   0,   0,   0,
      0,   0,   0,   0,   0,   0,   0,   0,   0,   0,   0,   0,   0,   0,   0,   0,   0,   0,   0,   0,
},

// 'е' (U+0435)
{
      0,   0,   0,   0,   0,   0,  47, 129, 198, 227, 248, 238, 213, 152,  67,   0,   0,   0,   0,   0,
      0,   0,   0,   0,  27, 167, 255, 255, 255, 255, 255, 255, 255, 255, 255, 188,  28,   0,   0,   0,
      0,   0,   0,  44, 228, 255, 255, 255, 255, 255, 255, 255, 255, 255, 255, 255, 227,  38,   0,   0,
      0,   0,  28, 236, 255, 255, 255, 190,  82,  24,   5,  19,  71, 177, 255, 255, 255, 210,   8,   0,
      0,   2, 193, 255, 255, 255, 112,   0,   0,   0,   0,   0,   0,   0, 118, 255, 255, 255, 123,   0,
      0,  79, 255, 255, 255, 138,   0,   0,   0,   0,   0,   0,   0,   0,   0, 184, 255, 255, 231,   6,
      0, 193, 255, 255, 237,  11,   0,   0,   0,   0,   0,   0,   0,   0,   0,  73, 255, 255, 255,  62,
     17, 254, 255, 255, 154,   0,   0,   0,   0,   0,   0,   0,   0,   0,   0,  12, 254, 255, 255, 121,
     76, 255, 255, 255,  99,   0,   0,   0,   0,   0,   0,   0,   0,   0,   0,   0, 236, 255, 255, 155,
    115, 255, 255, 255, 253, 252, 252, 252, 253, 253, 253, 254, 254, 254, 255, 255, 255, 255, 255, 172,
    134, 255, 255, 255, 255, 255, 255, 255, 255, 255, 255, 255, 255, 255, 255, 255, 255, 255, 255, 183,
    147, 255, 255, 255, 255, 255, 255, 255, 255, 255, 255, 255, 255, 255, 255, 255, 255, 255, 255, 184,
    135, 255, 255, 255,  46,   0,   0,   0,   0,   0,   0,   0,   0,   0,   0,   0,   0,   0,   0,   0,
    117, 255, 255, 255,  62,   0,   0,   0,   0,   0,   0,   0,   0,   0,   0,   0,   0,   0,   0,   0,
     79, 255, 255, 255, 103,   0,   0,   0,   0,   0,   0,   0,   0,   0,   0,   0,   0,   0,   0,   0,
     19, 254, 255, 255, 168,   0,   0,   0,   0,   0,   0,   0,   0,   0,   0,   0,   0,   0,   0,   0,
      0, 199, 255, 255, 249,  24,   0,   0,   0,   0,   0,   0,   0,   0,   0,   0,   0,   0,   0,   0,
      0,  86, 255, 255, 255, 175,   0,   0,   0,   0,   0,   0,   0,   0,   0,   0,   0,   0,   0,   0,
      0,   3, 201, 255, 255, 255, 158,   7,   0,   0,   0,   0,   0,   0,   0,   0,  12, 104, 181,   0,
      0,   0,  32, 239, 255, 255, 255, 225, 116,  46,  15,   5,  21,  54, 104, 175, 247, 255, 224,   0,
      0,   0,   0,  48, 227, 255, 255, 255, 255, 255, 255, 255, 255, 255, 255, 255, 255, 255, 224,   0,
      0,   0,   0,   0,  24, 159, 252, 255, 255, 255, 255, 255, 255, 255, 255, 255, 255, 255, 224,   0,
      0,   0,   0,   0,   0,   0,  35, 116, 184, 221, 241, 250, 234, 217, 199, 164, 116,  67,  18,   0,
      0,   0,   0,   0,   0,   0,   0,   0,   0,   0,   0,   0,   0,   0,   0,   0,   0,   0,   0,   0,
      0,   0,   0,   0,   0,   0,   0,   0,   0,   0,   0,   0,   0,   0,   0,   0,   0,   0,   0,   0,
      0,   0,   0,   0,   0,   0,   0,   0,   0,   0,   0,   0,   0,   0,   0,   0,   0,   0,   0,   0,
      0,   0,   0,   0,   0,   0,   0,   0,   0,   0,   0,   0,   0,   0,   0,   0,   0,   0,   0,   0,
      0,   0,   0,   0,   0,   0,   0,   0,   0,   0,   0,   0,   0,   0,   0,   0,   0,   0,   0,   0,
      0,   0,   0,   0,   0,   0,   0,   0,   0,   0,   0,   0,   0,   0,   0,   0,   0,   0,   0,   0,
      0,   0,   0,   0,   0,   0,   0,   0,   0,   0,   0,   0,   0,   0,   0,   0,   0,   0,   0,   0,
      0,   0,   0,   0,   0,   0,   0,   0,   0,   0,   0,   0,   0,   0,   0,   0,   0,   0,   0,   0,
      0,   0,   0,   0,   0,   0,   0,   0,   0,   0,   0,   0,   0,   0,   0,   0,   0,   0,   0,   0,
      0,   0,   0,   0,   0,   0,   0,   0,   0,   0,   0,   0,   0,   0,   0,   0,   0,   0,   0,   0,
      0,   0,   0,   0,   0,   0,   0,   0,   0,   0,   0,   0,   0,   0,   0,   0,   0,   0,   0,   0,
      0,   0,   0,   0,   0,   0,   0,   0,   0,   0,   0,   0,   0,   0,   0,   0,   0,   0,   0,   0,
      0,   0,   0,   0,   0,   0,   0,   0,   0,   0,   0,   0,   0,   0,   0,   0,   0,   0,   0,   0,
      0,   0,   0,   0,   0,   0,   0,   0,   0,   0,   0,   0,   0,   0,   0,   0,   0,   0,   0,   0,
      0,   0,   0,   0,   0,   0,   0,   0,   0,   0,   0,   0,   0,   0,   0,   0,   0,   0,   0,   0,
      0,   0,   0,   0,   0,   0,   0,   0,   0,   0,   0,   0,   0,   0,   0,   0,   0,   0,   0,   0,
      0,   0,   0,   0,   0,   0,   0,   0,   0,   0,   0,   0,   0,   0,   0,   0,   0,   0,   0,   0,
},

// 'ё' (U+0451)
{
      0,   0,   0,   0,  20, 255, 255, 255, 228,   0,   0,   0, 108, 255, 255, 255, 132,   0,   0,   0,
      0,   0,   0,   0,  20, 255, 255, 255, 228,   0,   0,   0, 108, 255, 255, 255, 132,   0,   0,   0,
      0,   0,   0,   0,  20, 255, 255, 255, 228,   0,   0,   0, 108, 255, 255, 255, 132,   0,   0,   0,
      0,   0,   0,   0,  20, 255, 255, 255, 228,   0,   0,   0, 108, 255, 255, 255, 132,   0,   0,   0,
      0,   0,   0,   0,   0,   0,   0,   0,   0,   0,   0,   0,   0,   0,   0,   0,   0,   0,   0,   0,
      0,   0,   0,   0,   0,   0,  47, 129, 198, 227, 248, 238, 213, 152,  67,   0,   0,   0,   0,   0,
      0,   0,   0,   0,  27, 167, 255, 255, 255, 255, 255, 255, 255, 255, 255, 188,  28,   0,   0,   0,
      0,   0,   0,  44, 228, 255, 255, 255, 255, 255, 255, 255, 255, 255, 255, 255, 227,  38,   0,   0,
      0,   0,  28, 236, 255, 255, 255, 190,  82,  24,   5,  19,  71, 177, 255, 255, 255, 210,   8,   0,
      0,   2, 193, 255, 255, 255, 112,   0,   0,   0,   0,   0,   0,   0, 118, 255, 255, 255, 123,   0,
      0,  79, 255, 255, 255, 138,   0,   0,   0,   0,   0,   0,   0,   0,   0, 184, 255, 255, 231,   6,
      0, 193, 255, 255, 237,  11,   0,   0,   0,   0,   0,   0,   0,   0,   0,  73, 255, 255, 255,  62,
     17, 254, 255, 255, 154,   0,   0,   0,   0,   0,   0,   0,   0,   0,   0,  12, 254, 255, 255, 121,
     76, 255, 255, 255,  99,   0,   0,   0,   0,   0,   0,   0,   0,   0,   0,   0, 236, 255, 255, 155,
    115, 255, 255, 255, 253, 252, 252, 252, 253, 253, 253, 254, 254, 254, 255, 255, 255, 255, 255, 172,
    134, 255, 255, 255, 255, 255, 255, 255, 255, 255, 255, 255, 255, 255, 255, 255, 255, 255, 255, 183,
    147, 255, 255, 255, 255, 255, 255, 255, 255, 255, 255, 255, 255, 255, 255, 255, 255, 255, 255, 184,
    135, 255, 255, 255,  46,   0,   0,   0,   0,   0,   0,   0,   0,   0,   0,   0,   0,   0,   0,   0,
    117, 255, 255, 255,  62,   0,   0,   0,   0,   0,   0,   0,   0,   0,   0,   0,   0,   0,   0,   0,
     79, 255, 255, 255, 103,   0,   0,   0,   0,   0,   0,   0,   0,   0,   0,   0,   0,   0,   0,   0,
     19, 254, 255, 255, 168,   0,   0,   0,   0,   0,   0,   0,   0,   0,   0,   0,   0,   0,   0,   0,
      0, 199, 255, 255, 249,  24,   0,   0,   0,   0,   0,   0,   0,   0,   0,   0,   0,   0,   0,   0,
      0,  86, 255, 255, 255, 175,   0,   0,   0,   0,   0,   0,   0,   0,   0,   0,   0,   0,   0,   0,
      0,   3, 201, 255, 255, 255, 158,   7,   0,   0,   0,   0,   0,   0,   0,   0,  12, 104, 181,   0,
      0,   0,  32, 239, 255, 255, 255, 225, 116,  46,  15,   5,  21,  54, 104, 175, 247, 255, 224,   0,
      0,   0,   0,  48, 227, 255, 255, 255, 255, 255, 255, 255, 255, 255, 255, 255, 255, 255, 224,   0,
      0,   0,   0,   0,  24, 159, 252, 255, 255, 255, 255, 255, 255, 255, 255, 255, 255, 255, 224,   0,
      0,   0,   0,   0,   0,   0,  35, 116, 184, 221, 241, 250, 234, 217, 199, 164, 116,  67,  18,   0,
      0,   0,   0,   0,   0,   0,   0,   0,   0,   0,   0,   0,   0,   0,   0,   0,   0,   0,   0,   0,
      0,   0,   0,   0,   0,   0,   0,   0,   0,   0,   0,   0,   0,   0,   0,   0,   0,   0,   0,   0,
      0,   0,   0,   0,   0,   0,   0,   0,   0,   0,   0,   0,   0,   0,   0,   0,   0,   0,   0,   0,
      0,   0,   0,   0,   0,   0,   0,   0,   0,   0,   0,   0,   0,   0,   0,   0,   0,   0,   0,   0,
      0,   0,   0,   0,   0,   0,   0,   0,   0,   0,   0,   0,   0,   0,   0,   0,   0,   0,   0,   0,
      0,   0,   0,   0,   0,   0,   0,   0,   0,   0,   0,   0,   0,   0,   0,   0,   0,   0,   0,   0,
      0,   0,   0,   0,   0,   0,   0,   0,   0,   0,   0,   0,   0,   0,   0,   0,   0,   0,   0,   0,
      0,   0,   0,   0,   0,   0,   0,   0,   0,   0,   0,   0,   0,   0,   0,   0,   0,   0,   0,   0,
      0,   0,   0,   0,   0,   0,   0,   0,   0,   0,   0,   0,   0,   0,   0,   0,   0,   0,   0,   0,
      0,   0,   0,   0,   0,   0,   0,   0,   0,   0,   0,   0,   0,   0,   0,   0,   0,   0,   0,   0,
      0,   0,   0,   0,   0,   0,   0,   0,   0,   0,   0,   0,   0,   0,   0,   0,   0,   0,   0,   0,
      0,   0,   0,   0,   0,   0,   0,   0,   0,   0,   0,   0,   0,   0,   0,   0,   0,   0,   0,   0,
},

// 'ж' (U+0436)
{
     45, 252, 255, 255, 186,   0,   0,   0,   0, 152, 255, 255, 176,   0,   0,   0,   0, 160, 255, 255,
      0, 146, 255, 255, 255,  81,   0,   0,   0, 152, 255, 255, 176,   0,   0,   0,  55, 254, 255, 255,
      0,  16, 234, 255, 255, 223,   8,   0,   0, 152, 255, 255, 176,   0,   0,   1, 202, 255, 255, 246,
      0,   0, 101, 255, 255, 255, 127,   0,   0, 152, 255, 255, 176,   0,   0,  99, 255, 255, 255, 128,
      0,   0,   2, 203, 255, 255, 246,  31,   0, 152, 255, 255, 176,   0,  15, 233, 255, 255, 224,   9,
      0,   0,   0,  56, 254, 255, 255, 172,   0, 152, 255, 255, 176,   0, 143, 255, 255, 255,  82,   0,
      0,   0,   0,   0, 161, 255, 255, 255,  67, 152, 255, 255, 176,  42, 251, 255, 255, 188,   0,   0,
      0,   0,   0,   0,  24, 242, 255, 255, 213, 156, 255, 255, 176, 187, 255, 255, 251,  42,   0,   0,
      0,   0,   0,   0,   9, 242, 255, 255, 255, 241, 255, 255, 238, 255, 255, 255, 253,  26,   0,   0,
      0,   0,   0,   0,  88, 255, 255, 255, 255, 255, 255, 255, 255, 255, 255, 255, 255, 115,   0,   0,
      0,   0,   0,   0, 181, 255, 255, 255, 255, 255, 255, 255, 255, 255, 255, 255, 255, 208,   0,   0,
      0,   0,   0,  21, 251, 255, 255, 244, 255, 255, 255, 255, 255, 255, 239, 255, 255, 255,  44,   0,
      0,   0,   0, 109, 255, 255, 252,  67, 251, 255, 255, 255, 255, 254,  62, 240, 255, 255, 136,   0,
      0,   0,   0, 201, 255, 255, 184,   0, 143, 255, 255, 255, 255, 159,   0, 156, 255, 255, 226,   1,
      0,   0,  37, 255, 255, 255,  92,   0,  15, 233, 255, 255, 242,  24,   0,  64, 255, 255, 255,  64,
      0,   0, 129, 255, 255, 244,  11,   0,   0, 153, 255, 255, 176,   0,   0,   1, 225, 255, 255, 156,
      0,   0, 220, 255, 255, 163,   0,   0,   0, 152, 255, 255, 176,   0,   0,   0, 135, 255, 255, 240,
      0,  58, 255, 255, 255,  71,   0,   0,   0, 152, 255, 255, 176,   0,   0,   0,  42, 255, 255, 255,
      0, 150, 255, 255, 231,   3,   0,   0,   0, 152, 255, 255, 176,   0,   0,   0,   0, 207, 255, 255,
      5, 236, 255, 255, 142,   0,   0,   0,   0, 152, 255, 255, 176,   0,   0,   0,   0, 115, 255, 255,
     78, 255, 255, 255,  50,   0,   0,   0,   0, 152, 255, 255, 176,   0,   0,   0,   0,  25, 253, 255,
    170, 255, 255, 214,   0,   0,   0,   0,   0, 152, 255, 255, 176,   0,   0,   0,   0,   0, 186, 255,
      0,   0,   0,   0,   0,   0,   0,   0,   0,   0,   0,   0,   0,   0,   0,   0,   0,   0,   0,   0,
      0,   0,   0,   0,   0,   0,   0,   0,   0,   0,   0,   0,   0,   0,   0,   0,   0,   0,   0,   0,
      0,   0,   0,   0,   0,   0,   0,   0,   0,   0,   0,   0,   0,   0,   0,   0,   0,   0,   0,   0,
      0,   0,   0,   0,   0,   0,   0,   0,   0,   0,   0,   0,   0,   0,   0,   0,   0,   0,   0,   0,
      0,   0,   0,   0,   0,   0,   0,   0,   0,   0,   0,   0,   0,   0,   0,   0,   0,   0,   0,   0,
      0,   0,   0,   0,   0,   0,   0,   0,   0,   0,   0,   0,   0,   0,   0,   0,   0,   0,   0,   0,
      0,   0,   0,   0,   0,   0,   0,   0,   0,   0,   0,   0,   0,   0,   0,   0,   0,   0,   0,   0,
      0,   0,   0,   0,   0,   0,   0,   0,   0,   0,   0,   0,   0,   0,   0,   0,   0,   0,   0,   0,
      0,   0,   0,   0,   0,   0,   0,   0,   0,   0,   0,   0,   0,   0,   0,   0,   0,   0,   0,   0,
      0,   0,   0,   0,   0,   0,   0,   0,   0,   0,   0,   0,   0,   0,   0,   0,   0,   0,   0,   0,
      0,   0,   0,   0,   0,   0,   0,   0,   0,   0,   0,   0,   0,   0,   0,   0,   0,   0,   0,   0,
      0,   0,   0,   0,   0,   0,   0,   0,   0,   0,   0,   0,   0,   0,   0,   0,   0,   0,   0,   0,
      0,   0,   0,   0,   0,   0,   0,   0,   0,   0,   0,   0,   0,   0,   0,   0,   0,   0,   0,   0,
      0,   0,   0,   0,   0,   0,   0,   0,   0,   0,   0,   0,   0,   0,   0,   0,   0,   0,   0,   0,
      0,   0,   0,   0,   0,   0,   0,   0,   0,   0,   0,   0,   0,   0,   0,   0,   0,   0,   0,   0,
      0,   0,   0,   0,   0,   0,   0,   0,   0,   0,   0,   0,   0,   0,   0,   0,   0,   0,   0,   0,
      0,   0,   0,   0,   0,   0,   0,   0,   0,   0,   0,   0,   0,   0,   0,   0,   0,   0,   0,   0,
      0,   0,   0,   0,   0,   0,   0,   0,   0,   0,   0,   0,   0,   0,   0,   0,   0,   0,   0,   0,
},

// 'з' (U+0437)
{
      0,  22,  78, 129, 172, 202, 221, 240, 251, 239, 215, 170, 100,  17,   0,   0,   0,   0,   0,   0,
      0, 228, 255, 255, 255, 255, 255, 255, 255, 255, 255, 255, 255, 242, 119,   2,   0,   0,   0,   0,
      0, 228, 255, 255, 255, 255, 255, 255, 255, 255, 255, 255, 255, 255, 255, 171,   2,   0,   0,   0,
      0, 204, 175, 122,  79,  51,  30,   9,   7,  27,  77, 169, 254, 255, 255, 255, 112,   0,   0,   0,
      0,   0,   0,   0,   0,   0,   0,   0,   0,   0,   0,   0,  82, 253, 255, 255, 223,   0,   0,   0,
      0,   0,   0,   0,   0,   0,   0,   0,   0,   0,   0,   0,   0, 167, 255, 255, 255,  19,   0,   0,
      0,   0,   0,   0,   0,   0,   0,   0,   0,   0,   0,   0,   0, 116, 255, 255, 255,  32,   0,   0,
      0,   0,   0,   0,   0,   0,   0,   0,   0,   0,   0,   0,   0, 156, 255, 255, 244,   5,   0,   0,
      0,   0,   0,   0,   0,   0,   0,   0,   0,   0,   0,   0,  74, 251, 255, 255, 152,   0,   0,   0,
      0,   0,   0,   0,   0,   0,   0,   0,   4,  23,  70, 160, 253, 255, 255, 212,  15,   0,   0,   0,
      0,   0,   0,   0,  28, 255, 255, 255, 255, 255, 255, 255, 255, 250, 153,  15,   0,   0,   0,   0,
      0,   0,   0,   0,  28, 255, 255, 255, 255, 255, 255, 255, 224,  93,   4,   0,   0,   0,   0,   0,
      0,   0,   0,   0,  28, 255, 255, 255, 255, 255, 255, 255, 255, 255, 231, 100,   0,   0,   0,   0,
      0,   0,   0,   0,   0,   0,   0,   0,   6,  23,  63, 134, 235, 255, 255, 255, 144,   0,   0,   0,
      0,   0,   0,   0,   0,   0,   0,   0,   0,   0,   0,   0,  17, 185, 255, 255, 255,  69,   0,   0,
      0,   0,   0,   0,   0,   0,   0,   0,   0,   0,   0,   0,   0,  16, 244, 255, 255, 162,   0,   0,
      0,   0,   0,   0,   0,   0,   0,   0,   0,   0,   0,   0,   0,   0, 213, 255, 255, 192,   0,   0,
      0,   0,   0,   0,   0,   0,   0,   0,   0,   0,   0,   0,   0,  20, 248, 255, 255, 171,   0,   0,
      0,   0,   0,   0,   0,   0,   0,   0,   0,   0,   0,   0,  17, 187, 255, 255, 255, 107,   0,   0,
    161, 169, 113,  69,  47,  30,  13,   2,  10,  33,  74, 141, 235, 255, 255, 255, 224,  14,   0,   0,
    180, 255, 255, 255, 255, 255, 255, 255, 255, 255, 255, 255, 255, 255, 255, 230,  48,   0,   0,   0,
    180, 255, 255, 255, 255, 255, 255, 255, 255, 255, 255, 255, 255, 250, 157,  24,   0,   0,   0,   0,
     13,  63, 116, 168, 202, 221, 240, 252, 244, 232, 200, 160,  97,  23,   0,   0,   0,   0,   0,   0,
      0,   0,   0,   0,   0,   0,   0,   0,   0,   0,   0,   0,   0,   0,   0,   0,   0,   0,   0,   0,
      0,   0,   0,   0,   0,   0,   0,   0,   0,   0,   0,   0,   0,   0,   0,   0,   0,   0,   0,   0,
      0,   0,   0,   0,   0,   0,   0,   0,   0,   0,   0,   0,   0,   0,   0,   0,   0,   0,   0,   0,
      0,   0,   0,   0,   0,   0,   0,   0,   0,   0,   0,   0,   0,   0,   0,   0,   0,   0,   0,   0,
      0,   0,   0,   0,   0,   0,   0,   0,   0,   0,   0,   0,   0,   0,   0,   0,   0,   0,   0,   0,
      0,   0,   0,   0,   0,   0,   0,   0,   0,   0,   0,   0,   0,   0,   0,   0,   0,   0,   0,   0,
      0,   0,   0,   0,   0,   0,   0,   0,   0,   0,   0,   0,   0,   0,   0,   0,   0,   0,   0,   0,
      0,   0,   0,   0,   0,   0,   0,   0,   0,   0,   0,   0,   0,   0,   0,   0,   0,   0,   0,   0,
      0,   0,   0,   0,   0,   0,   0,   0,   0,   0,   0,   0,   0,   0,   0,   0,   0,   0,   0,   0,
      0,   0,   0,   0,   0,   0,   0,   0,   0,   0,   0,   0,   0,   0,   0,   0,   0,   0,   0,   0,
      0,   0,   0,   0,   0,   0,   0,   0,   0,   0,   0,   0,   0,   0,   0,   0,   0,   0,   0,   0,
      0,   0,   0,   0,   0,   0,   0,   0,   0,   0,   0,   0,   0,   0,   0,   0,   0,   0,   0,   0,
      0,   0,   0,   0,   0,   0,   0,   0,   0,   0,   0,   0,   0,   0,   0,   0,   0,   0,   0,   0,
      0,   0,   0,   0,   0,   0,   0,   0,   0,   0,   0,   0,   0,   0,   0,   0,   0,   0,   0,   0,
      0,   0,   0,   0,   0,   0,   0,   0,   0,   0,   0,   0,   0,   0,   0,   0,   0,   0,   0,   0,
      0,   0,   0,   0,   0,   0,   0,   0,   0,   0,   0,   0,   0,   0,   0,   0,   0,   0,   0,   0,
      0,   0,   0,   0,   0,   0,   0,   0,   0,   0,   0,   0,   0,   0,   0,   0,   0,   0,   0,   0,
},

// 'и' (U+0438)
{
     48, 255, 255, 255, 104,   0,   0,   0,   0,   0,   0,   0,   0,  97, 255, 255, 255, 132,   0,   0,
     48, 255, 255, 255, 104,   0,   0,   0,   0,   0,   0,   0,  16, 233, 255, 255, 255, 132,   0,   0,
     48, 255, 255, 255, 104,   0,   0,   0,   0,   0,   0,   0, 147, 255, 255, 255, 255, 132,   0,   0,
     48, 255, 255, 255, 104,   0,   0,   0,   0,   0,   0,  48, 252, 255, 255, 255, 255, 132,   0,   0,
     48, 255, 255, 255, 104,   0,   0,   0,   0,   0,   1, 196, 255, 255, 255, 255, 255, 132,   0,   0,
     48, 255, 255, 255, 104,   0,   0,   0,   0,   0,  95, 255, 255, 255, 255, 255, 255, 132,   0,   0,
     48, 255, 255, 255, 104,   0,   0,   0,   0,  15, 232, 255, 255, 194, 255, 255, 255, 132,   0,   0,
     48, 255, 255, 255, 104,   0,   0,   0,   0, 146, 255, 255, 246,  52, 255, 255, 255, 132,   0,   0,
     48, 255, 255, 255, 104,   0,   0,   0,  46, 252, 255, 255, 125,  20, 255, 255, 255, 132,   0,   0,
     48, 255, 255, 255, 104,   0,   0,   0, 195, 255, 255, 220,   7,  20, 255, 255, 255, 132,   0,   0,
     48, 255, 255, 255, 104,   0,   0,  94, 255, 255, 255,  74,   0,  20, 255, 255, 255, 132,   0,   0,
     48, 255, 255, 255, 104,   0,  14, 232, 255, 255, 177,   0,   0,  20, 255, 255, 255, 132,   0,   0,
     48, 255, 255, 255, 104,   0, 144, 255, 255, 246,  33,   0,   0,  20, 255, 255, 255, 132,   0,   0,
     48, 255, 255, 255, 104,  45, 251, 255, 255, 126,   0,   0,   0,  20, 255, 255, 255, 132,   0,   0,
     48, 255, 255, 255, 104, 194, 255, 255, 221,   8,   0,   0,   0,  20, 255, 255, 255, 132,   0,   0,
     48, 255, 255, 255, 195, 255, 255, 255,  76,   0,   0,   0,   0,  20, 255, 255, 255, 132,   0,   0,
     48, 255, 255, 255, 255, 255, 255, 178,   0,   0,   0,   0,   0,  20, 255, 255, 255, 132,   0,   0,
     48, 255, 255, 255, 255, 255, 247,  34,   0,   0,   0,   0,   0,  20, 255, 255, 255, 132,   0,   0,
     48, 255, 255, 255, 255, 255, 128,   0,   0,   0,   0,   0,   0,  20, 255, 255, 255, 132,   0,   0,
     48, 255, 255, 255, 255, 222,   8,   0,   0,   0,   0,   0,   0,  20, 255, 255, 255, 132,   0,   0,
     48, 255, 255, 255, 255,  77,   0,   0,   0,   0,   0,   0,   0,  20, 255, 255, 255, 132,   0,   0,
     48, 255, 255, 255, 180,   0,   0,   0,   0,   0,   0,   0,   0,  20, 255, 255, 255, 132,   0,   0,
      0,   0,   0,   0,   0,   0,   0,   0,   0,   0,   0,   0,   0,   0,   0,   0,   0,   0,   0,   0,
      0,   0,   0,   0,   0,   0,   0,   0,   0,   0,   0,   0,   0,   0,   0,   0,   0,   0,   0,   0,
      0,   0,   0,   0,   0,   0,   0,   0,   0,   0,   0,   0,   0,   0,   0,   0,   0,   0,   0,   0,
      0,   0,   0,   0,   0,   0,   0,   0,   0,   0,   0,   0,   0,   0,   0,   0,   0,   0,   0,   0,
      0,   0,   0,   0,   0,   0,   0,   0,   0,   0,   0,   0,   0,   0,   0,   0,   0,   0,   0,   0,
      0,   0,   0,   0,   0,   0,   0,   0,   0,   0,   0,   0,   0,   0,   0,   0,   0,   0,   0,   0,
      0,   0,   0,   0,   0,   0,   0,   0,   0,   0,   0,   0,   0,   0,   0,   0,   0,   0,   0,   0,
      0,   0,   0,   0,   0,   0,   0,   0,   0,   0,   0,   0,   0,   0,   0,   0,   0,   0,   0,   0,
      0,   0,   0,   0,   0,   0,   0,   0,   0,   0,   0,   0,   0,   0,   0,   0,   0,   0,   0,   0,
      0,   0,   0,   0,   0,   0,   0,   0,   0,   0,   0,   0,   0,   0,   0,   0,   0,   0,   0,   0,
      0,   0,   0,   0,   0,   0,   0,   0,   0,   0,   0,   0,   0,   0,   0,   0,   0,   0,   0,   0,
      0,   0,   0,   0,   0,   0,   0,   0,   0,   0,   0,   0,   0,   0,   0,   0,   0,   0,   0,   0,
      0,   0,   0,   0,   0,   0,   0,   0,   0,   0,   0,   0,   0,   0,   0,   0,   0,   0,   0,   0,
      0,   0,   0,   0,   0,   0,   0,   0,   0,   0,   0,   0,   0,   0,   0,   0,   0,   0,   0,   0,
      0,   0,   0,   0,   0,   0,   0,   0,   0,   0,   0,   0,   0,   0,   0,   0,   0,   0,   0,   0,
      0,   0,   0,   0,   0,   0,   0,   0,   0,   0,   0,   0,   0,   0,   0,   0,   0,   0,   0,   0,
      0,   0,   0,   0,   0,   0,   0,   0,   0,   0,   0,   0,   0,   0,   0,   0,   0,   0,   0,   0,
      0,   0,   0,   0,   0,   0,   0,   0,   0,   0,   0,   0,   0,   0,   0,   0,   0,   0,   0,   0,
},

// 'й' (U+0439)
{
      0,   0,   6, 253, 255, 102,   0,   0,   0,   0,   0,   0,  82, 255, 255,  25,   0,   0,   0,   0,
      0,   0,   0, 216, 255, 203,   5,   0,   0,   0,   0,   3, 191, 255, 238,   0,   0,   0,   0,   0,
      0,   0,   0, 141, 255, 255, 186,  61,  16,  14,  56, 179, 255, 255, 163,   0,   0,   0,   0,   0,
      0,   0,   0,  29, 244, 255, 255, 255, 255, 255, 255, 255, 255, 250,  44,   0,   0,   0,   0,   0,
      0,   0,   0,   0,  78, 245, 255, 255, 255, 255, 255, 255, 250,  94,   0,   0,   0,   0,   0,   0,
      0,   0,   0,   0,   0,  36, 149, 217, 247, 247, 221, 157,  45,   0,   0,   0,   0,   0,   0,   0,
      0,   0,   0,   0,   0,   0,   0,   0,   0,   0,   0,   0,   0,   0,   0,   0,   0,   0,   0,   0,
      0,   0,   0,   0,   0,   0,   0,   0,   0,   0,   0,   0,   0,   0,   0,   0,   0,   0,   0,   0,
      0,   0,   0,   0,   0,   0,   0,   0,   0,   0,   0,   0,   0,   0,   0,   0,   0,   0,   0,   0,
      0,   0,   0,   0,   0,   0,   0,   0,   0,   0,   0,   0,   0,   0,   0,   0,   0,   0,   0,   0,
     48, 255, 255, 255, 104,   0,   0,   0,   0,   0,   0,   0,   0,  97, 255, 255, 255, 132,   0,   0,
     48, 255, 255, 255, 104,   0,   0,   0,   0,   0,   0,   0,  16, 233, 255, 255, 255, 132,   0,   0,
     48, 255, 255, 255, 104,   0,   0,   0,   0,   0,   0,   0, 147, 255, 255, 255, 255, 132,   0,   0,
     48, 255, 255, 255, 104,   0,   0,   0,   0,   0,   0,  48, 252, 255, 255, 255, 255, 132,   0,   0,
     48, 255, 255, 255, 104,   0,   0,   0,   0,   0,   1, 196, 255, 255, 255, 255, 255, 132,   0,   0,
     48, 255, 255, 255, 104,   0,   0,   0,   0,   0,  95, 255, 255, 255, 255, 255, 255, 132,   0,   0,
     48, 255, 255, 255, 104,   0,   0,   0,   0,  15, 232, 255, 255, 194, 255, 255, 255, 132,   0,   0,
     48, 255, 255, 255, 104,   0,   0,   0,   0, 146, 255, 255, 246,  52, 255, 255, 255, 132,   0,   0,
     48, 255, 255, 255, 104,   0,   0,   0,  46, 252, 255, 255, 125,  20, 255, 255, 255, 132,   0,   0,
     48, 255, 255, 255, 104,   0,   0,   0, 195, 255, 255, 220,   7,  20, 255, 255, 255, 132,   0,   0,
     48, 255, 255, 255, 104,   0,   0,  94, 255, 255, 255,  74,   0,  20, 255, 255, 255, 132,   0,   0,
     48, 255, 255, 255, 104,   0,  14, 232, 255, 255, 177,   0,   0,  20, 255, 255, 255, 132,   0,   0,
     48, 255, 255, 255, 104,   0, 144, 255, 255, 246,  33,   0,   0,  20, 255, 255, 255, 132,   0,   0,
     48, 255, 255, 255, 104,  45, 251, 255, 255, 126,   0,   0,   0,  20, 255, 255, 255, 132,   0,   0,
     48, 255, 255, 255, 104, 194, 255, 255, 221,   8,   0,   0,   0,  20, 255, 255, 255, 132,   0,   0,
     48, 255, 255, 255, 195, 255, 255, 255,  76,   0,   0,   0,   0,  20, 255, 255, 255, 132,   0,   0,
     48, 255, 255, 255, 255, 255, 255, 178,   0,   0,   0,   0,   0,  20, 255, 255, 255, 132,   0,   0,
     48, 255, 255, 255, 255, 255, 247,  34,   0,   0,   0,   0,   0,  20, 255, 255, 255, 132,   0,   0,
     48, 255, 255, 255, 255, 255, 128,   0,   0,   0,   0,   0,   0,  20, 255, 255, 255, 132,   0,   0,
     48, 255, 255, 255, 255, 222,   8,   0,   0,   0,   0,   0,   0,  20, 255, 255, 255, 132,   0,   0,
     48, 255, 255, 255, 255,  77,   0,   0,   0,   0,   0,   0,   0,  20, 255, 255, 255, 132,   0,   0,
     48, 255, 255, 255, 180,   0,   0,   0,   0,   0,   0,   0,   0,  20, 255, 255, 255, 132,   0,   0,
      0,   0,   0,   0,   0,   0,   0,   0,   0,   0,   0,   0,   0,   0,   0,   0,   0,   0,   0,   0,
      0,   0,   0,   0,   0,   0,   0,   0,   0,   0,   0,   0,   0,   0,   0,   0,   0,   0,   0,   0,
      0,   0,   0,   0,   0,   0,   0,   0,   0,   0,   0,   0,   0,   0,   0,   0,   0,   0,   0,   0,
      0,   0,   0,   0,   0,   0,   0,   0,   0,   0,   0,   0,   0,   0,   0,   0,   0,   0,   0,   0,
      0,   0,   0,   0,   0,   0,   0,   0,   0,   0,   0,   0,   0,   0,   0,   0,   0,   0,   0,   0,
      0,   0,   0,   0,   0,   0,   0,   0,   0,   0,   0,   0,   0,   0,   0,   0,   0,   0,   0,   0,
      0,   0,   0,   0,   0,   0,   0,   0,   0,   0,   0,   0,   0,   0,   0,   0,   0,   0,   0,   0,
      0,   0,   0,   0,   0,   0,   0,   0,   0,   0,   0,   0,   0,   0,   0,   0,   0,   0,   0,   0,
},

// 'к' (U+043A)
{
    100, 255, 255, 255,  84,   0,   0,   0,   0,   0,   0,   0,   9, 186, 255, 255, 255, 153,   1,   0,
    100, 255, 255, 255,  84,   0,   0,   0,   0,   0,   0,  12, 191, 255, 255, 255, 144,   0,   0,   0,
    100, 255, 255, 255,  84,   0,   0,   0,   0,   0,  14, 197, 255, 255, 255, 135,   0,   0,   0,   0,
    100, 255, 255, 255,  84,   0,   0,   0,   0,  17, 202, 255, 255, 255, 126,   0,   0,   0,   0,   0,
    100, 255, 255, 255,  84,   0,   0,   0,  20, 207, 255, 255, 255, 117,   0,   0,   0,   0,   0,   0,
    100, 255, 255, 255,  84,   0,   0,  23, 211, 255, 255, 254, 108,   0,   0,   0,   0,   0,   0,   0,
    100, 255, 255, 255,  84,   0,  26, 216, 255, 255, 253,  99,   0,   0,   0,   0,   0,   0,   0,   0,
    100, 255, 255, 255,  84,  30, 220, 255, 255, 252,  91,   0,   0,   0,   0,   0,   0,   0,   0,   0,
    100, 255, 255, 255, 118, 224, 255, 255, 255, 189,   0,   0,   0,   0,   0,   0,   0,   0,   0,   0,
    100, 255, 255, 255, 253, 255, 255, 255, 255, 255,  99,   0,   0,   0,   0,   0,   0,   0,   0,   0,
    100, 255, 255, 255, 255, 255, 238, 244, 255, 255, 245,  40,   0,   0,   0,   0,   0,   0,   0,   0,
    100, 255, 255, 255, 255, 233,  46, 100, 255, 255, 255, 208,   7,   0,   0,   0,   0,   0,   0,   0,
    100, 255, 255, 255, 226,  38,   0,   0, 173, 255, 255, 255, 146,   0,   0,   0,   0,   0,   0,   0,
    100, 255, 255, 255,  87,   0,   0,   0,  18, 228, 255, 255, 255,  77,   0,   0,   0,   0,   0,   0,
    100, 255, 255, 255,  84,   0,   0,   0,   0,  66, 253, 255, 255, 236,  26,   0,   0,   0,   0,   0,
    100, 255, 255, 255,  84,   0,   0,   0,   0,   0, 138, 255, 255, 255, 190,   2,   0,   0,   0,   0,
    100, 255, 255, 255,  84,   0,   0,   0,   0,   0,   6, 205, 255, 255, 255, 123,   0,   0,   0,   0,
    100, 255, 255, 255,  84,   0,   0,   0,   0,   0,   0,  39, 245, 255, 255, 251,  57,   0,   0,   0,
    100, 255, 255, 255,  84,   0,   0,   0,   0,   0,   0,   0, 103, 255, 255, 255, 224,  15,   0,   0,
    100, 255, 255, 255,  84,   0,   0,   0,   0,   0,   0,   0,   0, 175, 255, 255, 255, 169,   0,   0,
    100, 255, 255, 255,  84,   0,   0,   0,   0,   0,   0,   0,   0,  19, 230, 255, 255, 255, 100,   0,
    100, 255, 255, 255,  84,   0,   0,   0,   0,   0,   0,   0,   0,   0,  69, 254, 255, 255, 245,  41,
      0,   0,   0,   0,   0,   0,   0,   0,   0,   0,   0,   0,   0,   0,   0,   0,   0,   0,   0,   0,
      0,   0,   0,   0,   0,   0,   0,   0,   0,   0,   0,   0,   0,   0,   0,   0,   0,   0,   0,   0,
      0,   0,   0,   0,   0,   0,   0,   0,   0,   0,   0,   0,   0,   0,   0,   0,   0,   0,   0,   0,
      0,   0,   0,   0,   0,   0,   0,   0,   0,   0,   0,   0,   0,   0,   0,   0,   0,   0,   0,   0,
      0,   0,   0,   0,   0,   0,   0,   0,   0,   0,   0,   0,   0,   0,   0,   0,   0,   0,   0,   0,
      0,   0,   0,   0,   0,   0,   0,   0,   0,   0,   0,   0,   0,   0,   0,   0,   0,   0,   0,   0,
      0,   0,   0,   0,   0,   0,   0,   0,   0,   0,   0,   0,   0,   0,   0,   0,   0,   0,   0,   0,
      0,   0,   0,   0,   0,   0,   0,   0,   0,   0,   0,   0,   0,   0,   0,   0,   0,   0,   0,   0,
      0,   0,   0,   0,   0,   0,   0,   0,   0,   0,   0,   0,   0,   0,   0,   0,   0,   0,   0,   0,
      0,   0,   0,   0,   0,   0,   0,   0,   0,   0,   0,   0,   0,   0,   0,   0,   0,   0,   0,   0,
      0,   0,   0,   0,   0,   0,   0,   0,   0,   0,   0,   0,   0,   0,   0,   0,   0,   0,   0,   0,
      0,   0,   0,   0,   0,   0,   0,   0,   0,   0,   0,   0,   0,   0,   0,   0,   0,   0,   0,   0,
      0,   0,   0,   0,   0,   0,   0,   0,   0,   0,   0,   0,   0,   0,   0,   0,   0,   0,   0,   0,
      0,   0,   0,   0,   0,   0,   0,   0,   0,   0,   0,   0,   0,   0,   0,   0,   0,   0,   0,   0,
      0,   0,   0,   0,   0,   0,   0,   0,   0,   0,   0,   0,   0,   0,   0,   0,   0,   0,   0,   0,
      0,   0,   0,   0,   0,   0,   0,   0,   0,   0,   0,   0,   0,   0,   0,   0,   0,   0,   0,   0,
      0,   0,   0,   0,   0,   0,   0,   0,   0,   0,   0,   0,   0,   0,   0,   0,   0,   0,   0,   0,
      0,   0,   0,   0,   0,   0,   0,   0,   0,   0,   0,   0,   0,   0,   0,   0,   0,   0,   0,   0,
},

// 'л' (U+043B)
{
      0,   0,   0,   0,   0, 212, 255, 255, 255, 255, 255, 255, 255, 255, 255, 255, 255, 255, 255, 255,
      0,   0,   0,   0,   0, 212, 255, 255, 255, 255, 255, 255, 255, 255, 255, 255, 255, 255, 255, 255,
      0,   0,   0,   0,   0, 212, 255, 255, 255, 255, 255, 255, 255, 255, 255, 255, 255, 255, 255, 255,
      0,   0,   0,   0,   0, 212, 255, 255, 196,   0,   0,   0,   0,   0,   0,   0,  20, 255, 255, 255,
      0,   0,   0,   0,   0, 212, 255, 255, 196,   0,   0,   0,   0,   0,   0,   0,  20, 255, 255, 255,
      0,   0,   0,   0,   0, 212, 255, 255, 196,   0,   0,   0,   0,   0,   0,   0,  20, 255, 255, 255,
      0,   0,   0,   0,   0, 212, 255, 255, 196,   0,   0,   0,   0,   0,   0,   0,  20, 255, 255, 255,
      0,   0,   0,   0,   0, 212, 255, 255, 195,   0,   0,   0,   0,   0,   0,   0,  20, 255, 255, 255,
      0,   0,   0,   0,   0, 215, 255, 255, 192,   0,   0,   0,   0,   0,   0,   0,  20, 255, 255, 255,
      0,   0,   0,   0,   0, 219, 255, 255, 187,   0,   0,   0,   0,   0,   0,   0,  20, 255, 255, 255,
      0,   0,   0,   0,   0, 223, 255, 255, 182,   0,   0,   0,   0,   0,   0,   0,  20, 255, 255, 255,
      0,   0,   0,   0,   0, 231, 255, 255, 175,   0,   0,   0,   0,   0,   0,   0,  20, 255, 255, 255,
      0,   0,   0,   0,   0, 245, 255, 255, 159,   0,   0,   0,   0,   0,   0,   0,  20, 255, 255, 255,
      0,   0,   0,   0,   2, 255, 255, 255, 143,   0,   0,   0,   0,   0,   0,   0,  20, 255, 255, 255,
      0,   0,   0,   0,  25, 255, 255, 255, 124,   0,   0,   0,   0,   0,   0,   0,  20, 255, 255, 255,
      0,   0,   0,   0,  62, 255, 255, 255,  89,   0,   0,   0,   0,   0,   0,   0,  20, 255, 255, 255,
      0,   0,   0,   0, 127, 255, 255, 255,  33,   0,   0,   0,   0,   0,   0,   0,  20, 255, 255, 255,
      0,   0,   0,  14, 229, 255, 255, 213,   0,   0,   0,   0,   0,   0,   0,   0,  20, 255, 255, 255,
      0,   5,  55, 200, 255, 255, 255, 107,   0,   0,   0,   0,   0,   0,   0,   0,  20, 255, 255, 255,
    104, 255, 255, 255, 255, 255, 217,   6,   0,   0,   0,   0,   0,   0,   0,   0,  20, 255, 255, 255,
    104, 255, 255, 255, 255, 230,  40,   0,   0,   0,   0,   0,   0,   0,   0,   0,  20, 255, 255, 255,
    104, 254, 238, 205, 128,  15,   0,   0,   0,   0,   0,   0,   0,   0,   0,   0,  20, 255, 255, 255,
      0,   0,   0,   0,   0,   0,   0,   0,   0,   0,   0,   0,   0,   0,   0,   0,   0,   0,   0,   0,
      0,   0,   0,   0,   0,   0,   0,   0,   0,   0,   0,   0,   0,   0,   0,   0,   0,   0,   0,   0,
      0,   0,   0,   0,   0,   0,   0,   0,   0,   0,   0,   0,   0,   0,   0,   0,   0,   0,   0,   0,
      0,   0,   0,   0,   0,   0,   0,   0,   0,   0,   0,   0,   0,   0,   0,   0,   0,   0,   0,   0,
      0,   0,   0,   0,   0,   0,   0,   0,   0,   0,   0,   0,   0,   0,   0,   0,   0,   0,   0,   0,
      0,   0,   0,   0,   0,   0,   0,   0,   0,   0,   0,   0,   0,   0,   0,   0,   0,   0,   0,   0,
      0,   0,   0,   0,   0,   0,   0,   0,   0,   0,   0,   0,   0,   0,   0,   0,   0,   0,   0,   0,
      0,   0,   0,   0,   0,   0,   0,   0,   0,   0,   0,   0,   0,   0,   0,   0,   0,   0,   0,   0,
      0,   0,   0,   0,   0,   0,   0,   0,   0,   0,   0,   0,   0,   0,   0,   0,   0,   0,   0,   0,
      0,   0,   0,   0,   0,   0,   0,   0,   0,   0,   0,   0,   0,   0,   0,   0,   0,   0,   0,   0,
      0,   0,   0,   0,   0,   0,   0,   0,   0,   0,   0,   0,   0,   0,   0,   0,   0,   0,   0,   0,
      0,   0,   0,   0,   0,   0,   0,   0,   0,   0,   0,   0,   0,   0,   0,   0,   0,   0,   0,   0,
      0,   0,   0,   0,   0,   0,   0,   0,   0,   0,   0,   0,   0,   0,   0,   0,   0,   0,   0,   0,
      0,   0,   0,   0,   0,   0,   0,   0,   0,   0,   0,   0,   0,   0,   0,   0,   0,   0,   0,   0,
      0,   0,   0,   0,   0,   0,   0,   0,   0,   0,   0,   0,   0,   0,   0,   0,   0,   0,   0,   0,
      0,   0,   0,   0,   0,   0,   0,   0,   0,   0,   0,   0,   0,   0,   0,   0,   0,   0,   0,   0,
      0,   0,   0,   0,   0,   0,   0,   0,   0,   0,   0,   0,   0,   0,   0,   0,   0,   0,   0,   0,
      0,   0,   0,   0,   0,   0,   0,   0,   0,   0,   0,   0,   0,   0,   0,   0,   0,   0,   0,   0,
},

// 'м' (U+043C)
{
    208, 255, 255, 244,  24,   0,   0,   0,   0,   0,   0,   0,   0,   0,   0,   0,   0,   2, 211, 255,
    208, 255, 255, 255, 151,   0,   0,   0,   0,   0,   0,   0,   0,   0,   0,   0,   0,  96, 255, 255,
    208, 255, 255, 255, 251,  39,   0,   0,   0,   0,   0,   0,   0,   0,   0,   0,   8, 226, 255, 255,
    208, 255, 255, 255, 255, 173,   0,   0,   0,   0,   0,   0,   0,   0,   0,   0, 118, 255, 255, 255,
    208, 255, 255, 255, 255, 255,  57,   0,   0,   0,   0,   0,   0,   0,   0,  18, 239, 255, 255, 255,
    208, 255, 255, 255, 255, 255, 195,   0,   0,   0,   0,   0,   0,   0,   0, 140, 255, 255, 255, 255,
    208, 255, 255, 255, 255, 255, 255,  78,   0,   0,   0,   0,   0,   0,  30, 248, 255, 255, 255, 255,
    208, 255, 255, 235, 253, 255, 255, 214,   3,   0,   0,   0,   0,   0, 162, 255, 255, 255, 233, 255,
    208, 255, 255, 200, 157, 255, 255, 255, 100,   0,   0,   0,   0,  47, 253, 255, 255, 209, 147, 255,
    208, 255, 255, 200,  23, 241, 255, 255, 229,  10,   0,   0,   0, 184, 255, 255, 255,  64, 144, 255,
    208, 255, 255, 200,   0, 116, 255, 255, 255, 122,   0,   0,  67, 255, 255, 255, 171,   0, 144, 255,
    208, 255, 255, 200,   0,   5, 218, 255, 255, 241,  20,   1, 204, 255, 255, 247,  32,   0, 144, 255,
    208, 255, 255, 200,   0,   0,  76, 255, 255, 255, 144,  89, 255, 255, 255, 131,   0,   0, 144, 255,
    208, 255, 255, 200,   0,   0,   0, 183, 255, 255, 249, 227, 255, 255, 227,  11,   0,   0, 144, 255,
    208, 255, 255, 200,   0,   0,   0,  40, 250, 255, 255, 255, 255, 255,  90,   0,   0,   0, 144, 255,
    208, 255, 255, 200,   0,   0,   0,   0, 143, 255, 255, 255, 255, 197,   0,   0,   0,   0, 144, 255,
    208, 255, 255, 200,   0,   0,   0,   0,  15, 234, 255, 255, 254,  52,   0,   0,   0,   0, 144, 255,
    208, 255, 255, 200,   0,   0,   0,   0,   0,   0,   0,   0,   0,   0,   0,   0,   0,   0, 144, 255,
    208, 255, 255, 200,   0,   0,   0,   0,   0,   0,   0,   0,   0,   0,   0,   0,   0,   0, 144, 255,
    208, 255, 255, 200,   0,   0,   0,   0,   0,   0,   0,   0,   0,   0,   0,   0,   0,   0, 144, 255,
    208, 255, 255, 200,   0,   0,   0,   0,   0,   0,   0,   0,   0,   0,   0,   0,   0,   0, 144, 255,
    208, 255, 255, 200,   0,   0,   0,   0,   0,   0,   0,   0,   0,   0,   0,   0,   0,   0, 144, 255,
      0,   0,   0,   0,   0,   0,   0,   0,   0,   0,   0,   0,   0,   0,   0,   0,   0,   0,   0,   0,
      0,   0,   0,   0,   0,   0,   0,   0,   0,   0,   0,   0,   0,   0,   0,   0,   0,   0,   0,   0,
      0,   0,   0,   0,   0,   0,   0,   0,   0,   0,   0,   0,   0,   0,   0,   0,   0,   0,   0,   0,
      0,   0,   0,   0,   0,   0,   0,   0,   0,   0,   0,   0,   0,   0,   0,   0,   0,   0,   0,   0,
      0,   0,   0,   0,   0,   0,   0,   0,   0,   0,   0,   0,   0,   0,   0,   0,   0,   0,   0,   0,
      0,   0,   0,   0,   0,   0,   0,   0,   0,   0,   0,   0,   0,   0,   0,   0,   0,   0,   0,   0,
      0,   0,   0,   0,   0,   0,   0,   0,   0,   0,   0,   0,   0,   0,   0,   0,   0,   0,   0,   0,
      0,   0,   0,   0,   0,   0,   0,   0,   0,   0,   0,   0,   0,   0,   0,   0,   0,   0,   0,   0,
      0,   0,   0,   0,   0,   0,   0,   0,   0,   0,   0,   0,   0,   0,   0,   0,   0,   0,   0,   0,
      0,   0,   0,   0,   0,   0,   0,   0,   0,   0,   0,   0,   0,   0,   0,   0,   0,   0,   0,   0,
      0,   0,   0,   0,   0,   0,   0,   0,   0,   0,   0,   0,   0,   0,   0,   0,   0,   0,   0,   0,
      0,   0,   0,   0,   0,   0,   0,   0,   0,   0,   0,   0,   0,   0,   0,   0,   0,   0,   0,   0,
      0,   0,   0,   0,   0,   0,   0,   0,   0,   0,   0,   0,   0,   0,   0,   0,   0,   0,   0,   0,
      0,   0,   0,   0,   0,   0,   0,   0,   0,   0,   0,   0,   0,   0,   0,   0,   0,   0,   0,   0,
      0,   0,   0,   0,   0,   0,   0,   0,   0,   0,   0,   0,   0,   0,   0,   0,   0,   0,   0,   0,
      0,   0,   0,   0,   0,   0,   0,   0,   0,   0,   0,   0,   0,   0,   0,   0,   0,   0,   0,   0,
      0,   0,   0,   0,   0,   0,   0,   0,   0,   0,   0,   0,   0,   0,   0,   0,   0,   0,   0,   0,
      0,   0,   0,   0,   0,   0,   0,   0,   0,   0,   0,   0,   0,   0,   0,   0,   0,   0,   0,   0,
},

// 'н' (U+043D)
{
     48, 255, 255, 255, 104,   0,   0,   0,   0,   0,   0,   0,   0,  20, 255, 255, 255, 132,   0,   0,
     48, 255, 255, 255, 104,   0,   0,   0,   0,   0,   0,   0,   0,  20, 255, 255, 255, 132,   0,   0,
     48, 255, 255, 255, 104,   0,   0,   0,   0,   0,   0,   0,   0,  20, 255, 255, 255, 132,   0,   0,
     48, 255, 255, 255, 104,   0,   0,   0,   0,   0,   0,   0,   0,  20, 255, 255, 255, 132,   0,   0,
     48, 255, 255, 255, 104,   0,   0,   0,   0,   0,   0,   0,   0,  20, 255, 255, 255, 132,   0,   0,
     48, 255, 255, 255, 104,   0,   0,   0,   0,   0,   0,   0,   0,  20, 255, 255, 255, 132,   0,   0,
     48, 255, 255, 255, 104,   0,   0,   0,   0,   0,   0,   0,   0,  20, 255, 255, 255, 132,   0,   0,
     48, 255, 255, 255, 104,   0,   0,   0,   0,   0,   0,   0,   0,  20, 255, 255, 255, 132,   0,   0,
     48, 255, 255, 255, 104,   0,   0,   0,   0,   0,   0,   0,   0,  20, 255, 255, 255, 132,   0,   0,
     48, 255, 255, 255, 255, 255, 255, 255, 255, 255, 255, 255, 255, 255, 255, 255, 255, 132,   0,   0,
     48, 255, 255, 255, 255, 255, 255, 255, 255, 255, 255, 255, 255, 255, 255, 255, 255, 132,   0,   0,
     48, 255, 255, 255, 255, 255, 255, 255, 255, 255, 255, 255, 255, 255, 255, 255, 255, 132,   0,   0,
     48, 255, 255, 255, 104,   0,   0,   0,   0,   0,   0,   0,   0,  20, 255, 255, 255, 132,   0,   0,
     48, 255, 255, 255, 104,   0,   0,   0,   0,   0,   0,   0,   0,  20, 255, 255, 255, 132,   0,   0,
     48, 255, 255, 255, 104,   0,   0,   0,   0,   0,   0,   0,   0,  20, 255, 255, 255, 132,   0,   0,
     48, 255, 255, 255, 104,   0,   0,   0,   0,   0,   0,   0,   0,  20, 255, 255, 255, 132,   0,   0,
     48, 255, 255, 255, 104,   0,   0,   0,   0,   0,   0,   0,   0,  20, 255, 255, 255, 132,   0,   0,
     48, 255, 255, 255, 104,   0,   0,   0,   0,   0,   0,   0,   0,  20, 255, 255, 255, 132,   0,   0,
     48, 255, 255, 255, 104,   0,   0,   0,   0,   0,   0,   0,   0,  20, 255, 255, 255, 132,   0,   0,
     48, 255, 255, 255, 104,   0,   0,   0,   0,   0,   0,   0,   0,  20, 255, 255, 255, 132,   0,   0,
     48, 255, 255, 255, 104,   0,   0,   0,   0,   0,   0,   0,   0,  20, 255, 255, 255, 132,   0,   0,
     48, 255, 255, 255, 104,   0,   0,   0,   0,   0,   0,   0,   0,  20, 255, 255, 255, 132,   0,   0,
      0,   0,   0,   0,   0,   0,   0,   0,   0,   0,   0,   0,   0,   0,   0,   0,   0,   0,   0,   0,
      0,   0,   0,   0,   0,   0,   0,   0,   0,   0,   0,   0,   0,   0,   0,   0,   0,   0,   0,   0,
      0,   0,   0,   0,   0,   0,   0,   0,   0,   0,   0,   0,   0,   0,   0,   0,   0,   0,   0,   0,
      0,   0,   0,   0,   0,   0,   0,   0,   0,   0,   0,   0,   0,   0,   0,   0,   0,   0,   0,   0,
      0,   0,   0,   0,   0,   0,   0,   0,   0,   0,   0,   0,   0,   0,   0,   0,   0,   0,   0,   0,
      0,   0,   0,   0,   0,   0,   0,   0,   0,   0,   0,   0,   0,   0,   0,   0,   0,   0,   0,   0,
      0,   0,   0,   0,   0,   0,   0,   0,   0,   0,   0,   0,   0,   0,   0,   0,   0,   0,   0,   0,
      0,   0,   0,   0,   0,   0,   0,   0,   0,   0,   0,   0,   0,   0,   0,   0,   0,   0,   0,   0,
      0,   0,   0,   0,   0,   0,   0,   0,   0,   0,   0,   0,   0,   0,   0,   0,   0,   0,   0,   0,
      0,   0,   0,   0,   0,   0,   0,   0,   0,   0,   0,   0,   0,   0,   0,   0,   0,   0,   0,   0,
      0,   0,   0,   0,   0,   0,   0,   0,   0,   0,   0,   0,   0,   0,   0,   0,   0,   0,   0,   0,
      0,   0,   0,   0,   0,   0,   0,   0,   0,   0,   0,   0,   0,   0,   0,   0,   0,   0,   0,   0,
      0,   0,   0,   0,   0,   0,   0,   0,   0,   0,   0,   0,   0,   0,   0,   0,   0,   0,   0,   0,
      0,   0,   0,   0,   0,   0,   0,   0,   0,   0,   0,   0,   0,   0,   0,   0,   0,   0,   0,   0,
      0,   0,   0,   0,   0,   0,   0,   0,   0,   0,   0,   0,   0,   0,   0,   0,   0,   0,   0,   0,
      0,   0,   0,   0,   0,   0,   0,   0,   0,   0,   0,   0,   0,   0,   0,   0,   0,   0,   0,   0,
      0,   0,   0,   0,   0,   0,   0,   0,   0,   0,   0,   0,   0,   0,   0,   0,   0,   0,   0,   0,
      0,   0,   0,   0,   0,   0,   0,   0,   0,   0,   0,   0,   0,   0,   0,   0,   0,   0,   0,   0,
},

// 'о' (U+043E)
{
      0,   0,   0,   0,   0,  14, 102, 177, 221, 243, 245, 222, 182, 107,  17,   0,   0,   0,   0,   0,
      0,   0,   0,   0,  90, 232, 255, 255, 255, 255, 255, 255, 255, 255, 236, 100,   0,   0,   0,   0,
      0,   0,   0, 115, 255, 255, 255, 255, 255, 255, 255, 255, 255, 255, 255, 255, 131,   0,   0,   0,
      0,   0,  70, 255, 255, 255, 255, 167,  59,  15,  13,  55, 157, 255, 255, 255, 255,  85,   0,   0,
      0,   5, 222, 255, 255, 255, 115,   0,   0,   0,   0,   0,   0,  96, 255, 255, 255, 232,  12,   0,
      0,  82, 255, 255, 255, 183,   0,   0,   0,   0,   0,   0,   0,   0, 164, 255, 255, 255,  99,   0,
      0, 175, 255, 255, 255,  62,   0,   0,   0,   0,   0,   0,   0,   0,  43, 255, 255, 255, 193,   0,
      0, 232, 255, 255, 235,   2,   0,   0,   0,   0,   0,   0,   0,   0,   0, 219, 255, 255, 247,   4,
     27, 255, 255, 255, 186,   0,   0,   0,   0,   0,   0,   0,   0,   0,   0, 167, 255, 255, 255,  45,
     55, 255, 255, 255, 149,   0,   0,   0,   0,   0,   0,   0,   0,   0,   0, 131, 255, 255, 255,  73,
     70, 255, 255, 255, 134,   0,   0,   0,   0,   0,   0,   0,   0,   0,   0, 116, 255, 255, 255,  88,
     80, 255, 255, 255, 126,   0,   0,   0,   0,   0,   0,   0,   0,   0,   0, 107, 255, 255, 255, 100,
     70, 255, 255, 255, 134,   0,   0,   0,   0,   0,   0,   0,   0,   0,   0, 116, 255, 255, 255,  88,
     56, 255, 255, 255, 150,   0,   0,   0,   0,   0,   0,   0,   0,   0,   0, 131, 255, 255, 255,  74,
     27, 255, 255, 255, 186,   0,   0,   0,   0,   0,   0,   0,   0,   0,   0, 167, 255, 255, 255,  46,
      0, 233, 255, 255, 236,   2,   0,   0,   0,   0,   0,   0,   0,   0,   0, 219, 255, 255, 248,   4,
      0, 176, 255, 255, 255,  62,   0,   0,   0,   0,   0,   0,   0,   0,  43, 255, 255, 255, 195,   0,
      0,  84, 255, 255, 255, 183,   0,   0,   0,   0,   0,   0,   0,   0, 164, 255, 255, 255, 102,   0,
      0,   6, 224, 255, 255, 255, 114,   0,   0,   0,   0,   0,   0,  95, 255, 255, 255, 235,  14,   0,
      0,   0,  72, 255, 255, 255, 255, 167,  58,  13,  12,  53, 156, 255, 255, 255, 255,  92,   0,   0,
      0,   0,   0, 120, 255, 255, 255, 255, 255, 255, 255, 255, 255, 255, 255, 255, 138,   0,   0,   0,
      0,   0,   0,   0,  93, 233, 255, 255, 255, 255, 255, 255, 255, 255, 239, 106,   0,   0,   0,   0,
      0,   0,   0,   0,   0,  14, 104, 179, 223, 245, 245, 224, 184, 110,  19,   0,   0,   0,   0,   0,
      0,   0,   0,   0,   0,   0,   0,   0,   0,   0,   0,   0,   0,   0,   0,   0,   0,   0,   0,   0,
      0,   0,   0,   0,   0,   0,   0,   0,   0,   0,   0,   0,   0,   0,   0,   0,   0,   0,   0,   0,
      0,   0,   0,   0,   0,   0,   0,   0,   0,   0,   0,   0,   0,   0,   0,   0,   0,   0,   0,   0,
      0,   0,   0,   0,   0,   0,   0,   0,   0,   0,   0,   0,   0,   0,   0,   0,   0,   0,   0,   0,
      0,   0,   0,   0,   0,   0,   0,   0,   0,   0,   0,   0,   0,   0,   0,   0,   0,   0,   0,   0,
      0,   0,   0,   0,   0,   0,   0,   0,   0,   0,   0,   0,   0,   0,   0,   0,   0,   0,   0,   0,
      0,   0,   0,   0,   0,   0,   0,   0,   0,   0,   0,   0,   0,   0,   0,   0,   0,   0,   0,   0,
      0,   0,   0,   0,   0,   0,   0,   0,   0,   0,   0,   0,   0,   0,   0,   0,   0,   0,   0,   0,
      0,   0,   0,   0,   0,   0,   0,   0,   0,   0,   0,   0,   0,   0,   0,   0,   0,   0,   0,   0,
      0,   0,   0,   0,   0,   0,   0,   0,   0,   0,   0,   0,   0,   0,   0,   0,   0,   0,   0,   0,
      0,   0,   0,   0,   0,   0,   0,   0,   0,   0,   0,   0,   0,   0,   0,   0,   0,   0,   0,   0,
      0,   0,   0,   0,   0,   0,   0,   0,   0,   0,   0,   0,   0,   0,   0,   0,   0,   0,   0,   0,
      0,   0,   0,   0,   0,   0,   0,   0,   0,   0,   0,   0,   0,   0,   0,   0,   0,   0,   0,   0,
      0,   0,   0,   0,   0,   0,   0,   0,   0,   0,   0,   0,   0,   0,   0,   0,   0,   0,   0,   0,
      0,   0,   0,   0,   0,   0,   0,   0,   0,   0,   0,   0,   0,   0,   0,   0,   0,   0,   0,   0,
      0,   0,   0,   0,   0,   0,   0,   0,   0,   0,   0,   0,   0,   0,   0,   0,   0,   0,   0,   0,
      0,   0,   0,   0,   0,   0,   0,   0,   0,   0,   0,   0,   0,   0,   0,   0,   0,   0,   0,   0,
},

// 'п' (U+043F)
{
     48, 255, 255, 255, 255, 255, 255, 255, 255, 255, 255, 255, 255, 255, 255, 255, 255, 132,   0,   0,
     48, 255, 255, 255, 255, 255, 255, 255, 255, 255, 255, 255, 255, 255, 255, 255, 255, 132,   0,   0,
     48, 255, 255, 255, 255, 255, 255, 255, 255, 255, 255, 255, 255, 255, 255, 255, 255, 132,   0,   0,
     48, 255, 255, 255, 104,   0,   0,   0,   0,   0,   0,   0,   0,  20, 255, 255, 255, 132,   0,   0,
     48, 255, 255, 255, 104,   0,   0,   0,   0,   0,   0,   0,   0,  20, 255, 255, 255, 132,   0,   0,
     48, 255, 255, 255, 104,   0,   0,   0,   0,   0,   0,   0,   0,  20, 255, 255, 255, 132,   0,   0,
     48, 255, 255, 255, 104,   0,   0,   0,   0,   0,   0,   0,   0,  20, 255, 255, 255, 132,   0,   0,
     48, 255, 255, 255, 104,   0,   0,   0,   0,   0,   0,   0,   0,  20, 255, 255, 255, 132,   0,   0,
     48, 255, 255, 255, 104,   0,   0,   0,   0,   0,   0,   0,   0,  20, 255, 255, 255, 132,   0,   0,
     48, 255, 255, 255, 104,   0,   0,   0,   0,   0,   0,   0,   0,  20, 255, 255, 255, 132,   0,   0,
     48, 255, 255, 255, 104,   0,   0,   0,   0,   0,   0,   0,   0,  20, 255, 255, 255, 132,   0,   0,
     48, 255, 255, 255, 104,   0,   0,   0,   0,   0,   0,   0,   0,  20, 255, 255, 255, 132,   0,   0,
     48, 255, 255, 255, 104,   0,   0,   0,   0,   0,   0,   0,   0,  20, 255, 255, 255, 132,   0,   0,
     48, 255, 255, 255, 104,   0,   0,   0,   0,   0,   0,   0,   0,  20, 255, 255, 255, 132,   0,   0,
     48, 255, 255, 255, 104,   0,   0,   0,   0,   0,   0,   0,   0,  20, 255, 255, 255, 132,   0,   0,
     48, 255, 255, 255, 104,   0,   0,   0,   0,   0,   0,   0,   0,  20, 255, 255, 255, 132,   0,   0,
     48, 255, 255, 255, 104,   0,   0,   0,   0,   0,   0,   0,   0,  20, 255, 255, 255, 132,   0,   0,
     48, 255, 255, 255, 104,   0,   0,   0,   0,   0,   0,   0,   0,  20, 255, 255, 255, 132,   0,   0,
     48, 255, 255, 255, 104,   0,   0,   0,   0,   0,   0,   0,   0,  20, 255, 255, 255, 132,   0,   0,
     48, 255, 255, 255, 104,   0,   0,   0,   0,   0,   0,   0,   0,  20, 255, 255, 255, 132,   0,   0,
     48, 255, 255, 255, 104,   0,   0,   0,   0,   0,   0,   0,   0,  20, 255, 255, 255, 132,   0,   0,
     48, 255, 255, 255, 104,   0,   0,   0,   0,   0,   0,   0,   0,  20, 255, 255, 255, 132,   0,   0,
      0,   0,   0,   0,   0,   0,   0,   0,   0,   0,   0,   0,   0,   0,   0,   0,   0,   0,   0,   0,
      0,   0,   0,   0,   0,   0,   0,   0,   0,   0,   0,   0,   0,   0,   0,   0,   0,   0,   0,   0,
      0,   0,   0,   0,   0,   0,   0,   0,   0,   0,   0,   0,   0,   0,   0,   0,   0,   0,   0,   0,
      0,   0,   0,   0,   0,   0,   0,   0,   0,   0,   0,   0,   0,   0,   0,   0,   0,   0,   0,   0,
      0,   0,   0,   0,   0,   0,   0,   0,   0,   0,   0,   0,   0,   0,   0,   0,   0,   0,   0,   0,
      0,   0,   0,   0,   0,   0,   0,   0,   0,   0,   0,   0,   0,   0,   0,   0,   0,   0,   0,   0,
      0,   0,   0,   0,   0,   0,   0,   0,   0,   0,   0,   0,   0,   0,   0,   0,   0,   0,   0,   0,
      0,   0,   0,   0,   0,   0,   0,   0,   0,   0,   0,   0,   0,   0,   0,   0,   0,   0,   0,   0,
      0,   0,   0,   0,   0,   0,   0,   0,   0,   0,   0,   0,   0,   0,   0,   0,   0,   0,   0,   0,
      0,   0,   0,   0,   0,   0,   0,   0,   0,   0,   0,   0,   0,   0,   0,   0,   0,   0,   0,   0,
      0,   0,   0,   0,   0,   0,   0,   0,   0,   0,   0,   0,   0,   0,   0,   0,   0,   0,   0,   0,
      0,   0,   0,   0,   0,   0,   0,   0,   0,   0,   0,   0,   0,   0,   0,   0,   0,   0,   0,   0,
      0,   0,   0,   0,   0,   0,   0,   0,   0,   0,   0,   0,   0,   0,   0,   0,   0,   0,   0,   0,
      0,   0,   0,   0,   0,   0,   0,   0,   0,   0,   0,   0,   0,   0,   0,   0,   0,   0,   0,   0,
      0,   0,   0,   0,   0,   0,   0,   0,   0,   0,   0,   0,   0,   0,   0,   0,   0,   0,   0,   0,
      0,   0,   0,   0,   0,   0,   0,   0,   0,   0,   0,   0,   0,   0,   0,   0,   0,   0,   0,   0,
      0,   0,   0,   0,   0,   0,   0,   0,   0,   0,   0,   0,   0,   0,   0,   0,   0,   0,   0,   0,
      0,   0,   0,   0,   0,   0,   0,   0,   0,   0,   0,   0,   0,   0,   0,   0,   0,   0,   0,   0,
},

// 'р' (U+0440)
{
      0,   0,   0,   0,   0,   0,  19, 118, 202, 235, 245, 220, 164,  72,   0,   0,   0,   0,   0,   0,
     72, 255, 255, 255,  84,  61, 230, 255, 255, 255, 255, 255, 255, 255, 177,  19,   0,   0,   0,   0,
     72, 255, 255, 255, 121, 243, 255, 255, 255, 255, 255, 255, 255, 255, 255, 202,  12,   0,   0,   0,
     72, 255, 255, 255, 248, 255, 248, 128,  38,   8,  25,  98, 229, 255, 255, 255, 158,   0,   0,   0,
     72, 255, 255, 255, 255, 249,  61,   0,   0,   0,   0,   0,  24, 226, 255, 255, 254,  53,   0,   0,
     72, 255, 255, 255, 255, 129,   0,   0,   0,   0,   0,   0,   0,  74, 255, 255, 255, 161,   0,   0,
     72, 255, 255, 255, 251,  18,   0,   0,   0,   0,   0,   0,   0,   0, 216, 255, 255, 242,   8,   0,
     72, 255, 255, 255, 193,   0,   0,   0,   0,   0,   0,   0,   0,   0, 140, 255, 255, 255,  55,   0,
     72, 255, 255, 255, 144,   0,   0,   0,   0,   0,   0,   0,   0,   0,  92, 255, 255, 255, 102,   0,
     72, 255, 255, 255, 109,   0,   0,   0,   0,   0,   0,   0,   0,   0,  58, 255, 255, 255, 133,   0,
     72, 255, 255, 255,  94,   0,   0,   0,   0,   0,   0,   0,   0,   0,  43, 255, 255, 255, 148,   0,
     72, 255, 255, 255,  86,   0,   0,   0,   0,   0,   0,   0,   0,   0,  35, 255, 255, 255, 159,   0,
     72, 255, 255, 255,  94,   0,   0,   0,   0,   0,   0,   0,   0,   0,  43, 255, 255, 255, 150,   0,
     72, 255, 255, 255, 109,   0,   0,   0,   0,   0,   0,   0,   0,   0,  58, 255, 255, 255, 135,   0,
     72, 255, 255, 255, 144,   0,   0,   0,   0,   0,   0,   0,   0,   0,  92, 255, 255, 255, 107,   0,
     72, 255, 255, 255, 194,   0,   0,   0,   0,   0,   0,   0,   0,   0, 140, 255, 255, 255,  59,   0,
     72, 255, 255, 255, 251,  18,   0,   0,   0,   0,   0,   0,   0,   0, 215, 255, 255, 246,  11,   0,
     72, 255, 255, 255, 255, 129,   0,   0,   0,   0,   0,   0,   0,  72, 255, 255, 255, 167,   0,   0,
     72, 255, 255, 255, 255, 249,  60,   0,   0,   0,   0,   0,  22, 225, 255, 255, 255,  61,   0,   0,
     72, 255, 255, 255, 248, 255, 248, 128,  37,   7,  24,  97, 228, 255, 255, 255, 167,   0,   0,   0,
     72, 255, 255, 255, 123, 245, 255, 255, 255, 255, 255, 255, 255, 255, 255, 208,  16,   0,   0,   0,
     72, 255, 255, 255,  84,  67, 235, 255, 255, 255, 255, 255, 255, 255, 182,  22,   0,   0,   0,   0,
     72, 255, 255, 255,  84,   0,  24, 125, 205, 237, 246, 222, 167,  75,   0,   0,   0,   0,   0,   0,
     72, 255, 255, 255,  84,   0,   0,   0,   0,   0,   0,   0,   0,   0,   0,   0,   0,   0,   0,   0,
     72, 255, 255, 255,  84,   0,   0,   0,   0,   0,   0,   0,   0,   0,   0,   0,   0,   0,   0,   0,
     72, 255, 255, 255,  84,   0,   0,   0,   0,   0,   0,   0,   0,   0,   0,   0,   0,   0,   0,   0,
     72, 255, 255, 255,  84,   0,   0,   0,   0,   0,   0,   0,   0,   0,   0,   0,   0,   0,   0,   0,
     72, 255, 255, 255,  84,   0,   0,   0,   0,   0,   0,   0,   0,   0,   0,   0,   0,   0,   0,   0,
     72, 255, 255, 255,  84,   0,   0,   0,   0,   0,   0,   0,   0,   0,   0,   0,   0,   0,   0,   0,
     72, 255, 255, 255,  84,   0,   0,   0,   0,   0,   0,   0,   0,   0,   0,   0,   0,   0,   0,   0,
     72, 255, 255, 255,  84,   0,   0,   0,   0,   0,   0,   0,   0,   0,   0,   0,   0,   0,   0,   0,
      0,   0,   0,   0,   0,   0,   0,   0,   0,   0,   0,   0,   0,   0,   0,   0,   0,   0,   0,   0,
      0,   0,   0,   0,   0,   0,   0,   0,   0,   0,   0,   0,   0,   0,   0,   0,   0,   0,   0,   0,
      0,   0,   0,   0,   0,   0,   0,   0,   0,   0,   0,   0,   0,   0,   0,   0,   0,   0,   0,   0,
      0,   0,   0,   0,   0,   0,   0,   0,   0,   0,   0,   0,   0,   0,   0,   0,   0,   0,   0,   0,
      0,   0,   0,   0,   0,   0,   0,   0,   0,   0,   0,   0,   0,   0,   0,   0,   0,   0,   0,   0,
      0,   0,   0,   0,   0,   0,   0,   0,   0,   0,   0,   0,   0,   0,   0,   0,   0,   0,   0,   0,
      0,   0,   0,   0,   0,   0,   0,   0,   0,   0,   0,   0,   0,   0,   0,   0,   0,   0,   0,   0,
      0,   0,   0,   0,   0,   0,   0,   0,   0,   0,   0,   0,   0,   0,   0,   0,   0,   0,   0,   0,
      0,   0,   0,   0,   0,   0,   0,   0,   0,   0,   0,   0,   0,   0,   0,   0,   0,   0,   0,   0,
},

// 'с' (U+0441)
{
      0,   0,   0,   0,   0,   0,   8,  88, 157, 211, 233, 250, 237, 216, 194, 149,  91,  19,   0,   0,
      0,   0,   0,   0,   0, 103, 229, 255, 255, 255, 255, 255, 255, 255, 255, 255, 255, 184,   0,   0,
      0,   0,   0,   7, 164, 255, 255, 255, 255, 255, 255, 255, 255, 255, 255, 255, 255, 184,   0,   0,
      0,   0,   0, 167, 255, 255, 255, 254, 164,  75,  25,   5,  16,  42,  99, 191, 255, 184,   0,   0,
      0,   0, 101, 255, 255, 255, 238,  59,   0,   0,   0,   0,   0,   0,   0,   0,  59, 141,   0,   0,
      0,   7, 231, 255, 255, 253,  59,   0,   0,   0,   0,   0,   0,   0,   0,   0,   0,   0,   0,   0,
      0,  96, 255, 255, 255, 155,   0,   0,   0,   0,   0,   0,   0,   0,   0,   0,   0,   0,   0,   0,
      0, 170, 255, 255, 255,  49,   0,   0,   0,   0,   0,   0,   0,   0,   0,   0,   0,   0,   0,   0,
      0, 231, 255, 255, 235,   0,   0,   0,   0,   0,   0,   0,   0,   0,   0,   0,   0,   0,   0,   0,
     13, 255, 255, 255, 187,   0,   0,   0,   0,   0,   0,   0,   0,   0,   0,   0,   0,   0,   0,   0,
     31, 255, 255, 255, 166,   0,   0,   0,   0,   0,   0,   0,   0,   0,   0,   0,   0,   0,   0,   0,
     44, 255, 255, 255, 155,   0,   0,   0,   0,   0,   0,   0,   0,   0,   0,   0,   0,   0,   0,   0,
     31, 255, 255, 255, 166,   0,   0,   0,   0,   0,   0,   0,   0,   0,   0,   0,   0,   0,   0,   0,
     13, 255, 255, 255, 187,   0,   0,   0,   0,   0,   0,   0,   0,   0,   0,   0,   0,   0,   0,   0,
      0, 231, 255, 255, 236,   0,   0,   0,   0,   0,   0,   0,   0,   0,   0,   0,   0,   0,   0,   0,
      0, 170, 255, 255, 255,  51,   0,   0,   0,   0,   0,   0,   0,   0,   0,   0,   0,   0,   0,   0,
      0,  96, 255, 255, 255, 157,   0,   0,   0,   0,   0,   0,   0,   0,   0,   0,   0,   0,   0,   0,
      0,   7, 232, 255, 255, 253,  62,   0,   0,   0,   0,   0,   0,   0,   0,   0,   0,   0,   0,   0,
      0,   0, 103, 255, 255, 255, 239,  61,   0,   0,   0,   0,   0,   0,   0,   0,  50, 139,   0,   0,
      0,   0,   0, 170, 255, 255, 255, 254, 164,  74,  24,   5,  15,  40,  96, 182, 254, 184,   0,   0,
      0,   0,   0,   8, 167, 255, 255, 255, 255, 255, 255, 255, 255, 255, 255, 255, 255, 184,   0,   0,
      0,   0,   0,   0,   1, 106, 230, 255, 255, 255, 255, 255, 255, 255, 255, 255, 255, 184,   0,   0,
      0,   0,   0,   0,   0,   0,   9,  89, 159, 212, 234, 250, 238, 218, 195, 143,  79,  16,   0,   0,
      0,   0,   0,   0,   0,   0,   0,   0,   0,   0,   0,   0,   0,   0,   0,   0,   0,   0,   0,   0,
      0,   0,   0,   0,   0,   0,   0,   0,   0,   0,   0,   0,   0,   0,   0,   0,   0,   0,   0,   0,
      0,   0,   0,   0,   0,   0,   0,   0,   0,   0,   0,   0,   0,   0,   0,   0,   0,   0,   0,   0,
      0,   0,   0,   0,   0,   0,   0,   0,   0,   0,   0,   0,   0,   0,   0,   0,   0,   0,   0,   0,
      0,   0,   0,   0,   0,   0,   0,   0,   0,   0,   0,   0,   0,   0,   0,   0,   0,   0,   0,   0,
      0,   0,   0,   0,   0,   0,   0,   0,   0,   0,   0,   0,   0,   0,   0,   0,   0,   0,   0,   0,
      0,   0,   0,   0,   0,   0,   0,   0,   0,   0,   0,   0,   0,   0,   0,   0,   0,   0,   0,   0,
      0,   0,   0,   0,   0,   0,   0,   0,   0,   0,   0,   0,   0,   0,   0,   0,   0,   0,   0,   0,
      0,   0,   0,   0,   0,   0,   0,   0,   0,   0,   0,   0,   0,   0,   0,   0,   0,   0,   0,   0,
      0,   0,   0,   0,   0,   0,   0,   0,   0,   0,   0,   0,   0,   0,   0,   0,   0,   0,   0,   0,
      0,   0,   0,   0,   0,   0,   0,   0,   0,   0,   0,   0,   0,   0,   0,   0,   0,   0,   0,   0,
      0,   0,   0,   0,   0,   0,   0,   0,   0,   0,   0,   0,   0,   0,   0,   0,   0,   0,   0,   0,
      0,   0,   0,   0,   0,   0,   0,   0,   0,   0,   0,   0,   0,   0,   0,   0,   0,   0,   0,   0,
      0,   0,   0,   0,   0,   0,   0,   0,   0,   0,   0,   0,   0,   0,   0,   0,   0,   0,   0,   0,
      0,   0,   0,   0,   0,   0,   0,   0,   0,   0,   0,   0,   0,   0,   0,   0,   0,   0,   0,   0,
      0,   0,   0,   0,   0,   0,   0,   0,   0,   0,   0,   0,   0,   0,   0,   0,   0,   0,   0,   0,
      0,   0,   0,   0,   0,   0,   0,   0,   0,   0,   0,   0,   0,   0,   0,   0,   0,   0,   0,   0,
},

// 'т' (U+0442)
{
    156, 255, 255, 255, 255, 255, 255, 255, 255, 255, 255, 255, 255, 255, 255, 255,  36,   0,   0,   0,
    156, 255, 255, 255, 255, 255, 255, 255, 255, 255, 255, 255, 255, 255, 255, 255,  36,   0,   0,   0,
    156, 255, 255, 255, 255, 255, 255, 255, 255, 255, 255, 255, 255, 255, 255, 255,  36,   0,   0,   0,
      0,   0,   0,   0,   0,   0, 136, 255, 255, 255,  16,   0,   0,   0,   0,   0,   0,   0,   0,   0,
      0,   0,   0,   0,   0,   0, 136, 255, 255, 255,  16,   0,   0,   0,   0,   0,   0,   0,   0,   0,
      0,   0,   0,   0,   0,   0, 136, 255, 255, 255,  16,   0,   0,   0,   0,   0,   0,   0,   0,   0,
      0,   0,   0,   0,   0,   0, 136, 255, 255, 255,  16,   0,   0,   0,   0,   0,   0,   0,   0,   0,
      0,   0,   0,   0,   0,   0, 136, 255, 255, 255,  16,   0,   0,   0,   0,   0,   0,   0,   0,   0,
      0,   0,   0,   0,   0,   0, 136, 255, 255, 255,  16,   0,   0,   0,   0,   0,   0,   0,   0,   0,
      0,   0,   0,   0,   0,   0, 136, 255, 255, 255,  16,   0,   0,   0,   0,   0,   0,   0,   0,   0,
      0,   0,   0,   0,   0,   0, 136, 255, 255, 255,  16,   0,   0,   0,   0,   0,   0,   0,   0,   0,
      0,   0,   0,   0,   0,   0, 136, 255, 255, 255,  16,   0,   0,   0,   0,   0,   0,   0,   0,   0,
      0,   0,   0,   0,   0,   0, 136, 255, 255, 255,  16,   0,   0,   0,   0,   0,   0,   0,   0,   0,
      0,   0,   0,   0,   0,   0, 136, 255, 255, 255,  16,   0,   0,   0,   0,   0,   0,   0,   0,   0,
      0,   0,   0,   0,   0,   0, 136, 255, 255, 255,  16,   0,   0,   0,   0,   0,   0,   0,   0,   0,
      0,   0,   0,   0,   0,   0, 136, 255, 255, 255,  16,   0,   0,   0,   0,   0,   0,   0,   0,   0,
      0,   0,   0,   0,   0,   0, 136, 255, 255, 255,  16,   0,   0,   0,   0,   0,   0,   0,   0,   0,
      0,   0,   0,   0,   0,   0, 136, 255, 255, 255,  16,   0,   0,   0,   0,   0,   0,   0,   0,   0,
      0,   0,   0,   0,   0,   0, 136, 255, 255, 255,  16,   0,   0,   0,   0,   0,   0,   0,   0,   0,
      0,   0,   0,   0,   0,   0, 136, 255, 255, 255,  16,   0,   0,   0,   0,   0,   0,   0,   0,   0,
      0,   0,   0,   0,   0,   0, 136, 255, 255, 255,  16,   0,   0,   0,   0,   0,   0,   0,   0,   0,
      0,   0,   0,   0,   0,   0, 136, 255, 255, 255,  16,   0,   0,   0,   0,   0,   0,   0,   0,   0,
      0,   0,   0,   0,   0,   0,   0,   0,   0,   0,   0,   0,   0,   0,   0,   0,   0,   0,   0,   0,
      0,   0,   0,   0,   0,   0,   0,   0,   0,   0,   0,   0,   0,   0,   0,   0,   0,   0,   0,   0,
      0,   0,   0,   0,   0,   0,   0,   0,   0,   0,   0,   0,   0,   0,   0,   0,   0,   0,   0,   0,
      0,   0,   0,   0,   0,   0,   0,   0,   0,   0,   0,   0,   0,   0,   0,   0,   0,   0,   0,   0,
      0,   0,   0,   0,   0,   0,   0,   0,   0,   0,   0,   0,   0,   0,   0,   0,   0,   0,   0,   0,
      0,   0,   0,   0,   0,   0,   0,   0,   0,   0,   0,   0,   0,   0,   0,   0,   0,   0,   0,   0,
      0,   0,   0,   0,   0,   0,   0,   0,   0,   0,   0,   0,   0,   0,   0,   0,   0,   0,   0,   0,
      0,   0,   0,   0,   0,   0,   0,   0,   0,   0,   0,   0,   0,   0,   0,   0,   0,   0,   0,   0,
      0,   0,   0,   0,   0,   0,   0,   0,   0,   0,   0,   0,   0,   0,   0,   0,   0,   0,   0,   0,
      0,   0,   0,   0,   0,   0,   0,   0,   0,   0,   0,   0,   0,   0,   0,   0,   0,   0,   0,   0,
      0,   0,   0,   0,   0,   0,   0,   0,   0,   0,   0,   0,   0,   0,   0,   0,   0,   0,   0,   0,
      0,   0,   0,   0,   0,   0,   0,   0,   0,   0,   0,   0,   0,   0,   0,   0,   0,   0,   0,   0,
      0,   0,   0,   0,   0,   0,   0,   0,   0,   0,   0,   0,   0,   0,   0,   0,   0,   0,   0,   0,
      0,   0,   0,   0,   0,   0,   0,   0,   0,   0,   0,   0,   0,   0,   0,   0,   0,   0,   0,   0,
      0,   0,   0,   0,   0,   0,   0,   0,   0,   0,   0,   0,   0,   0,   0,   0,   0,   0,   0,   0,
      0,   0,   0,   0,   0,   0,   0,   0,   0,   0,   0,   0,   0,   0,   0,   0,   0,   0,   0,   0,
      0,   0,   0,   0,   0,   0,   0,   0,   0,   0,   0,   0,   0,   0,   0,   0,   0,   0,   0,   0,
      0,   0,   0,   0,   0,   0,   0,   0,   0,   0,   0,   0,   0,   0,   0,   0,   0,   0,   0,   0,
},

// 'у' (U+0443)
{
    198, 255, 255, 247,  16,   0,   0,   0,   0,   0,   0,   0,   0,   0,   0,   0, 120, 255, 255, 255,
     96, 255, 255, 255, 104,   0,   0,   0,   0,   0,   0,   0,   0,   0,   0,   0, 214, 255, 255, 233,
     10, 240, 255, 255, 200,   0,   0,   0,   0,   0,   0,   0,   0,   0,   0,  54, 255, 255, 255, 138,
      0, 150, 255, 255, 255,  41,   0,   0,   0,   0,   0,   0,   0,   0,   0, 149, 255, 255, 255,  39,
      0,  49, 255, 255, 255, 137,   0,   0,   0,   0,   0,   0,   0,   0,   6, 237, 255, 255, 194,   0,
      0,   0, 203, 255, 255, 230,   3,   0,   0,   0,   0,   0,   0,   0,  83, 255, 255, 255,  94,   0,
      0,   0, 102, 255, 255, 255,  74,   0,   0,   0,   0,   0,   0,   0, 178, 255, 255, 240,   9,   0,
      0,   0,  13, 243, 255, 255, 171,   0,   0,   0,   0,   0,   0,  22, 251, 255, 255, 150,   0,   0,
      0,   0,   0, 156, 255, 255, 249,  18,   0,   0,   0,   0,   0, 112, 255, 255, 255,  50,   0,   0,
      0,   0,   0,  54, 255, 255, 255, 108,   0,   0,   0,   0,   0, 207, 255, 255, 206,   0,   0,   0,
      0,   0,   0,   0, 209, 255, 255, 204,   0,   0,   0,   0,  46, 255, 255, 255, 106,   0,   0,   0,
      0,   0,   0,   0, 108, 255, 255, 255,  45,   0,   0,   0, 142, 255, 255, 246,  16,   0,   0,   0,
      0,   0,   0,   0,  16, 246, 255, 255, 141,   0,   0,   4, 232, 255, 255, 163,   0,   0,   0,   0,
      0,   0,   0,   0,   0, 161, 255, 255, 233,   4,   0,  76, 255, 255, 255,  63,   0,   0,   0,   0,
      0,   0,   0,   0,   0,  60, 255, 255, 255,  78,   0, 171, 255, 255, 218,   0,   0,   0,   0,   0,
      0,   0,   0,   0,   0,   0, 214, 255, 255, 175,  17, 248, 255, 255, 118,   0,   0,   0,   0,   0,
      0,   0,   0,   0,   0,   0, 114, 255, 255, 250, 126, 255, 255, 251,  23,   0,   0,   0,   0,   0,
      0,   0,   0,   0,   0,   0,  19, 248, 255, 255, 252, 255, 255, 176,   0,   0,   0,   0,   0,   0,
      0,   0,   0,   0,   0,   0,   0, 167, 255, 255, 255, 255, 255,  79,   0,   0,   0,   0,   0,   0,
      0,   0,   0,   0,   0,   0,   0,  66, 255, 255, 255, 255, 234,   5,   0,   0,   0,   0,   0,   0,
      0,   0,   0,   0,   0,   0,   0,   1, 219, 255, 255, 255, 144,   0,   0,   0,   0,   0,   0,   0,
      0,   0,   0,   0,   0,   0,   0,   0, 158, 255, 255, 255,  46,   0,   0,   0,   0,   0,   0,   0,
      0,   0,   0,   0,   0,   0,   0,   7, 236, 255, 255, 204,   0,   0,   0,   0,   0,   0,   0,   0,
      0,   0,   0,   0,   0,   0,   0,  93, 255, 255, 255, 103,   0,   0,   0,   0,   0,   0,   0,   0,
      0,   0,   0,   0,   0,   0,   1, 208, 255, 255, 243,  13,   0,   0,   0,   0,   0,   0,   0,   0,
      0,   0,   0,   0,   0,   0,  99, 255, 255, 255, 147,   0,   0,   0,   0,   0,   0,   0,   0,   0,
      0,   0,   0,   1,  31, 120, 247, 255, 255, 251,  33,   0,   0,   0,   0,   0,   0,   0,   0,   0,
      0, 104, 255, 255, 255, 255, 255, 255, 255, 120,   0,   0,   0,   0,   0,   0,   0,   0,   0,   0,
      0, 104, 255, 255, 255, 255, 255, 255, 147,   1,   0,   0,   0,   0,   0,   0,   0,   0,   0,   0,
      0, 104, 255, 255, 252, 227, 174,  69,   0,   0,   0,   0,   0,   0,   0,   0,   0,   0,   0,   0,
      0,   0,   0,   0,   0,   0,   0,   0,   0,   0,   0,   0,   0,   0,   0,   0,   0,   0,   0,   0,
      0,   0,   0,   0,   0,   0,   0,   0,   0,   0,   0,   0,   0,   0,   0,   0,   0,   0,   0,   0,
      0,   0,   0,   0,   0,   0,   0,   0,   0,   0,   0,   0,   0,   0,   0,   0,   0,   0,   0,   0,
      0,   0,   0,   0,   0,   0,   0,   0,   0,   0,   0,   0,   0,   0,   0,   0,   0,   0,   0,   0,
      0,   0,   0,   0,   0,   0,   0,   0,   0,   0,   0,   0,   0,   0,   0,   0,   0,   0,   0,   0,
      0,   0,   0,   0,   0,   0,   0,   0,   0,   0,   0,   0,   0,   0,   0,   0,   0,   0,   0,   0,
      0,   0,   0,   0,   0,   0,   0,   0,   0,   0,   0,   0,   0,   0,   0,   0,   0,   0,   0,   0,
      0,   0,   0,   0,   0,   0,   0,   0,   0,   0,   0,   0,   0,   0,   0,   0,   0,   0,   0,   0,
      0,   0,   0,   0,   0,   0,   0,   0,   0,   0,   0,   0,   0,   0,   0,   0,   0,   0,   0,   0,
      0,   0,   0,   0,   0,   0,   0,   0,   0,   0,   0,   0,   0,   0,   0,   0,   0,   0,   0,   0,
},

// 'ф' (U+0444)
{
      0,   0,   0,   0,   0,   0,   0,   0,   0, 216, 255, 255, 192,   0,   0,   0,   0,   0,   0,   0,
      0,   0,   0,   0,   0,   0,   0,   0,   0, 216, 255, 255, 192,   0,   0,   0,   0,   0,   0,   0,
      0,   0,   0,   0,   0,   0,   0,   0,   0, 216, 255, 255, 192,   0,   0,   0,   0,   0,   0,   0,
      0,   0,   0,   0,   0,   0,   0,   0,   0, 216, 255, 255, 192,   0,   0,   0,   0,   0,   0,   0,
      0,   0,   0,   0,   0,   0,   0,   0,   0, 216, 255, 255, 192,   0,   0,   0,   0,   0,   0,   0,
      0,   0,   0,   0,   0,   0,   0,   0,   0, 216, 255, 255, 192,   0,   0,   0,   0,   0,   0,   0,
      0,   0,   0,   0,   0,   0,   0,   0,   0, 216, 255, 255, 192,   0,   0,   0,   0,   0,   0,   0,
      0,   0,   0,   0,   0,  18, 104, 180, 225, 255, 255, 255, 254, 221, 175,  95,  13,   0,   0,   0,
      0,   0,   0,   1, 111, 243, 255, 255, 255, 255, 255, 255, 255, 255, 255, 255, 236,  94,   0,   0,
      0,   0,   0, 152, 255, 255, 255, 255, 255, 255, 255, 255, 255, 255, 255, 255, 255, 255, 125,   0,
      0,   0,  97, 255, 255, 255, 252, 151,  49, 216, 255, 255, 194,  56, 163, 255, 255, 255, 255,  69,
      0,   5, 229, 255, 255, 250,  72,   0,   0, 216, 255, 255, 192,   0,   0,  92, 254, 255, 255, 207,
      0,  70, 255, 255, 255, 143,   0,   0,   0, 216, 255, 255, 192,   0,   0,   0, 167, 255, 255, 255,
      0, 145, 255, 255, 255,  53,   0,   0,   0, 216, 255, 255, 192,   0,   0,   0,  77, 255, 255, 255,
      0, 190, 255, 255, 251,   5,   0,   0,   0, 216, 255, 255, 192,   0,   0,   0,  22, 255, 255, 255,
      0, 229, 255, 255, 226,   0,   0,   0,   0, 216, 255, 255, 192,   0,   0,   0,   0, 247, 255, 255,
      0, 249, 255, 255, 206,   0,   0,   0,   0, 216, 255, 255, 192,   0,   0,   0,   0, 227, 255, 255,
      4, 255, 255, 255, 198,   0,   0,   0,   0, 216, 255, 255, 192,   0,   0,   0,   0, 219, 255, 255,
     13, 255, 255, 255, 193,   0,   0,   0,   0, 216, 255, 255, 192,   0,   0,   0,   0, 214, 255, 255,
      4, 255, 255, 255, 199,   0,   0,   0,   0, 216, 255, 255, 192,   0,   0,   0,   0, 221, 255, 255,
      0, 249, 255, 255, 208,   0,   0,   0,   0, 216, 255, 255, 192,   0,   0,   0,   0, 229, 255, 255,
      0, 229, 255, 255, 231,   0,   0,   0,   0, 216, 255, 255, 192,   0,   0,   0,   2, 250, 255, 255,
      0, 189, 255, 255, 253,   9,   0,   0,   0, 216, 255, 255, 192,   0,   0,   0,  28, 255, 255, 255,
      0, 144, 255, 255, 255,  61,   0,   0,   0, 216, 255, 255, 192,   0,   0,   0,  84, 255, 255, 255,
      0,  69, 255, 255, 255, 155,   0,   0,   0, 216, 255, 255, 192,   0,   0,   0, 179, 255, 255, 255,
      0,   4, 228, 255, 255, 253,  80,   0,   0, 216, 255, 255, 192,   0,   0, 102, 255, 255, 255, 206,
      0,   0,  93, 255, 255, 255, 253, 153,  48, 216, 255, 255, 194,  56, 166, 255, 255, 255, 255,  66,
      0,   0,   0, 149, 255, 255, 255, 255, 255, 255, 255, 255, 255, 255, 255, 255, 255, 255, 121,   0,
      0,   0,   0,   1, 109, 242, 255, 255, 255, 255, 255, 255, 255, 255, 255, 255, 235,  92,   0,   0,
      0,   0,   0,   0,   0,  17, 105, 181, 227, 255, 255, 255, 254, 222, 175,  96,  12,   0,   0,   0,
      0,   0,   0,   0,   0,   0,   0,   0,   0, 216, 255, 255, 192,   0,   0,   0,   0,   0,   0,   0,
      0,   0,   0,   0,   0,   0,   0,   0,   0, 216, 255, 255, 192,   0,   0,   0,   0,   0,   0,   0,
      0,   0,   0,   0,   0,   0,   0,   0,   0, 216, 255, 255, 192,   0,   0,   0,   0,   0,   0,   0,
      0,   0,   0,   0,   0,   0,   0,   0,   0, 216, 255, 255, 192,   0,   0,   0,   0,   0,   0,   0,
      0,   0,   0,   0,   0,   0,   0,   0,   0, 216, 255, 255, 192,   0,   0,   0,   0,   0,   0,   0,
      0,   0,   0,   0,   0,   0,   0,   0,   0, 216, 255, 255, 192,   0,   0,   0,   0,   0,   0,   0,
      0,   0,   0,   0,   0,   0,   0,   0,   0, 216, 255, 255, 192,   0,   0,   0,   0,   0,   0,   0,
      0,   0,   0,   0,   0,   0,   0,   0,   0, 216, 255, 255, 192,   0,   0,   0,   0,   0,   0,   0,
      0,   0,   0,   0,   0,   0,   0,   0,   0,   0,   0,   0,   0,   0,   0,   0,   0,   0,   0,   0,
      0,   0,   0,   0,   0,   0,   0,   0,   0,   0,   0,   0,   0,   0,   0,   0,   0,   0,   0,   0,
},

// 'х' (U+0445)
{
      0,  97, 255, 255, 255, 152,   0,   0,   0,   0,   0,   0,   0,   0,   0,   0, 145, 255, 255, 255,
      0,   0, 163, 255, 255, 255,  84,   0,   0,   0,   0,   0,   0,   0,   0,  75, 255, 255, 255, 184,
      0,   0,  12, 216, 255, 255, 239,  30,   0,   0,   0,   0,   0,   0,  25, 234, 255, 255, 229,  21,
      0,   0,   0,  47, 247, 255, 255, 196,   3,   0,   0,   0,   0,   1, 187, 255, 255, 252,  63,   0,
      0,   0,   0,   0, 104, 255, 255, 255, 131,   0,   0,   0,   0, 119, 255, 255, 255, 125,   0,   0,
      0,   0,   0,   0,   0, 169, 255, 255, 253,  64,   0,   0,  54, 250, 255, 255, 188,   2,   0,   0,
      0,   0,   0,   0,   0,  14, 220, 255, 255, 228,  19,  13, 220, 255, 255, 232,  23,   0,   0,   0,
      0,   0,   0,   0,   0,   0,  51, 249, 255, 255, 178, 164, 255, 255, 253,  68,   0,   0,   0,   0,
      0,   0,   0,   0,   0,   0,   0, 111, 255, 255, 255, 255, 255, 255, 130,   0,   0,   0,   0,   0,
      0,   0,   0,   0,   0,   0,   0,   0, 176, 255, 255, 255, 255, 193,   3,   0,   0,   0,   0,   0,
      0,   0,   0,   0,   0,   0,   0,   0,  30, 253, 255, 255, 255,  47,   0,   0,   0,   0,   0,   0,
      0,   0,   0,   0,   0,   0,   0,   0, 165, 255, 255, 255, 255, 183,   1,   0,   0,   0,   0,   0,
      0,   0,   0,   0,   0,   0,   0, 102, 255, 255, 255, 255, 255, 255, 121,   0,   0,   0,   0,   0,
      0,   0,   0,   0,   0,   0,  46, 247, 255, 255, 201, 188, 255, 255, 252,  60,   0,   0,   0,   0,
      0,   0,   0,   0,   0,  12, 216, 255, 255, 241,  34,  25, 234, 255, 255, 228,  20,   0,   0,   0,
      0,   0,   0,   0,   0, 165, 255, 255, 255,  90,   0,   0,  75, 255, 255, 255, 183,   1,   0,   0,
      0,   0,   0,   0, 101, 255, 255, 255, 160,   0,   0,   0,   0, 144, 255, 255, 255, 120,   0,   0,
      0,   0,   0,  45, 246, 255, 255, 218,  12,   0,   0,   0,   0,   6, 206, 255, 255, 251,  60,   0,
      0,   0,  12, 216, 255, 255, 250,  51,   0,   0,   0,   0,   0,   0,  39, 244, 255, 255, 227,  20,
      0,   0, 164, 255, 255, 255, 115,   0,   0,   0,   0,   0,   0,   0,   0,  98, 255, 255, 255, 182,
      0, 101, 255, 255, 255, 185,   1,   0,   0,   0,   0,   0,   0,   0,   0,   0, 167, 255, 255, 255,
     45, 246, 255, 255, 233,  23,   0,   0,   0,   0,   0,   0,   0,   0,   0,   0,  14, 222, 255, 255,
      0,   0,   0,   0,   0,   0,   0,   0,   0,   0,   0,   0,   0,   0,   0,   0,   0,   0,   0,   0,
      0,   0,   0,   0,   0,   0,   0,   0,   0,   0,   0,   0,   0,   0,   0,   0,   0,   0,   0,   0,
      0,   0,   0,   0,   0,   0,   0,   0,   0,   0,   0,   0,   0,   0,   0,   0,   0,   0,   0,   0,
      0,   0,   0,   0,   0,   0,   0,   0,   0,   0,   0,   0,   0,   0,   0,   0,   0,   0,   0,   0,
      0,   0,   0,   0,   0,   0,   0,   0,   0,   0,   0,   0,   0,   0,   0,   0,   0,   0,   0,   0,
      0,   0,   0,   0,   0,   0,   0,   0,   0,   0,   0,   0,   0,   0,   0,   0,   0,   0,   0,   0,
      0,   0,   0,   0,   0,   0,   0,   0,   0,   0,   0,   0,   0,   0,   0,   0,   0,   0,   0,   0,
      0,   0,   0,   0,   0,   0,   0,   0,   0,   0,   0,   0,   0,   0,   0,   0,   0,   0,   0,   0,
      0,   0,   0,   0,   0,   0,   0,   0,   0,   0,   0,   0,   0,   0,   0,   0,   0,   0,   0,   0,
      0,   0,   0,   0,   0,   0,   0,   0,   0,   0,   0,   0,   0,   0,   0,   0,   0,   0,   0,   0,
      0,   0,   0,   0,   0,   0,   0,   0,   0,   0,   0,   0,   0,   0,   0,   0,   0,   0,   0,   0,
      0,   0,   0,   0,   0,   0,   0,   0,   0,   0,   0,   0,   0,   0,   0,   0,   0,   0,   0,   0,
      0,   0,   0,   0,   0,   0,   0,   0,   0,   0,   0,   0,   0,   0,   0,   0,   0,   0,   0,   0,
      0,   0,   0,   0,   0,   0,   0,   0,   0,   0,   0,   0,   0,   0,   0,   0,   0,   0,   0,   0,
      0,   0,   0,   0,   0,   0,   0,   0,   0,   0,   0,   0,   0,   0,   0,   0,   0,   0,   0,   0,
      0,   0,   0,   0,   0,   0,   0,   0,   0,   0,   0,   0,   0,   0,   0,   0,   0,   0,   0,   0,
      0,   0,   0,   0,   0,   0,   0,   0,   0,   0,   0,   0,   0,   0,   0,   0,   0,   0,   0,   0,
      0,   0,   0,   0,   0,   0,   0,   0,   0,   0,   0,   0,   0,   0,   0,   0,   0,   0,   0,   0,
},

// 'ц' (U+0446)
{
    148, 255, 255, 255,   4,   0,   0,   0,   0,   0,   0,   0,   0, 124, 255, 255, 255,  28,   0,   0,
    148, 255, 255, 255,   4,   0,   0,   0,   0,   0,   0,   0,   0, 124, 255, 255, 255,  28,   0,   0,
    148, 255, 255, 255,   4,   0,   0,   0,   0,   0,   0,   0,   0, 124, 255, 255, 255,  28,   0,   0,
    148, 255, 255, 255,   4,   0,   0,   0,   0,   0,   0,   0,   0, 124, 255, 255, 255,  28,   0,   0,
    148, 255, 255, 255,   4,   0,   0,   0,   0,   0,   0,   0,   0, 124, 255, 255, 255,  28,   0,   0,
    148, 255, 255, 255,   4,   0,   0,   0,   0,   0,   0,   0,   0, 124, 255, 255, 255,  28,   0,   0,
    148, 255, 255, 255,   4,   0,   0,   0,   0,   0,   0,   0,   0, 124, 255, 255, 255,  28,   0,   0,
    148, 255, 255, 255,   4,   0,   0,   0,   0,   0,   0,   0,   0, 124, 255, 255, 255,  28,   0,   0,
    148, 255, 255, 255,   4,   0,   0,   0,   0,   0,   0,   0,   0, 124, 255, 255, 255,  28,   0,   0,
    148, 255, 255, 255,   4,   0,   0,   0,   0,   0,   0,   0,   0, 124, 255, 255, 255,  28,   0,   0,
    148, 255, 255, 255,   4,   0,   0,   0,   0,   0,   0,   0,   0, 124, 255, 255, 255,  28,   0,   0,
    148, 255, 255, 255,   4,   0,   0,   0,   0,   0,   0,   0,   0, 124, 255, 255, 255,  28,   0,   0,
    148, 255, 255, 255,   4,   0,   0,   0,   0,   0,   0,   0,   0, 124, 255, 255, 255,  28,   0,   0,
    148, 255, 255, 255,   4,   0,   0,   0,   0,   0,   0,   0,   0, 124, 255, 255, 255,  28,   0,   0,
    148, 255, 255, 255,   4,   0,   0,   0,   0,   0,   0,   0,   0, 124, 255, 255, 255,  28,   0,   0,
    148, 255, 255, 255,   4,   0,   0,   0,   0,   0,   0,   0,   0, 124, 255, 255, 255,  28,   0,   0,
    148, 255, 255, 255,   4,   0,   0,   0,   0,   0,   0,   0,   0, 124, 255, 255, 255,  28,   0,   0,
    148, 255, 255, 255,   4,   0,   0,   0,   0,   0,   0,   0,   0, 124, 255, 255, 255,  28,   0,   0,
    148, 255, 255, 255,   4,   0,   0,   0,   0,   0,   0,   0,   0, 124, 255, 255, 255,  28,   0,   0,
    148, 255, 255, 255, 255, 255, 255, 255, 255, 255, 255, 255, 255, 255, 255, 255, 255, 255, 255, 216,
    148, 255, 255, 255, 255, 255, 255, 255, 255, 255, 255, 255, 255, 255, 255, 255, 255, 255, 255, 216,
    148, 255, 255, 255, 255, 255, 255, 255, 255, 255, 255, 255, 255, 255, 255, 255, 255, 255, 255, 216,
      0,   0,   0,   0,   0,   0,   0,   0,   0,   0,   0,   0,   0,   0,   0,   0,  24, 255, 255, 216,
      0,   0,   0,   0,   0,   0,   0,   0,   0,   0,   0,   0,   0,   0,   0,   0,  24, 255, 255, 216,
      0,   0,   0,   0,   0,   0,   0,   0,   0,   0,   0,   0,   0,   0,   0,   0,  24, 255, 255, 216,
      0,   0,   0,   0,   0,   0,   0,   0,   0,   0,   0,   0,   0,   0,   0,   0,  24, 255, 255, 216,
      0,   0,   0,   0,   0,   0,   0,   0,   0,   0,   0,   0,   0,   0,   0,   0,  24, 255, 255, 216,
      0,   0,   0,   0,   0,   0,   0,   0,   0,   0,   0,   0,   0,   0,   0,   0,  24, 255, 255, 216,
      0,   0,   0,   0,   0,   0,   0,   0,   0,   0,   0,   0,   0,   0,   0,   0,   0,   0,   0,   0,
      0,   0,   0,   0,   0,   0,   0,   0,   0,   0,   0,   0,   0,   0,   0,   0,   0,   0,   0,   0,
      0,   0,   0,   0,   0,   0,   0,   0,   0,   0,   0,   0,   0,   0,   0,   0,   0,   0,   0,   0,
      0,   0,   0,   0,   0,   0,   0,   0,   0,   0,   0,   0,   0,   0,   0,   0,   0,   0,   0,   0,
      0,   0,   0,   0,   0,   0,   0,   0,   0,   0,   0,   0,   0,   0,   0,   0,   0,   0,   0,   0,
      0,   0,   0,   0,   0,   0,   0,   0,   0,   0,   0,   0,   0,   0,   0,   0,   0,   0,   0,   0,
      0,   0,   0,   0,   0,   0,   0,   0,   0,   0,   0,   0,   0,   0,   0,   0,   0,   0,   0,   0,
      0,   0,   0,   0,   0,   0,   0,   0,   0,   0,   0,   0,   0,   0,   0,   0,   0,   0,   0,   0,
      0,   0,   0,   0,   0,   0,   0,   0,   0,   0,   0,   0,   0,   0,   0,   0,   0,   0,   0,   0,
      0,   0,   0,   0,   0,   0,   0,   0,   0,   0,   0,   0,   0,   0,   0,   0,   0,   0,   0,   0,
      0,   0,   0,   0,   0,   0,   0,   0,   0,   0,   0,   0,   0,   0,   0,   0,   0,   0,   0,   0,
      0,   0,   0,   0,   0,   0,   0,   0,   0,   0,   0,   0,   0,   0,   0,   0,   0,   0,   0,   0,
},

// 'ч' (U+0447)
{
     48, 255, 255, 255, 104,   0,   0,   0,   0,   0,   0,   0,   0,  16, 255, 255, 255, 136,   0,   0,
     48, 255, 255, 255, 104,   0,   0,   0,   0,   0,   0,   0,   0,  16, 255, 255, 255, 136,   0,   0,
     48, 255, 255, 255, 104,   0,   0,   0,   0,   0,   0,   0,   0,  16, 255, 255, 255, 136,   0,   0,
     48, 255, 255, 255, 104,   0,   0,   0,   0,   0,   0,   0,   0,  16, 255, 255, 255, 136,   0,   0,
     48, 255, 255, 255, 104,   0,   0,   0,   0,   0,   0,   0,   0,  16, 255, 255, 255, 136,   0,   0,
     48, 255, 255, 255, 104,   0,   0,   0,   0,   0,   0,   0,   0,  16, 255, 255, 255, 136,   0,   0,
     48, 255, 255, 255, 104,   0,   0,   0,   0,   0,   0,   0,   0,  16, 255, 255, 255, 136,   0,   0,
     41, 255, 255, 255, 109,   0,   0,   0,   0,   0,   0,   0,   0,  16, 255, 255, 255, 136,   0,   0,
     23, 255, 255, 255, 144,   0,   0,   0,   0,   0,   0,   0,   0,  16, 255, 255, 255, 136,   0,   0,
      0, 230, 255, 255, 234,  19,   0,   0,   0,   0,   0,   0,   0,  22, 255, 255, 255, 136,   0,   0,
      0, 150, 255, 255, 255, 215,  86,  23,   2,   6,  20,  55, 127, 232, 255, 255, 255, 136,   0,   0,
      0,  28, 236, 255, 255, 255, 255, 255, 255, 255, 255, 255, 255, 255, 255, 255, 255, 136,   0,   0,
      0,   0,  51, 222, 255, 255, 255, 255, 255, 255, 255, 255, 255, 234, 255, 255, 255, 136,   0,   0,
      0,   0,   0,  11, 108, 192, 237, 253, 250, 236, 206, 151,  70,  19, 255, 255, 255, 136,   0,   0,
      0,   0,   0,   0,   0,   0,   0,   0,   0,   0,   0,   0,   0,  16, 255, 255, 255, 136,   0,   0,
      0,   0,   0,   0,   0,   0,   0,   0,   0,   0,   0,   0,   0,  16, 255, 255, 255, 136,   0,   0,
      0,   0,   0,   0,   0,   0,   0,   0,   0,   0,   0,   0,   0,  16, 255, 255, 255, 136,   0,   0,
      0,   0,   0,   0,   0,   0,   0,   0,   0,   0,   0,   0,   0,  16, 255, 255, 255, 136,   0,   0,
      0,   0,   0,   0,   0,   0,   0,   0,   0,   0,   0,   0,   0,  16, 255, 255, 255, 136,   0,   0,
      0,   0,   0,   0,   0,   0,   0,   0,   0,   0,   0,   0,   0,  16, 255, 255, 255, 136,   0,   0,
      0,   0,   0,   0,   0,   0,   0,   0,   0,   0,   0,   0,   0,  16, 255, 255, 255, 136,   0,   0,
      0,   0,   0,   0,   0,   0,   0,   0,   0,   0,   0,   0,   0,  16, 255, 255, 255, 136,   0,   0,
      0,   0,   0,   0,   0,   0,   0,   0,   0,   0,   0,   0,   0,   0,   0,   0,   0,   0,   0,   0,
      0,   0,   0,   0,   0,   0,   0,   0,   0,   0,   0,   0,   0,   0,   0,   0,   0,   0,   0,   0,
      0,   0,   0,   0,   0,   0,   0,   0,   0,   0,   0,   0,   0,   0,   0,   0,   0,   0,   0,   0,
      0,   0,   0,   0,   0,   0,   0,   0,   0,   0,   0,   0,   0,   0,   0,   0,   0,   0,   0,   0,
      0,   0,   0,   0,   0,   0,   0,   0,   0,   0,   0,   0,   0,   0,   0,   0,   0,   0,   0,   0,
      0,   0,   0,   0,   0,   0,   0,   0,   0,   0,   0,   0,   0,   0,   0,   0,   0,   0,   0,   0,
      0,   0,   0,   0,   0,   0,   0,   0,   0,   0,   0,   0,   0,   0,   0,   0,   0,   0,   0,   0,
      0,   0,   0,   0,   0,   0,   0,   0,   0,   0,   0,   0,   0,   0,   0,   0,   0,   0,   0,   0,
      0,   0,   0,   0,   0,   0,   0,   0,   0,   0,   0,   0,   0,   0,   0,   0,   0,   0,   0,   0,
      0,   0,   0,   0,   0,   0,   0,   0,   0,   0,   0,   0,   0,   0,   0,   0,   0,   0,   0,   0,
      0,   0,   0,   0,   0,   0,   0,   0,   0,   0,   0,   0,   0,   0,   0,   0,   0,   0,   0,   0,
      0,   0,   0,   0,   0,   0,   0,   0,   0,   0,   0,   0,   0,   0,   0,   0,   0,   0,   0,   0,
      0,   0,   0,   0,   0,   0,   0,   0,   0,   0,   0,   0,   0,   0,   0,   0,   0,   0,   0,   0,
      0,   0,   0,   0,   0,   0,   0,   0,   0,   0,   0,   0,   0,   0,   0,   0,   0,   0,   0,   0,
      0,   0,   0,   0,   0,   0,   0,   0,   0,   0,   0,   0,   0,   0,   0,   0,   0,   0,   0,   0,
      0,   0,   0,   0,   0,   0,   0,   0,   0,   0,   0,   0,   0,   0,   0,   0,   0,   0,   0,   0,
      0,   0,   0,   0,   0,   0,   0,   0,   0,   0,   0,   0,   0,   0,   0,   0,   0,   0,   0,   0,
      0,   0,   0,   0,   0,   0,   0,   0,   0,   0,   0,   0,   0,   0,   0,   0,   0,   0,   0,   0,
},

// 'ш' (U+0448)
{
    144, 255, 255, 184,   0,   0,   0,   0, 152, 255, 255, 176,   0,   0,   0,   0, 160, 255, 255, 168,
    144, 255, 255, 184,   0,   0,   0,   0, 152, 255, 255, 176,   0,   0,   0,   0, 160, 255, 255, 168,
    144, 255, 255, 184,   0,   0,   0,   0, 152, 255, 255, 176,   0,   0,   0,   0, 160, 255, 255, 168,
    144, 255, 255, 184,   0,   0,   0,   0, 152, 255, 255, 176,   0,   0,   0,   0, 160, 255, 255, 168,
    144, 255, 255, 184,   0,   0,   0,   0, 152, 255, 255, 176,   0,   0,   0,   0, 160, 255, 255, 168,
    144, 255, 255, 184,   0,   0,   0,   0, 152, 255, 255, 176,   0,   0,   0,   0, 160, 255, 255, 168,
    144, 255, 255, 184,   0,   0,   0,   0, 152, 255, 255, 176,   0,   0,   0,   0, 160, 255, 255, 168,
    144, 255, 255, 184,   0,   0,   0,   0, 152, 255, 255, 176,   0,   0,   0,   0, 160, 255, 255, 168,
    144, 255, 255, 184,   0,   0,   0,   0, 152, 255, 255, 176,   0,   0,   0,   0, 160, 255, 255, 168,
    144, 255, 255, 184,   0,   0,   0,   0, 152, 255, 255, 176,   0,   0,   0,   0, 160, 255, 255, 168,
    144, 255, 255, 184,   0,   0,   0,   0, 152, 255, 255, 176,   0,   0,   0,   0, 160, 255, 255, 168,
    144, 255, 255, 184,   0,   0,   0,   0, 152, 255, 255, 176,   0,   0,   0,   0, 160, 255, 255, 168,
    144, 255, 255, 184,   0,   0,   0,   0, 152, 255, 255, 176,   0,   0,   0,   0, 160, 255, 255, 168,
    144, 255, 255, 184,   0,   0,   0,   0, 152, 255, 255, 176,   0,   0,   0,   0, 160, 255, 255, 168,
    144, 255, 255, 184,   0,   0,   0,   0, 152, 255, 255, 176,   0,   0,   0,   0, 160, 255, 255, 168,
    144, 255, 255, 184,   0,   0,   0,   0, 152, 255, 255, 176,   0,   0,   0,   0, 160, 255, 255, 168,
    144, 255, 255, 184,   0,   0,   0,   0, 152, 255, 255, 176,   0,   0,   0,   0, 160, 255, 255, 168,
    144, 255, 255, 184,   0,   0,   0,   0, 152, 255, 255, 176,   0,   0,   0,   0, 160, 255, 255, 168,
    144, 255, 255, 184,   0,   0,   0,   0, 152, 255, 255, 176,   0,   0,   0,   0, 160, 255, 255, 168,
    144, 255, 255, 255, 255, 255, 255, 255, 255, 255, 255, 255, 255, 255, 255, 255, 255, 255, 255, 168,
    144, 255, 255, 255, 255, 255, 255, 255, 255, 255, 255, 255, 255, 255, 255, 255, 255, 255, 255, 168,
    144, 255, 255, 255, 255, 255, 255, 255, 255, 255, 255, 255, 255, 255, 255, 255, 255, 255, 255, 168,
      0,   0,   0,   0,   0,   0,   0,   0,   0,   0,   0,   0,   0,   0,   0,   0,   0,   0,   0,   0,
      0,   0,   0,   0,   0,   0,   0,   0,   0,   0,   0,   0,   0,   0,   0,   0,   0,   0,   0,   0,
      0,   0,   0,   0,   0,   0,   0,   0,   0,   0,   0,   0,   0,   0,   0,   0,   0,   0,   0,   0,
      0,   0,   0,   0,   0,   0,   0,   0,   0,   0,   0,   0,   0,   0,   0,   0,   0,   0,   0,   0,
      0,   0,   0,   0,   0,   0,   0,   0,   0,   0,   0,   0,   0,   0,   0,   0,   0,   0,   0,   0,
      0,   0,   0,   0,   0,   0,   0,   0,   0,   0,   0,   0,   0,   0,   0,   0,   0,   0,   0,   0,
      0,   0,   0,   0,   0,   0,   0,   0,   0,   0,   0,   0,   0,   0,   0,   0,   0,   0,   0,   0,
      0,   0,   0,   0,   0,   0,   0,   0,   0,   0,   0,   0,   0,   0,   0,   0,   0,   0,   0,   0,
      0,   0,   0,   0,   0,   0,   0,   0,   0,   0,   0,   0,   0,   0,   0,   0,   0,   0,   0,   0,
      0,   0,   0,   0,   0,   0,   0,   0,   0,   0,   0,   0,   0,   0,   0,   0,   0,   0,   0,   0,
      0,   0,   0,   0,   0,   0,   0,   0,   0,   0,   0,   0,   0,   0,   0,   0,   0,   0,   0,   0,
      0,   0,   0,   0,   0,   0,   0,   0,   0,   0,   0,   0,   0,   0,   0,   0,   0,   0,   0,   0,
      0,   0,   0,   0,   0,   0,   0,   0,   0,   0,   0,   0,   0,   0,   0,   0,   0,   0,   0,   0,
      0,   0,   0,   0,   0,   0,   0,   0,   0,   0,   0,   0,   0,   0,   0,   0,   0,   0,   0,   0,
      0,   0,   0,   0,   0,   0,   0,   0,   0,   0,   0,   0,   0,   0,   0,   0,   0,   0,   0,   0,
      0,   0,   0,   0,   0,   0,   0,   0,   0,   0,   0,   0,   0,   0,   0,   0,   0,   0,   0,   0,
      0,   0,   0,   0,   0,   0,   0,   0,   0,   0,   0,   0,   0,   0,   0,   0,   0,   0,   0,   0,
      0,   0,   0,   0,   0,   0,   0,   0,   0,   0,   0,   0,   0,   0,   0,   0,   0,   0,   0,   0,
},

// 'щ' (U+0449)
{
    112, 255, 255, 216,   0,   0,   0,   0, 120, 255, 255, 208,   0,   0,   0,   0, 128, 255, 255, 200,
    112, 255, 255, 216,   0,   0,   0,   0, 120, 255, 255, 208,   0,   0,   0,   0, 128, 255, 255, 200,
    112, 255, 255, 216,   0,   0,   0,   0, 120, 255, 255, 208,   0,   0,   0,   0, 128, 255, 255, 200,
    112, 255, 255, 216,   0,   0,   0,   0, 120, 255, 255, 208,   0,   0,   0,   0, 128, 255, 255, 200,
    112, 255, 255, 216,   0,   0,   0,   0, 120, 255, 255, 208,   0,   0,   0,   0, 128, 255, 255, 200,
    112, 255, 255, 216,   0,   0,   0,   0, 120, 255, 255, 208,   0,   0,   0,   0, 128, 255, 255, 200,
    112, 255, 255, 216,   0,   0,   0,   0, 120, 255, 255, 208,   0,   0,   0,   0, 128, 255, 255, 200,
    112, 255, 255, 216,   0,   0,   0,   0, 120, 255, 255, 208,   0,   0,   0,   0, 128, 255, 255, 200,
    112, 255, 255, 216,   0,   0,   0,   0, 120, 255, 255, 208,   0,   0,   0,   0, 128, 255, 255, 200,
    112, 255, 255, 216,   0,   0,   0,   0, 120, 255, 255, 208,   0,   0,   0,   0, 128, 255, 255, 200,
    112, 255, 255, 216,   0,   0,   0,   0, 120, 255, 255, 208,   0,   0,   0,   0, 128, 255, 255, 200,
    112, 255, 255, 216,   0,   0,   0,   0, 120, 255, 255, 208,   0,   0,   0,   0, 128, 255, 255, 200,
    112, 255, 255, 216,   0,   0,   0,   0, 120, 255, 255, 208,   0,   0,   0,   0, 128, 255, 255, 200,
    112, 255, 255, 216,   0,   0,   0,   0, 120, 255, 255, 208,   0,   0,   0,   0, 128, 255, 255, 200,
    112, 255, 255, 216,   0,   0,   0,   0, 120, 255, 255, 208,   0,   0,   0,   0, 128, 255, 255, 200,
    112, 255, 255, 216,   0,   0,   0,   0, 120, 255, 255, 208,   0,   0,   0,   0, 128, 255, 255, 200,
    112, 255, 255, 216,   0,   0,   0,   0, 120, 255, 255, 208,   0,   0,   0,   0, 128, 255, 255, 200,
    112, 255, 255, 216,   0,   0,   0,   0, 120, 255, 255, 208,   0,   0,   0,   0, 128, 255, 255, 200,
    112, 255, 255, 216,   0,   0,   0,   0, 120, 255, 255, 208,   0,   0,   0,   0, 128, 255, 255, 200,
    112, 255, 255, 255, 255, 255, 255, 255, 255, 255, 255, 255, 255, 255, 255, 255, 255, 255, 255, 238,
    112, 255, 255, 255, 255, 255, 255, 255, 255, 255, 255, 255, 255, 255, 255, 255, 255, 255, 255, 255,
    112, 255, 255, 255, 255, 255, 255, 255, 255, 255, 255, 255, 255, 255, 255, 255, 255, 255, 255, 255,
      0,   0,   0,   0,   0,   0,   0,   0,   0,   0,   0,   0,   0,   0,   0,   0,   0,   0,   0,  84,
      0,   0,   0,   0,   0,   0,   0,   0,   0,   0,   0,   0,   0,   0,   0,   0,   0,   0,   0,  84,
      0,   0,   0,   0,   0,   0,   0,   0,   0,   0,   0,   0,   0,   0,   0,   0,   0,   0,   0,  84,
      0,   0,   0,   0,   0,   0,   0,   0,   0,   0,   0,   0,   0,   0,   0,   0,   0,   0,   0,  84,
      0,   0,   0,   0,   0,   0,   0,   0,   0,   0,   0,   0,   0,   0,   0,   0,   0,   0,   0,  84,
      0,   0,   0,   0,   0,   0,   0,   0,   0,   0,   0,   0,   0,   0,   0,   0,   0,   0,   0,  84,
      0,   0,   0,   0,   0,   0,   0,   0,   0,   0,   0,   0,   0,   0,   0,   0,   0,   0,   0,   0,
      0,   0,   0,   0,   0,   0,   0,   0,   0,   0,   0,   0,   0,   0,   0,   0,   0,   0,   0,   0,
      0,   0,   0,   0,   0,   0,   0,   0,   0,   0,   0,   0,   0,   0,   0,   0,   0,   0,   0,   0,
      0,   0,   0,   0,   0,   0,   0,   0,   0,   0,   0,   0,   0,   0,   0,   0,   0,   0,   0,   0,
      0,   0,   0,   0,   0,   0,   0,   0,   0,   0,   0,   0,   0,   0,   0,   0,   0,   0,   0,   0,
      0,   0,   0,   0,   0,   0,   0,   0,   0,   0,   0,   0,   0,   0,   0,   0,   0,   0,   0,   0,
      0,   0,   0,   0,   0,   0,   0,   0,   0,   0,   0,   0,   0,   0,   0,   0,   0,   0,   0,   0,
      0,   0,   0,   0,   0,   0,   0,   0,   0,   0,   0,   0,   0,   0,   0,   0,   0,   0,   0,   0,
      0,   0,   0,   0,   0,   0,   0,   0,   0,   0,   0,   0,   0,   0,   0,   0,   0,   0,   0,   0,
      0,   0,   0,   0,   0,   0,   0,   0,   0,   0,   0,   0,   0,   0,   0,   0,   0,   0,   0,   0,
      0,   0,   0,   0,   0,   0,   0,   0,   0,   0,   0,   0,   0,   0,   0,   0,   0,   0,   0,   0,
      0,   0,   0,   0,   0,   0,   0,   0,   0,   0,   0,   0,   0,   0,   0,   0,   0,   0,   0,   0,
},

// 'ъ' (U+044A)
{
    104, 255, 255, 255, 255, 255, 255, 255, 255,   8,   0,   0,   0,   0,   0,   0,   0,   0,   0,   0,
    104, 255, 255, 255, 255, 255, 255, 255, 255,   8,   0,   0,   0,   0,   0,   0,   0,   0,   0,   0,
    104, 255, 255, 255, 255, 255, 255, 255, 255,   8,   0,   0,   0,   0,   0,   0,   0,   0,   0,   0,
      0,   0,   0,   0,   0, 144, 255, 255, 255,   8,   0,   0,   0,   0,   0,   0,   0,   0,   0,   0,
      0,   0,   0,   0,   0, 144, 255, 255, 255,   8,   0,   0,   0,   0,   0,   0,   0,   0,   0,   0,
      0,   0,   0,   0,   0, 144, 255, 255, 255,   8,   0,   0,   0,   0,   0,   0,   0,   0,   0,   0,
      0,   0,   0,   0,   0, 144, 255, 255, 255,   8,   0,   0,   0,   0,   0,   0,   0,   0,   0,   0,
      0,   0,   0,   0,   0, 144, 255, 255, 255,   8,   0,   0,   0,   0,   0,   0,   0,   0,   0,   0,
      0,   0,   0,   0,   0, 144, 255, 255, 255,   8,   0,   0,   0,   0,   0,   0,   0,   0,   0,   0,
      0,   0,   0,   0,   0, 144, 255, 255, 255, 255, 255, 255, 255, 255, 249, 235, 205, 157,  78,   6,
      0,   0,   0,   0,   0, 144, 255, 255, 255, 255, 255, 255, 255, 255, 255, 255, 255, 255, 255, 221,
      0,   0,   0,   0,   0, 144, 255, 255, 255, 255, 255, 255, 255, 255, 255, 255, 255, 255, 255, 255,
      0,   0,   0,   0,   0, 144, 255, 255, 255,   8,   0,   0,   0,   0,   8,  37, 101, 217, 255, 255,
      0,   0,   0,   0,   0, 144, 255, 255, 255,   8,   0,   0,   0,   0,   0,   0,   0,  10, 196, 255,
      0,   0,   0,   0,   0, 144, 255, 255, 255,   8,   0,   0,   0,   0,   0,   0,   0,   0,  66, 255,
      0,   0,   0,   0,   0, 144, 255, 255, 255,   8,   0,   0,   0,   0,   0,   0,   0,   0,  30, 255,
      0,   0,   0,   0,   0, 144, 255, 255, 255,   8,   0,   0,   0,   0,   0,   0,   0,   0,  62, 255,
      0,   0,   0,   0,   0, 144, 255, 255, 255,   8,   0,   0,   0,   0,   0,   0,   0,   6, 187, 255,
      0,   0,   0,   0,   0, 144, 255, 255, 255,   8,   0,   0,   0,   0,   6,  33,  93, 207, 255, 255,
      0,   0,   0,   0,   0, 144, 255, 255, 255, 255, 255, 255, 255, 255, 255, 255, 255, 255, 255, 255,
      0,   0,   0,   0,   0, 144, 255, 255, 255, 255, 255, 255, 255, 255, 255, 255, 255, 255, 255, 230,
      0,   0,   0,   0,   0, 144, 255, 255, 255, 255, 255, 255, 255, 255, 250, 237, 209, 162,  88,  10,
      0,   0,   0,   0,   0,   0,   0,   0,   0,   0,   0,   0,   0,   0,   0,   0,   0,   0,   0,   0,
      0,   0,   0,   0,   0,   0,   0,   0,   0,   0,   0,   0,   0,   0,   0,   0,   0,   0,   0,   0,
      0,   0,   0,   0,   0,   0,   0,   0,   0,   0,   0,   0,   0,   0,   0,   0,   0,   0,   0,   0,
      0,   0,   0,   0,   0,   0,   0,   0,   0,   0,   0,   0,   0,   0,   0,   0,   0,   0,   0,   0,
      0,   0,   0,   0,   0,   0,   0,   0,   0,   0,   0,   0,   0,   0,   0,   0,   0,   0,   0,   0,
      0,   0,   0,   0,   0,   0,   0,   0,   0,   0,   0,   0,   0,   0,   0,   0,   0,   0,   0,   0,
      0,   0,   0,   0,   0,   0,   0,   0,   0,   0,   0,   0,   0,   0,   0,   0,   0,   0,   0,   0,
      0,   0,   0,   0,   0,   0,   0,   0,   0,   0,   0,   0,   0,   0,   0,   0,   0,   0,   0,   0,
      0,   0,   0,   0,   0,   0,   0,   0,   0,   0,   0,   0,   0,   0,   0,   0,   0,   0,   0,   0,
      0,   0,   0,   0,   0,   0,   0,   0,   0,   0,   0,   0,   0,   0,   0,   0,   0,   0,   0,   0,
      0,   0,   0,   0,   0,   0,   0,   0,   0,   0,   0,   0,   0,   0,   0,   0,   0,   0,   0,   0,
      0,   0,   0,   0,   0,   0,   0,   0,   0,   0,   0,   0,   0,   0,   0,   0,   0,   0,   0,   0,
      0,   0,   0,   0,   0,   0,   0,   0,   0,   0,   0,   0,   0,   0,   0,   0,   0,   0,   0,   0,
      0,   0,   0,   0,   0,   0,   0,   0,   0,   0,   0,   0,   0,   0,   0,   0,   0,   0,   0,   0,
      0,   0,   0,   0,   0,   0,   0,   0,   0,   0,   0,   0,   0,   0,   0,   0,   0,   0,   0,   0,
      0,   0,   0,   0,   0,   0,   0,   0,   0,   0,   0,   0,   0,   0,   0,   0,   0,   0,   0,   0,
      0,   0,   0,   0,   0,   0,   0,   0,   0,   0,   0,   0,   0,   0,   0,   0,   0,   0,   0,   0,
      0,   0,   0,   0,   0,   0,   0,   0,   0,   0,   0,   0,   0,   0,   0,   0,   0,   0,   0,   0,
},

// 'ы' (U+044B)
{
    248, 255, 255, 152,   0,   0,   0,   0,   0,   0,   0,   0,   0,   0,   0,   0, 140, 255, 255, 255,
    248, 255, 255, 152,   0,   0,   0,   0,   0,   0,   0,   0,   0,   0,   0,   0, 140, 255, 255, 255,
    248, 255, 255, 152,   0,   0,   0,   0,   0,   0,   0,   0,   0,   0,   0,   0, 140, 255, 255, 255,
    248, 255, 255, 152,   0,   0,   0,   0,   0,   0,   0,   0,   0,   0,   0,   0, 140, 255, 255, 255,
    248, 255, 255, 152,   0,   0,   0,   0,   0,   0,   0,   0,   0,   0,   0,   0, 140, 255, 255, 255,
    248, 255, 255, 152,   0,   0,   0,   0,   0,   0,   0,   0,   0,   0,   0,   0, 140, 255, 255, 255,
    248, 255, 255, 152,   0,   0,   0,   0,   0,   0,   0,   0,   0,   0,   0,   0, 140, 255, 255, 255,
    248, 255, 255, 152,   0,   0,   0,   0,   0,   0,   0,   0,   0,   0,   0,   0, 140, 255, 255, 255,
    248, 255, 255, 152,   0,   0,   0,   0,   0,   0,   0,   0,   0,   0,   0,   0, 140, 255, 255, 255,
    248, 255, 255, 255, 255, 253, 240, 219, 175, 109,  23,   0,   0,   0,   0,   0, 140, 255, 255, 255,
    248, 255, 255, 255, 255, 255, 255, 255, 255, 255, 247, 131,   3,   0,   0,   0, 140, 255, 255, 255,
    248, 255, 255, 255, 255, 255, 255, 255, 255, 255, 255, 255, 173,   0,   0,   0, 140, 255, 255, 255,
    248, 255, 255, 152,   0,   4,  24,  74, 174, 255, 255, 255, 255,  96,   0,   0, 140, 255, 255, 255,
    248, 255, 255, 152,   0,   0,   0,   0,   0, 118, 255, 255, 255, 197,   0,   0, 140, 255, 255, 255,
    248, 255, 255, 152,   0,   0,   0,   0,   0,   2, 232, 255, 255, 250,   1,   0, 140, 255, 255, 255,
    248, 255, 255, 152,   0,   0,   0,   0,   0,   0, 198, 255, 255, 255,  13,   0, 140, 255, 255, 255,
    248, 255, 255, 152,   0,   0,   0,   0,   0,   1, 229, 255, 255, 250,   1,   0, 140, 255, 255, 255,
    248, 255, 255, 152,   0,   0,   0,   0,   0, 105, 255, 255, 255, 202,   0,   0, 140, 255, 255, 255,
    248, 255, 255, 152,   0,   3,  20,  68, 162, 254, 255, 255, 255, 105,   0,   0, 140, 255, 255, 255,
    248, 255, 255, 255, 255, 255, 255, 255, 255, 255, 255, 255, 187,   2,   0,   0, 140, 255, 255, 255,
    248, 255, 255, 255, 255, 255, 255, 255, 255, 255, 251, 147,   7,   0,   0,   0, 140, 255, 255, 255,
    248, 255, 255, 255, 255, 253, 242, 222, 179, 117,  31,   0,   0,   0,   0,   0, 140, 255, 255, 255,
      0,   0,   0,   0,   0,   0,   0,   0,   0,   0,   0,   0,   0,   0,   0,   0,   0,   0,   0,   0,
      0,   0,   0,   0,   0,   0,   0,   0,   0,   0,   0,   0,   0,   0,   0,   0,   0,   0,   0,   0,
      0,   0,   0,   0,   0,   0,   0,   0,   0,   0,   0,   0,   0,   0,   0,   0,   0,   0,   0,   0,
      0,   0,   0,   0,   0,   0,   0,   0,   0,   0,   0,   0,   0,   0,   0,   0,   0,   0,   0,   0,
      0,   0,   0,   0,   0,   0,   0,   0,   0,   0,   0,   0,   0,   0,   0,   0,   0,   0,   0,   0,
      0,   0,   0,   0,   0,   0,   0,   0,   0,   0,   0,   0,   0,   0,   0,   0,   0,   0,   0,   0,
      0,   0,   0,   0,   0,   0,   0,   0,   0,   0,   0,   0,   0,   0,   0,   0,   0,   0,   0,   0,
      0,   0,   0,   0,   0,   0,   0,   0,   0,   0,   0,   0,   0,   0,   0,   0,   0,   0,   0,   0,
      0,   0,   0,   0,   0,   0,   0,   0,   0,   0,   0,   0,   0,   0,   0,   0,   0,   0,   0,   0,
      0,   0,   0,   0,   0,   0,   0,   0,   0,   0,   0,   0,   0,   0,   0,   0,   0,   0,   0,   0,
      0,   0,   0,   0,   0,   0,   0,   0,   0,   0,   0,   0,   0,   0,   0,   0,   0,   0,   0,   0,
      0,   0,   0,   0,   0,   0,   0,   0,   0,   0,   0,   0,   0,   0,   0,   0,   0,   0,   0,   0,
      0,   0,   0,   0,   0,   0,   0,   0,   0,   0,   0,   0,   0,   0,   0,   0,   0,   0,   0,   0,
      0,   0,   0,   0,   0,   0,   0,   0,   0,   0,   0,   0,   0,   0,   0,   0,   0,   0,   0,   0,
      0,   0,   0,   0,   0,   0,   0,   0,   0,   0,   0,   0,   0,   0,   0,   0,   0,   0,   0,   0,
      0,   0,   0,   0,   0,   0,   0,   0,   0,   0,   0,   0,   0,   0,   0,   0,   0,   0,   0,   0,
      0,   0,   0,   0,   0,   0,   0,   0,   0,   0,   0,   0,   0,   0,   0,   0,   0,   0,   0,   0,
      0,   0,   0,   0,   0,   0,   0,   0,   0,   0,   0,   0,   0,   0,   0,   0,   0,   0,   0,   0,
},

// 'ь' (U+044C)
{
     48, 255, 255, 255, 104,   0,   0,   0,   0,   0,   0,   0,   0,   0,   0,   0,   0,   0,   0,   0,
     48, 255, 255, 255, 104,   0,   0,   0,   0,   0,   0,   0,   0,   0,   0,   0,   0,   0,   0,   0,
     48, 255, 255, 255, 104,   0,   0,   0,   0,   0,   0,   0,   0,   0,   0,   0,   0,   0,   0,   0,
     48, 255, 255, 255, 104,   0,   0,   0,   0,   0,   0,   0,   0,   0,   0,   0,   0,   0,   0,   0,
     48, 255, 255, 255, 104,   0,   0,   0,   0,   0,   0,   0,   0,   0,   0,   0,   0,   0,   0,   0,
     48, 255, 255, 255, 104,   0,   0,   0,   0,   0,   0,   0,   0,   0,   0,   0,   0,   0,   0,   0,
     48, 255, 255, 255, 104,   0,   0,   0,   0,   0,   0,   0,   0,   0,   0,   0,   0,   0,   0,   0,
     48, 255, 255, 255, 104,   0,   0,   0,   0,   0,   0,   0,   0,   0,   0,   0,   0,   0,   0,   0,
     48, 255, 255, 255, 104,   0,   0,   0,   0,   0,   0,   0,   0,   0,   0,   0,   0,   0,   0,   0,
     48, 255, 255, 255, 255, 255, 255, 255, 255, 253, 240, 220, 176, 110,  24,   0,   0,   0,   0,   0,
     48, 255, 255, 255, 255, 255, 255, 255, 255, 255, 255, 255, 255, 255, 248, 134,   4,   0,   0,   0,
     48, 255, 255, 255, 255, 255, 255, 255, 255, 255, 255, 255, 255, 255, 255, 255, 176,   1,   0,   0,
     48, 255, 255, 255, 104,   0,   0,   0,   0,   3,  19,  64, 154, 253, 255, 255, 255, 100,   0,   0,
     48, 255, 255, 255, 104,   0,   0,   0,   0,   0,   0,   0,   0,  96, 255, 255, 255, 201,   0,   0,
     48, 255, 255, 255, 104,   0,   0,   0,   0,   0,   0,   0,   0,   0, 226, 255, 255, 252,   2,   0,
     48, 255, 255, 255, 104,   0,   0,   0,   0,   0,   0,   0,   0,   0, 194, 255, 255, 255,  17,   0,
     48, 255, 255, 255, 104,   0,   0,   0,   0,   0,   0,   0,   0,   0, 224, 255, 255, 253,   3,   0,
     48, 255, 255, 255, 104,   0,   0,   0,   0,   0,   0,   0,   0,  93, 255, 255, 255, 206,   0,   0,
     48, 255, 255, 255, 104,   0,   0,   0,   0,   3,  18,  62, 151, 252, 255, 255, 255, 109,   0,   0,
     48, 255, 255, 255, 255, 255, 255, 255, 255, 255, 255, 255, 255, 255, 255, 255, 190,   3,   0,   0,
     48, 255, 255, 255, 255, 255, 255, 255, 255, 255, 255, 255, 255, 255, 252, 149,   8,   0,   0,   0,
     48, 255, 255, 255, 255, 255, 255, 255, 255, 253, 242, 223, 181, 119,  32,   0,   0,   0,   0,   0,
      0,   0,   0,   0,   0,   0,   0,   0,   0,   0,   0,   0,   0,   0,   0,   0,   0,   0,   0,   0,
      0,   0,   0,   0,   0,   0,   0,   0,   0,   0,   0,   0,   0,   0,   0,   0,   0,   0,   0,   0,
      0,   0,   0,   0,   0,   0,   0,   0,   0,   0,   0,   0,   0,   0,   0,   0,   0,   0,   0,   0,
      0,   0,   0,   0,   0,   0,   0,   0,   0,   0,   0,   0,   0,   0,   0,   0,   0,   0,   0,   0,
      0,   0,   0,   0,   0,   0,   0,   0,   0,   0,   0,   0,   0,   0,   0,   0,   0,   0,   0,   0,
      0,   0,   0,   0,   0,   0,   0,   0,   0,   0,   0,   0,   0,   0,   0,   0,   0,   0,   0,   0,
      0,   0,   0,   0,   0,   0,   0,   0,   0,   0,   0,   0,   0,   0,   0,   0,   0,   0,   0,   0,
      0,   0,   0,   0,   0,   0,   0,   0,   0,   0,   0,   0,   0,   0,   0,   0,   0,   0,   0,   0,
      0,   0,   0,   0,   0,   0,   0,   0,   0,   0,   0,   0,   0,   0,   0,   0,   0,   0,   0,   0,
      0,   0,   0,   0,   0,   0,   0,   0,   0,   0,   0,   0,   0,   0,   0,   0,   0,   0,   0,   0,
      0,   0,   0,   0,   0,   0,   0,   0,   0,   0,   0,   0,   0,   0,   0,   0,   0,   0,   0,   0,
      0,   0,   0,   0,   0,   0,   0,   0,   0,   0,   0,   0,   0,   0,   0,   0,   0,   0,   0,   0,
      0,   0,   0,   0,   0,   0,   0,   0,   0,   0,   0,   0,   0,   0,   0,   0,   0,   0,   0,   0,
      0,   0,   0,   0,   0,   0,   0,   0,   0,   0,   0,   0,   0,   0,   0,   0,   0,   0,   0,   0,
      0,   0,   0,   0,   0,   0,   0,   0,   0,   0,   0,   0,   0,   0,   0,   0,   0,   0,   0,   0,
      0,   0,   0,   0,   0,   0,   0,   0,   0,   0,   0,   0,   0,   0,   0,   0,   0,   0,   0,   0,
      0,   0,   0,   0,   0,   0,   0,   0,   0,   0,   0,   0,   0,   0,   0,   0,   0,   0,   0,   0,
      0,   0,   0,   0,   0,   0,   0,   0,   0,   0,   0,   0,   0,   0,   0,   0,   0,   0,   0,   0,
},

// 'э' (U+044D)
{
      1,  51, 121, 174, 205, 226, 246, 243, 223, 191, 124,  46,   0,   0,   0,   0,   0,   0,   0,   0,
     48, 255, 255, 255, 255, 255, 255, 255, 255, 255, 255, 255, 175,  37,   0,   0,   0,   0,   0,   0,
     48, 255, 255, 255, 255, 255, 255, 255, 255, 255, 255, 255, 255, 239,  67,   0,   0,   0,   0,   0,
     48, 255, 238, 142,  71,  26,   7,  12,  39, 102, 209, 255, 255, 255, 249,  53,   0,   0,   0,   0,
     45, 144,  12,   0,   0,   0,   0,   0,   0,   0,   2, 127, 255, 255, 255, 222,  13,   0,   0,   0,
      0,   0,   0,   0,   0,   0,   0,   0,   0,   0,   0,   0, 137, 255, 255, 255, 117,   0,   0,   0,
      0,   0,   0,   0,   0,   0,   0,   0,   0,   0,   0,   0,   8, 229, 255, 255, 228,   3,   0,   0,
      0,   0,   0,   0,   0,   0,   0,   0,   0,   0,   0,   0,   0, 137, 255, 255, 255,  49,   0,   0,
      0,   0,   0,   0,   0,   0,   0,   0,   0,   0,   0,   0,   0,  74, 255, 255, 255, 110,   0,   0,
      0,   0,   0, 172, 255, 255, 255, 255, 255, 255, 255, 255, 255, 255, 255, 255, 255, 147,   0,   0,
      0,   0,   0, 172, 255, 255, 255, 255, 255, 255, 255, 255, 255, 255, 255, 255, 255, 165,   0,   0,
      0,   0,   0, 172, 255, 255, 255, 255, 255, 255, 255, 255, 255, 255, 255, 255, 255, 179,   0,   0,
      0,   0,   0,   0,   0,   0,   0,   0,   0,   0,   0,   0,   0,  34, 255, 255, 255, 165,   0,   0,
      0,   0,   0,   0,   0,   0,   0,   0,   0,   0,   0,   0,   0,  61, 255, 255, 255, 147,   0,   0,
      0,   0,   0,   0,   0,   0,   0,   0,   0,   0,   0,   0,   0, 114, 255, 255, 255, 109,   0,   0,
      0,   0,   0,   0,   0,   0,   0,   0,   0,   0,   0,   0,   0, 187, 255, 255, 255,  48,   0,   0,
      0,   0,   0,   0,   0,   0,   0,   0,   0,   0,   0,   0,  42, 254, 255, 255, 228,   2,   0,   0,
      0,   0,   0,   0,   0,   0,   0,   0,   0,   0,   0,   5, 195, 255, 255, 255, 116,   0,   0,   0,
     44, 136,   8,   0,   0,   0,   0,   0,   0,   0,  12, 175, 255, 255, 255, 222,  13,   0,   0,   0,
     48, 255, 234, 135,  68,  25,   7,  13,  43, 116, 228, 255, 255, 255, 249,  53,   0,   0,   0,   0,
     48, 255, 255, 255, 255, 255, 255, 255, 255, 255, 255, 255, 255, 240,  67,   0,   0,   0,   0,   0,
     48, 255, 255, 255, 255, 255, 255, 255, 255, 255, 255, 255, 178,  38,   0,   0,   0,   0,   0,   0,
      1,  45, 109, 173, 207, 227, 247, 245, 225, 193, 126,  47,   0,   0,   0,   0,   0,   0,   0,   0,
      0,   0,   0,   0,   0,   0,   0,   0,   0,   0,   0,   0,   0,   0,   0,   0,   0,   0,   0,   0,
      0,   0,   0,   0,   0,   0,   0,   0,   0,   0,   0,   0,   0,   0,   0,   0,   0,   0,   0,   0,
      0,   0,   0,   0,   0,   0,   0,   0,   0,   0,   0,   0,   0,   0,   0,   0,   0,   0,   0,   0,
      0,   0,   0,   0,   0,   0,   0,   0,   0,   0,   0,   0,   0,   0,   0,   0,   0,   0,   0,   0,
      0,   0,   0,   0,   0,   0,   0,   0,   0,   0,   0,   0,   0,   0,   0,   0,   0,   0,   0,   0,
      0,   0,   0,   0,   0,   0,   0,   0,   0,   0,   0,   0,   0,   0,   0,   0,   0,   0,   0,   0,
      0,   0,   0,   0,   0,   0,   0,   0,   0,   0,   0,   0,   0,   0,   0,   0,   0,   0,   0,   0,
      0,   0,   0,   0,   0,   0,   0,   0,   0,   0,   0,   0,   0,   0,   0,   0,   0,   0,   0,   0,
      0,   0,   0,   0,   0,   0,   0,   0,   0,   0,   0,   0,   0,   0,   0,   0,   0,   0,   0,   0,
      0,   0,   0,   0,   0,   0,   0,   0,   0,   0,   0,   0,   0,   0,   0,   0,   0,   0,   0,   0,
      0,   0,   0,   0,   0,   0,   0,   0,   0,   0,   0,   0,   0,   0,   0,   0,   0,   0,   0,   0,
      0,   0,   0,   0,   0,   0,   0,   0,   0,   0,   0,   0,   0,   0,   0,   0,   0,   0,   0,   0,
      0,   0,   0,   0,   0,   0,   0,   0,   0,   0,   0,   0,   0,   0,   0,   0,   0,   0,   0,   0,
      0,   0,   0,   0,   0,   0,   0,   0,   0,   0,   0,   0,   0,   0,   0,   0,   0,   0,   0,   0,
      0,   0,   0,   0,   0,   0,   0,   0,   0,   0,   0,   0,   0,   0,   0,   0,   0,   0,   0,   0,
      0,   0,   0,   0,   0,   0,   0,   0,   0,   0,   0,   0,   0,   0,   0,   0,   0,   0,   0,   0,
      0,   0,   0,   0,   0,   0,   0,   0,   0,   0,   0,   0,   0,   0,   0,   0,   0,   0,   0,   0,
},

// 'ю' (U+044E)
{
      0,   0,   0,   0,   0,   0,   0,   0,   0,   0,   0,  75, 176, 231, 247, 220, 146,  34,   0,   0,
    120, 255, 255, 255,  32,   0,   0,   0,   0,   6, 166, 255, 255, 255, 255, 255, 255, 243,  86,   0,
    120, 255, 255, 255,  32,   0,   0,   0,   0, 172, 255, 255, 255, 255, 255, 255, 255, 255, 252,  78,
    120, 255, 255, 255,  32,   0,   0,   0,  89, 255, 255, 255, 232,  66,  14, 109, 253, 255, 255, 237,
    120, 255, 255, 255,  32,   0,   0,   0, 214, 255, 255, 255,  64,   0,   0,   0, 126, 255, 255, 255,
    120, 255, 255, 255,  32,   0,   0,  52, 255, 255, 255, 182,   0,   0,   0,   0,   7, 236, 255, 255,
    120, 255, 255, 255,  32,   0,   0, 123, 255, 255, 255,  85,   0,   0,   0,   0,   0, 149, 255, 255,
    120, 255, 255, 255,  32,   0,   0, 176, 255, 255, 254,  18,   0,   0,   0,   0,   0,  85, 255, 255,
    120, 255, 255, 255,  32,   0,   0, 221, 255, 255, 222,   0,   0,   0,   0,   0,   0,  45, 255, 255,
    120, 255, 255, 255,  32,   0,   0, 246, 255, 255, 190,   0,   0,   0,   0,   0,   0,  17, 255, 255,
    120, 255, 255, 255,  32,   0,  16, 255, 255, 255, 174,   0,   0,   0,   0,   0,   0,   7, 255, 255,
    120, 255, 255, 255, 255, 255, 255, 255, 255, 255, 166,   0,   0,   0,   0,   0,   0,   3, 255, 255,
    120, 255, 255, 255, 255, 255, 255, 255, 255, 255, 171,   0,   0,   0,   0,   0,   0,  12, 255, 255,
    120, 255, 255, 255, 255, 255, 255, 255, 255, 255, 184,   0,   0,   0,   0,   0,   0,  29, 255, 255,
    120, 255, 255, 255,  32,   0,  10, 254, 255, 255, 212,   0,   0,   0,   0,   0,   0,  57, 255, 255,
    120, 255, 255, 255,  32,   0,   0, 225, 255, 255, 249,   7,   0,   0,   0,   0,   0, 104, 255, 255,
    120, 255, 255, 255,  32,   0,   0, 160, 255, 255, 255,  62,   0,   0,   0,   0,   0, 166, 255, 255,
    120, 255, 255, 255,  32,   0,   0,  75, 255, 255, 255, 153,   0,   0,   0,   0,  11, 241, 255, 255,
    120, 255, 255, 255,  32,   0,   0,   1, 214, 255, 255, 248,  36,   0,   0,   0, 123, 255, 255, 255,
    120, 255, 255, 255,  32,   0,   0,   0,  69, 255, 255, 255, 217,  56,  12,  98, 251, 255, 255, 239,
    120, 255, 255, 255,  32,   0,   0,   0,   0, 140, 255, 255, 255, 255, 255, 255, 255, 255, 252,  82,
    120, 255, 255, 255,  32,   0,   0,   0,   0,   1, 145, 255, 255, 255, 255, 255, 255, 241,  84,   0,
    120, 255, 255, 255,  32,   0,   0,   0,   0,   0,   0,  66, 176, 232, 247, 218, 141,  29,   0,   0,
      0,   0,   0,   0,   0,   0,   0,   0,   0,   0,   0,   0,   0,   0,   0,   0,   0,   0,   0,   0,
      0,   0,   0,   0,   0,   0,   0,   0,   0,   0,   0,   0,   0,   0,   0,   0,   0,   0,   0,   0,
      0,   0,   0,   0,   0,   0,   0,   0,   0,   0,   0,   0,   0,   0,   0,   0,   0,   0,   0,   0,
      0,   0,   0,   0,   0,   0,   0,   0,   0,   0,   0,   0,   0,   0,   0,   0,   0,   0,   0,   0,
      0,   0,   0,   0,   0,   0,   0,   0,   0,   0,   0,   0,   0,   0,   0,   0,   0,   0,   0,   0,
      0,   0,   0,   0,   0,   0,   0,   0,   0,   0,   0,   0,   0,   0,   0,   0,   0,   0,   0,   0,
      0,   0,   0,   0,   0,   0,   0,   0,   0,   0,   0,   0,   0,   0,   0,   0,   0,   0,   0,   0,
      0,   0,   0,   0,   0,   0,   0,   0,   0,   0,   0,   0,   0,   0,   0,   0,   0,   0,   0,   0,
      0,   0,   0,   0,   0,   0,   0,   0,   0,   0,   0,   0,   0,   0,   0,   0,   0,   0,   0,   0,
      0,   0,   0,   0,   0,   0,   0,   0,   0,   0,   0,   0,   0,   0,   0,   0,   0,   0,   0,   0,
      0,   0,   0,   0,   0,   0,   0,   0,   0,   0,   0,   0,   0,   0,   0,   0,   0,   0,   0,   0,
      0,   0,   0,   0,   0,   0,   0,   0,   0,   0,   0,   0,   0,   0,   0,   0,   0,   0,   0,   0,
      0,   0,   0,   0,   0,   0,   0,   0,   0,   0,   0,   0,   0,   0,   0,   0,   0,   0,   0,   0,
      0,   0,   0,   0,   0,   0,   0,   0,   0,   0,   0,   0,   0,   0,   0,   0,   0,   0,   0,   0,
      0,   0,   0,   0,   0,   0,   0,   0,   0,   0,   0,   0,   0,   0,   0,   0,   0,   0,   0,   0,
      0,   0,   0,   0,   0,   0,   0,   0,   0,   0,   0,   0,   0,   0,   0,   0,   0,   0,   0,   0,
      0,   0,   0,   0,   0,   0,   0,   0,   0,   0,   0,   0,   0,   0,   0,   0,   0,   0,   0,   0,
},

// 'я' (U+044F)
{
      0,   0,   0,   0,  37, 135, 201, 239, 254, 255, 255, 255, 255, 255, 255, 255,  56,   0,   0,   0,
      0,   0,   3, 140, 251, 255, 255, 255, 255, 255, 255, 255, 255, 255, 255, 255,  56,   0,   0,   0,
      0,   0, 157, 255, 255, 255, 255, 255, 255, 255, 255, 255, 255, 255, 255, 255,  56,   0,   0,   0,
      0,  55, 255, 255, 255, 251, 138,  34,   0,   0,   0,   0,  96, 255, 255, 255,  56,   0,   0,   0,
      0, 140, 255, 255, 255, 104,   0,   0,   0,   0,   0,   0,  96, 255, 255, 255,  56,   0,   0,   0,
      0, 179, 255, 255, 248,   7,   0,   0,   0,   0,   0,   0,  96, 255, 255, 255,  56,   0,   0,   0,
      0, 190, 255, 255, 228,   0,   0,   0,   0,   0,   0,   0,  96, 255, 255, 255,  56,   0,   0,   0,
      0, 174, 255, 255, 247,   6,   0,   0,   0,   0,   0,   0,  96, 255, 255, 255,  56,   0,   0,   0,
      0, 125, 255, 255, 255, 100,   0,   0,   0,   0,   0,   0,  96, 255, 255, 255,  56,   0,   0,   0,
      0,  35, 251, 255, 255, 250, 134,  32,   0,   0,   0,   0,  96, 255, 255, 255,  56,   0,   0,   0,
      0,   0, 107, 254, 255, 255, 255, 255, 255, 255, 255, 255, 255, 255, 255, 255,  56,   0,   0,   0,
      0,   0,   0,  66, 226, 255, 255, 255, 255, 255, 255, 255, 255, 255, 255, 255,  56,   0,   0,   0,
      0,   0,   0,   0,   9, 175, 255, 255, 255, 255, 255, 255, 255, 255, 255, 255,  56,   0,   0,   0,
      0,   0,   0,   0,  12, 232, 255, 255, 147,   0,   0,   0,  96, 255, 255, 255,  56,   0,   0,   0,
      0,   0,   0,   0, 133, 255, 255, 240,  20,   0,   0,   0,  96, 255, 255, 255,  56,   0,   0,   0,
      0,   0,   0,  29, 246, 255, 255, 116,   0,   0,   0,   0,  96, 255, 255, 255,  56,   0,   0,   0,
      0,   0,   0, 164, 255, 255, 222,   7,   0,   0,   0,   0,  96, 255, 255, 255,  56,   0,   0,   0,
      0,   0,  52, 254, 255, 255,  85,   0,   0,   0,   0,   0,  96, 255, 255, 255,  56,   0,   0,   0,
      0,   0, 193, 255, 255, 197,   0,   0,   0,   0,   0,   0,  96, 255, 255, 255,  56,   0,   0,   0,
      0,  82, 255, 255, 255,  55,   0,   0,   0,   0,   0,   0,  96, 255, 255, 255,  56,   0,   0,   0,
      5, 219, 255, 255, 167,   0,   0,   0,   0,   0,   0,   0,  96, 255, 255, 255,  56,   0,   0,   0,
    112, 255, 255, 248,  31,   0,   0,   0,   0,   0,   0,   0,  96, 255, 255, 255,  56,   0,   0,   0,
      0,   0,   0,   0,   0,   0,   0,   0,   0,   0,   0,   0,   0,   0,   0,   0,   0,   0,   0,   0,
      0,   0,   0,   0,   0,   0,   0,   0,   0,   0,   0,   0,   0,   0,   0,   0,   0,   0,   0,   0,
      0,   0,   0,   0,   0,   0,   0,   0,   0,   0,   0,   0,   0,   0,   0,   0,   0,   0,   0,   0,
      0,   0,   0,   0,   0,   0,   0,   0,   0,   0,   0,   0,   0,   0,   0,   0,   0,   0,   0,   0,
      0,   0,   0,   0,   0,   0,   0,   0,   0,   0,   0,   0,   0,   0,   0,   0,   0,   0,   0,   0,
      0,   0,   0,   0,   0,   0,   0,   0,   0,   0,   0,   0,   0,   0,   0,   0,   0,   0,   0,   0,
      0,   0,   0,   0,   0,   0,   0,   0,   0,   0,   0,   0,   0,   0,   0,   0,   0,   0,   0,   0,
      0,   0,   0,   0,   0,   0,   0,   0,   0,   0,   0,   0,   0,   0,   0,   0,   0,   0,   0,   0,
      0,   0,   0,   0,   0,   0,   0,   0,   0,   0,   0,   0,   0,   0,   0,   0,   0,   0,   0,   0,
      0,   0,   0,   0,   0,   0,   0,   0,   0,   0,   0,   0,   0,   0,   0,   0,   0,   0,   0,   0,
      0,   0,   0,   0,   0,   0,   0,   0,   0,   0,   0,   0,   0,   0,   0,   0,   0,   0,   0,   0,
      0,   0,   0,   0,   0,   0,   0,   0,   0,   0,   0,   0,   0,   0,   0,   0,   0,   0,   0,   0,
      0,   0,   0,   0,   0,   0,   0,   0,   0,   0,   0,   0,   0,   0,   0,   0,   0,   0,   0,   0,
      0,   0,   0,   0,   0,   0,   0,   0,   0,   0,   0,   0,   0,   0,   0,   0,   0,   0,   0,   0,
      0,   0,   0,   0,   0,   0,   0,   0,   0,   0,   0,   0,   0,   0,   0,   0,   0,   0,   0,   0,
      0,   0,   0,   0,   0,   0,   0,   0,   0,   0,   0,   0,   0,   0,   0,   0,   0,   0,   0,   0,
      0,   0,   0,   0,   0,   0,   0,   0,   0,   0,   0,   0,   0,   0,   0,   0,   0,   0,   0,   0,
      0,   0,   0,   0,   0,   0,   0,   0,   0,   0,   0,   0,   0,   0,   0,   0,   0,   0,   0,   0,
},

